rainfall_mm,soil_saturation,river_level_m,elevation_m,drainage_quality,flood_risk
107.7,48.0,2.16,104.3,4,Medium
67.3,46.2,0.79,64.6,4,Low
62.2,0.0,2.62,461.7,5,Low
62.2,18.0,6.19,111.1,2,Medium
209.2,40.7,5.25,126.7,0,High
129.0,21.1,6.67,249.2,3,Medium
50.9,67.5,3.86,65.5,3,High
111.1,59.2,3.26,194.4,9,Medium
90.0,57.9,1.2,206.1,1,Medium
9.7,0.0,3.49,176.9,7,Low
30.2,38.4,2.77,402.6,5,Low
94.8,34.7,4.4,61.5,2,Medium
196.4,29.0,0.98,319.1,0,Medium
62.6,40.9,3.09,201.9,10,Low
47.6,25.2,0.17,250.0,2,Low
81.6,54.7,3.61,187.5,7,Medium
45.2,66.9,4.22,356.6,3,High
59.3,65.0,0.08,114.8,2,Medium
74.2,47.0,0.59,204.7,10,Low
28.8,94.0,0.67,293.6,3,High
133.7,75.1,2.68,88.5,10,High
24.1,47.8,0.48,260.0,3,Medium
21.3,39.4,5.48,147.9,1,Medium
87.0,79.4,3.79,14.2,3,High
126.6,72.2,4.08,0.0,10,High
85.4,19.0,0.14,140.0,8,Low
68.5,73.9,5.33,259.0,3,High
58.8,46.6,4.17,0.0,0,High
51.3,31.1,1.77,172.0,0,Medium
154.7,6.5,0.22,248.2,0,Low
95.4,44.1,2.86,9.4,4,High
54.8,49.7,2.16,80.3,5,Medium
42.1,84.9,2.24,213.0,5,High
116.4,71.1,1.73,243.3,5,Medium
152.3,37.2,4.3,326.5,8,Low
143.2,58.6,0.0,85.5,0,High
36.0,68.2,5.57,60.3,9,High
58.4,51.9,4.8,331.8,5,High
50.5,37.1,3.38,67.0,7,Medium
64.7,38.3,2.74,205.8,7,Low
132.8,58.5,4.95,390.1,2,High
184.6,59.1,2.92,232.8,4,High
98.0,43.6,2.5,236.2,9,Medium
43.4,0.0,5.05,290.6,3,Low
72.9,21.6,6.77,207.7,0,Medium
207.6,63.6,1.25,236.7,8,Medium
80.2,3.1,3.76,112.3,4,Low
58.9,76.1,1.04,277.6,1,Medium
62.9,72.8,3.9,195.5,1,Medium
97.7,50.9,1.6,0.0,10,Medium
37.2,63.2,5.18,176.7,6,Medium
49.5,61.6,2.82,0.0,3,High
141.7,47.4,3.08,228.5,0,High
95.8,19.8,5.94,124.3,4,High
80.8,71.3,1.68,359.6,1,Medium
146.5,81.0,4.23,203.9,6,High
41.2,23.4,1.86,251.7,8,Low
57.5,19.0,5.15,34.6,0,High
93.6,47.0,6.22,225.3,1,High
91.2,36.2,2.53,79.5,10,Low
19.2,53.2,0.0,270.0,5,Low
53.1,76.6,1.76,27.0,7,Medium
66.0,0.6,7.38,162.1,6,Low
101.0,84.8,1.93,22.6,8,High
91.0,41.1,6.19,163.8,1,High
70.8,61.3,1.91,372.5,8,Low
9.6,63.6,1.86,229.3,3,Low
73.5,66.2,4.4,146.4,10,Medium
78.6,51.4,4.19,0.0,2,High
328.4,56.5,4.53,91.1,6,High
64.4,56.4,3.01,202.2,4,Medium
93.9,36.1,4.86,93.8,4,High
162.9,11.3,4.73,307.0,1,Low
127.7,23.2,5.07,157.9,5,Medium
189.6,47.7,1.88,268.6,5,Low
19.5,32.7,4.86,172.5,3,Medium
30.9,32.7,2.06,119.6,4,Low
46.7,89.6,2.72,98.2,6,High
16.2,68.9,2.68,38.7,7,Low
79.1,44.5,1.2,270.6,5,Low
33.3,64.8,0.0,102.9,4,Medium
205.9,40.8,5.2,207.5,2,High
38.1,52.4,1.74,92.2,6,Low
57.8,59.7,2.51,30.9,7,High
132.9,40.8,1.68,211.1,2,Low
23.8,34.9,2.54,67.9,4,Low
15.0,76.9,2.09,105.9,10,Medium
86.2,63.5,5.3,12.6,1,High
91.1,0.4,1.94,95.8,9,Low
130.2,35.3,6.09,152.7,9,Medium
109.6,32.8,5.05,118.4,3,Medium
93.6,36.3,2.15,240.0,3,Medium
42.0,69.0,3.58,166.0,7,Low
89.3,50.4,3.93,489.6,2,Low
93.3,19.4,4.51,196.7,4,Low
40.7,41.6,4.69,0.0,10,Medium
244.0,61.9,3.34,126.6,4,High
106.0,45.2,1.28,136.1,1,High
31.4,35.8,4.15,82.5,8,Medium
130.6,57.3,2.57,158.0,3,High
146.0,85.6,0.0,79.2,8,High
101.6,60.2,3.7,186.6,8,Medium
61.6,78.6,1.68,0.0,1,High
39.2,37.3,2.17,275.9,8,Low
70.6,49.8,3.01,0.0,8,Low
96.6,49.4,0.2,121.0,1,Medium
75.8,52.6,3.25,69.4,10,Low
195.1,59.7,2.43,183.7,5,Medium
117.5,29.8,1.42,129.8,8,Low
35.4,64.2,3.08,177.7,3,Medium
28.4,14.2,0.0,272.2,1,Low
106.7,20.6,3.14,234.5,6,Low
62.8,97.0,3.85,154.0,8,High
124.6,38.8,3.55,200.5,5,Low
106.0,66.0,4.42,365.6,10,Medium
70.8,87.4,5.1,238.5,10,High
35.8,0.0,2.85,117.7,3,Low
16.9,74.8,4.97,290.6,0,High
88.1,64.3,2.85,193.0,3,High
23.4,86.1,1.74,44.1,2,High
34.5,24.0,2.29,130.1,6,Low
84.3,81.9,3.48,0.0,10,High
78.4,33.7,4.95,0.0,10,Medium
26.3,73.2,3.0,45.6,9,Low
157.2,49.2,1.79,163.5,4,Medium
154.4,67.0,5.6,163.8,2,High
109.1,51.1,0.42,0.0,1,Medium
109.0,9.5,1.8,0.0,1,Low
109.1,0.0,4.61,311.8,4,Low
145.2,54.6,6.18,160.5,7,High
119.6,44.2,3.87,321.1,7,Medium
38.5,58.8,3.45,314.8,4,Medium
62.1,44.5,2.48,230.8,1,Medium
305.8,94.4,3.99,156.5,3,High
10.4,55.1,3.23,106.3,6,Low
50.8,40.2,1.64,229.0,5,Low
157.7,57.4,2.44,132.4,9,Medium
40.6,40.6,1.44,85.1,6,Low
121.8,52.0,3.02,0.0,4,High
77.7,23.2,3.29,140.9,1,Medium
43.2,49.8,5.94,270.6,7,Medium
8.1,39.5,1.92,288.5,1,Low
86.4,25.3,2.67,155.9,7,Low
37.7,93.5,5.27,52.2,6,High
68.5,26.2,6.25,249.3,2,Medium
108.3,50.2,3.85,148.3,3,High
137.4,32.3,2.54,109.8,6,Medium
50.7,56.5,2.15,0.0,3,Low
43.1,22.0,0.0,381.4,8,Low
23.0,68.5,1.33,231.2,6,Medium
142.0,94.8,3.18,243.1,0,High
278.2,31.5,2.67,55.1,0,High
152.4,76.8,4.12,158.8,3,High
175.3,41.6,2.65,141.0,8,Medium
40.9,83.1,1.69,236.0,3,Medium
103.9,98.1,3.61,299.6,4,High
129.6,44.9,7.51,0.0,0,High
29.8,16.6,2.43,31.8,1,Medium
215.4,70.9,3.25,221.0,10,High
18.8,54.9,4.52,94.1,3,Medium
193.8,61.0,1.97,239.6,3,High
18.7,42.5,5.29,109.0,10,Low
31.2,30.5,0.16,12.6,9,Low
105.2,75.5,2.27,0.0,5,High
79.1,57.0,2.44,203.3,5,Medium
54.8,18.2,3.27,206.0,7,Low
210.0,65.1,0.0,256.7,8,Medium
23.6,60.7,5.43,186.1,0,High
66.5,42.8,3.75,0.0,0,Medium
114.6,85.6,5.02,205.4,5,High
92.5,36.4,5.9,0.0,3,High
44.3,46.3,1.67,0.0,10,Low
45.7,66.9,0.0,0.0,3,Low
136.0,51.7,5.06,0.0,0,High
140.3,19.5,2.48,180.7,8,Low
94.3,54.0,0.96,69.6,10,Low
36.4,40.9,4.04,0.0,2,High
46.9,68.9,7.43,152.5,4,High
73.8,53.3,2.8,28.3,9,Medium
82.0,52.1,4.71,257.9,0,High
111.5,26.9,1.22,309.5,7,Low
63.9,44.9,0.0,126.1,2,Low
133.9,71.3,4.65,301.5,0,High
132.9,32.9,3.98,301.3,9,Medium
179.3,49.3,2.16,159.3,5,Medium
76.2,29.4,6.07,340.7,0,High
95.5,24.0,0.0,81.6,2,Low
67.7,48.1,0.79,0.0,4,Medium
36.8,53.8,2.02,0.0,3,Medium
274.1,93.9,2.36,76.6,6,High
164.4,40.0,5.64,208.8,5,Medium
131.0,48.9,3.09,23.0,2,High
74.3,22.5,2.65,75.7,10,Low
34.0,63.5,0.71,12.6,7,Low
147.1,58.8,4.96,78.2,7,High
66.8,82.7,0.95,297.7,1,High
101.6,74.5,0.71,189.3,6,Medium
46.8,57.7,2.28,86.5,0,High
90.2,39.7,3.29,284.3,1,Medium
49.2,54.5,1.7,152.8,7,Low
50.8,47.6,4.27,164.7,0,High
89.3,71.0,2.49,275.7,1,Medium
18.4,68.2,4.89,112.3,0,Medium
19.3,43.5,3.91,250.8,4,Low
40.5,17.8,6.22,242.9,6,Medium
63.3,79.3,2.2,134.0,5,High
136.7,62.8,4.52,0.0,5,High
66.1,43.0,0.0,151.4,5,Low
73.9,61.9,8.2,275.1,7,High
59.4,51.6,4.43,240.2,4,High
95.4,79.0,2.47,338.1,9,Medium
36.5,7.5,2.53,96.1,6,Low
68.9,41.3,2.56,235.7,2,Low
100.8,85.2,6.31,39.3,8,High
88.8,62.4,4.62,172.2,9,High
75.7,89.0,2.2,271.6,2,High
76.4,23.1,0.77,249.7,5,Low
107.8,73.6,5.15,161.3,2,High
282.5,72.3,4.51,120.5,0,High
38.7,13.0,4.27,40.6,0,Medium
287.7,43.5,2.85,125.2,2,High
37.2,47.7,2.46,5.9,3,Medium
6.9,14.4,6.03,112.2,1,Medium
48.4,44.0,6.2,0.0,8,High
96.7,69.2,4.15,4.9,10,Medium
245.3,41.4,4.75,243.8,7,High
34.0,55.3,3.42,231.6,2,Low
107.4,55.5,0.53,118.2,6,Low
21.5,49.7,1.24,157.1,3,Low
239.6,34.5,5.06,171.9,4,Medium
166.5,64.5,5.29,200.6,3,High
50.9,15.1,4.9,188.9,8,Low
184.4,50.2,3.62,3.0,10,High
68.5,80.5,4.96,0.0,6,High
172.3,40.2,2.9,38.1,3,High
75.3,34.0,4.12,133.0,7,High
77.8,66.0,2.63,255.6,1,Medium
51.8,53.6,1.1,175.8,6,Low
117.3,66.4,4.56,208.8,10,Low
82.2,50.8,5.3,51.3,0,High
109.0,0.0,7.45,142.2,7,Low
16.5,76.0,3.48,157.2,5,Medium
176.4,95.5,1.11,66.9,4,High
206.0,78.2,2.41,32.3,8,High
81.9,0.0,2.76,125.1,8,Low
269.7,59.9,3.27,222.7,2,High
230.2,39.7,3.85,50.5,8,High
119.1,26.1,3.65,127.1,8,Low
185.9,52.7,4.4,299.0,1,High
154.8,46.7,3.36,92.9,4,Medium
12.2,61.2,0.0,150.8,10,Low
60.4,51.2,3.41,138.4,1,High
124.9,25.3,3.16,129.3,0,High
215.0,37.3,3.99,333.5,6,Medium
20.0,33.8,2.35,183.6,3,Low
13.2,12.2,3.4,0.0,4,Low
71.8,19.8,4.0,318.1,3,Low
7.6,45.4,2.71,180.2,5,Low
69.9,81.3,4.22,108.9,10,High
98.4,38.2,3.13,298.4,1,Low
32.6,33.3,3.28,64.3,7,Low
71.4,24.0,0.0,338.7,3,Low
145.3,50.7,0.94,160.3,7,Medium
48.2,75.9,0.95,260.6,2,Medium
37.7,94.1,3.39,487.4,10,Medium
69.0,56.3,5.29,169.8,4,High
29.5,53.1,2.79,139.3,2,Medium
256.8,38.0,4.53,32.6,6,High
77.1,41.7,4.17,136.7,2,High
41.3,63.8,3.25,36.0,7,Medium
88.1,43.1,4.03,129.4,8,Medium
68.7,46.4,3.44,468.4,1,Low
62.9,49.4,2.74,163.2,2,High
48.2,37.0,3.7,89.1,6,Medium
46.3,48.4,5.6,126.9,4,Medium
16.9,5.6,3.85,104.7,9,Low
185.7,62.1,3.39,265.3,6,High
113.7,100.0,1.42,140.1,1,High
94.6,37.9,5.55,327.0,3,Medium
67.8,58.2,0.47,115.2,0,Medium
32.1,68.7,0.0,122.3,4,Low
39.1,78.2,3.67,51.4,7,High
19.0,44.2,1.41,107.8,0,Low
43.4,10.3,4.96,0.0,6,Low
28.1,55.9,0.0,0.0,6,Medium
221.9,52.8,4.73,218.7,6,High
138.8,42.4,4.48,0.0,0,High
79.6,47.1,3.21,194.7,10,Medium
35.3,53.2,0.0,94.9,2,High
29.4,58.0,0.0,253.3,10,Low
64.5,57.0,3.43,0.0,1,High
142.7,45.2,2.58,215.8,4,Low
19.6,58.5,4.31,186.5,1,Medium
112.7,43.7,2.88,189.9,4,High
43.2,64.1,2.72,273.6,4,Medium
50.1,36.2,0.0,157.7,3,Low
77.9,51.6,4.48,0.0,10,Medium
36.3,14.3,1.83,199.4,6,Low
62.0,41.9,2.28,185.2,9,Low
33.7,62.5,1.07,123.1,5,Medium
46.2,27.3,0.23,57.4,1,Low
128.0,43.0,5.65,110.3,3,High
80.9,0.0,4.43,310.4,10,Low
127.7,19.9,4.46,48.8,6,Medium
42.7,25.7,2.61,0.0,8,Low
113.3,52.2,0.0,0.0,8,Low
14.6,57.3,6.78,146.1,2,Medium
77.8,48.8,3.76,333.8,0,Low
118.6,41.6,3.25,392.5,8,Low
14.0,41.7,2.35,221.5,7,Low
43.1,65.8,0.0,42.1,6,Low
77.8,54.7,5.05,53.7,5,High
150.0,42.7,1.1,246.3,9,Low
46.2,78.5,3.98,296.5,6,Medium
110.2,92.9,4.39,79.4,10,High
193.8,22.6,3.6,306.7,8,Low
113.8,61.5,3.85,124.7,5,High
63.8,100.0,5.42,228.6,9,High
98.7,56.2,1.57,276.0,2,Medium
45.1,52.5,3.3,0.0,2,High
80.1,48.8,2.59,199.7,3,Medium
66.3,60.8,0.0,307.2,9,Low
96.4,66.6,3.52,88.3,9,Medium
53.5,22.6,5.25,33.8,7,Medium
100.3,49.4,5.48,204.4,9,Medium
53.1,0.1,6.34,164.7,8,Low
137.8,45.4,0.0,114.0,7,Low
57.6,30.1,5.93,149.8,10,Low
8.0,57.5,3.33,0.0,9,High
30.4,13.6,5.88,194.5,1,Low
76.1,38.7,2.29,325.2,3,Low
220.6,71.3,2.04,71.4,3,High
134.2,35.1,0.81,58.9,1,Medium
5.9,8.1,4.4,169.0,7,Low
17.7,55.7,3.93,463.0,2,Low
163.0,37.1,0.99,271.0,1,Medium
118.1,45.9,0.0,139.6,6,Medium
299.4,33.9,3.75,154.4,0,High
51.4,93.4,3.95,281.9,5,High
35.7,15.7,1.22,50.0,2,Low
79.2,100.0,0.86,217.3,2,High
50.5,41.4,4.18,27.1,4,Medium
152.9,54.0,6.34,251.7,2,High
49.1,37.4,2.11,117.7,3,Medium
60.4,36.4,1.42,172.1,2,Low
31.3,32.7,3.54,110.5,6,Low
128.1,63.2,4.14,226.9,2,High
33.2,19.0,2.34,130.8,9,Low
101.7,58.0,6.65,387.4,3,High
245.4,1.9,4.62,306.1,1,Medium
11.9,56.0,2.31,6.5,1,Medium
199.8,68.7,0.13,171.1,8,Medium
92.5,22.0,5.37,230.9,10,Medium
26.8,64.9,5.15,99.6,0,High
81.5,51.1,2.46,283.4,0,Medium
125.6,85.2,3.63,270.4,9,High
37.8,31.2,2.73,140.8,0,Low
105.9,100.0,3.94,257.9,2,High
210.9,0.0,1.16,0.0,1,Medium
49.0,42.8,0.9,299.3,2,Low
30.9,12.6,4.46,247.5,4,Low
67.9,90.7,4.69,30.4,8,High
78.3,44.2,2.12,177.7,1,Low
158.2,46.2,1.65,0.0,10,Low
66.2,59.8,5.07,66.0,0,High
52.8,49.9,1.71,270.5,10,Low
30.2,36.9,3.1,148.6,5,Medium
14.1,22.4,2.87,142.5,2,Low
22.2,53.7,0.36,155.0,6,Low
22.1,58.3,3.35,142.1,5,Low
60.9,65.3,3.17,258.6,10,Medium
17.2,92.1,3.65,81.9,6,High
71.9,2.2,3.28,196.1,4,Low
241.9,48.5,6.84,24.1,0,High
161.3,76.2,5.09,231.5,2,High
60.4,47.3,3.07,114.6,2,Medium
345.8,0.0,3.23,145.5,6,Low
78.5,21.6,6.17,110.2,2,Medium
87.1,57.2,4.55,124.1,10,Medium
66.9,56.4,0.79,39.5,4,Medium
73.1,64.8,4.71,186.2,3,High
47.7,32.8,5.24,211.0,3,Low
61.1,55.7,5.91,3.6,6,Medium
200.7,29.2,2.28,84.4,0,High
173.2,55.7,2.15,153.3,6,Low
7.5,51.2,1.3,84.1,7,Low
19.3,31.9,3.55,125.5,2,Medium
38.3,84.3,4.32,327.8,2,High
143.5,12.5,2.08,38.0,3,Medium
175.8,46.9,2.74,0.0,5,High
125.2,31.5,0.0,84.1,6,Low
26.7,90.4,5.72,113.9,0,High
48.5,63.2,0.18,96.1,3,Medium
107.2,35.7,3.67,179.6,6,Medium
61.9,43.8,3.43,36.9,10,Low
55.3,90.9,3.08,20.7,1,High
55.9,29.2,3.12,75.8,0,Low
164.5,11.2,1.18,78.1,0,Medium
115.0,56.4,2.41,383.3,9,Low
58.4,56.9,4.74,320.8,5,Medium
95.6,64.7,5.28,0.0,4,High
23.3,64.8,2.24,0.0,0,High
48.5,89.0,0.19,140.6,9,Low
153.9,12.2,1.6,360.3,2,Low
16.0,23.5,6.33,223.3,10,Low
116.0,64.6,1.71,146.4,6,Low
7.4,25.7,2.83,99.8,8,Low
223.0,18.0,5.55,268.5,8,Medium
47.6,91.0,2.05,169.6,5,Medium
100.7,14.4,2.7,340.5,2,Low
81.8,42.3,4.43,0.0,0,High
84.1,48.7,6.08,196.6,2,High
94.3,78.8,1.84,88.0,9,High
13.1,8.9,5.51,195.6,1,Low
85.4,59.1,2.49,177.6,10,Low
64.8,30.4,1.41,206.1,4,Low
47.8,63.8,3.45,257.5,7,Medium
38.3,30.1,0.92,302.9,4,Low
87.0,84.6,3.85,364.7,0,High
31.3,30.2,8.67,151.7,2,High
152.1,0.0,4.99,90.3,4,Medium
105.9,32.6,2.81,15.2,6,Medium
90.9,44.3,4.89,197.8,4,High
147.8,73.8,1.32,241.8,9,High
10.8,22.3,1.63,1.7,4,Low
22.5,22.7,2.86,275.9,6,Low
109.3,71.1,3.16,138.9,7,High
40.2,19.7,0.67,11.9,7,Low
44.8,46.1,2.45,56.7,6,High
19.4,46.5,2.74,46.2,2,Medium
31.4,54.8,5.78,48.2,10,High
154.4,33.5,0.67,212.7,1,Medium
107.5,29.6,0.51,245.0,0,Low
86.3,57.4,3.32,336.9,5,Medium
46.3,30.3,5.07,73.2,8,Low
82.3,20.1,3.99,187.7,2,Low
163.5,77.0,3.54,78.8,4,High
41.1,60.7,2.48,152.2,8,Low
73.0,88.9,4.22,0.0,8,High
232.1,67.2,4.49,26.4,6,High
124.1,22.1,2.54,238.3,3,Low
46.8,52.1,1.29,0.0,10,Low
117.2,27.7,1.3,217.6,1,Low
15.8,13.7,4.58,75.6,1,Low
70.8,40.2,0.22,0.0,3,Low
117.1,71.6,6.02,0.0,0,High
99.3,56.0,2.18,311.0,3,Medium
116.4,19.4,3.56,0.0,10,Low
134.6,39.4,4.26,142.9,5,Medium
105.0,46.9,1.77,188.9,5,Low
102.8,12.8,2.17,5.5,6,Low
87.7,65.7,3.24,89.1,4,High
28.1,45.0,1.46,202.7,8,Low
154.3,19.4,1.08,182.3,1,Low
72.7,18.2,1.24,99.3,1,Low
122.0,74.2,5.18,176.1,3,High
143.8,41.6,3.72,138.8,3,High
48.8,76.2,1.57,43.3,3,Medium
52.5,84.6,4.57,282.1,0,High
58.4,72.5,1.67,172.8,3,High
174.2,38.3,0.0,0.0,4,Medium
34.1,0.0,4.25,207.4,8,Low
194.4,56.9,5.96,82.3,2,High
87.0,96.0,4.0,118.2,2,High
91.6,49.2,0.0,150.9,4,Low
139.5,6.2,2.96,62.8,9,Low
79.9,35.2,2.51,348.3,5,Low
155.5,46.0,3.68,0.0,2,High
48.8,25.8,1.47,156.2,0,Low
190.3,0.0,2.4,191.9,9,Medium
52.0,47.8,0.44,154.5,7,Low
195.1,32.7,3.4,129.0,0,High
53.1,89.0,0.51,108.5,1,High
59.8,52.2,3.79,61.7,2,High
30.5,60.3,1.65,59.7,5,Medium
38.7,47.4,0.0,277.4,3,Low
73.0,52.1,4.43,101.4,3,High
89.4,13.6,3.89,384.5,8,Low
147.9,27.1,5.44,223.6,5,Medium
63.2,73.9,0.0,0.0,1,Medium
99.5,54.6,1.82,247.2,6,Medium
85.1,41.2,3.24,144.2,2,Medium
107.4,60.7,4.03,0.0,8,High
43.7,61.1,0.37,293.5,5,Medium
48.2,93.8,3.78,102.0,7,High
43.7,53.6,1.97,92.7,0,Medium
167.5,26.6,0.0,191.3,1,Low
191.5,47.5,1.65,275.7,5,Medium
46.5,63.4,3.93,162.5,2,High
47.3,71.9,0.0,154.6,0,High
118.1,14.5,4.15,73.3,5,Medium
205.6,55.6,3.51,273.8,4,High
235.2,30.3,2.54,163.5,8,High
44.7,37.5,0.06,125.2,5,Low
54.7,68.6,0.2,111.6,4,Medium
92.9,66.4,2.28,263.0,0,Medium
96.2,35.1,0.98,121.1,0,Medium
65.2,46.5,2.4,263.2,10,Low
37.5,38.2,4.63,98.1,0,High
73.1,100.0,2.51,229.5,6,High
235.0,56.1,2.46,172.8,5,High
48.8,31.5,2.46,45.4,4,Low
88.8,79.1,4.82,140.4,3,High
338.4,79.9,5.33,0.0,10,High
48.2,89.4,3.76,68.2,10,High
122.0,95.9,3.25,0.0,7,High
241.6,65.6,3.41,369.7,10,High
114.8,42.3,5.57,0.0,7,Medium
159.6,45.5,3.86,434.4,4,High
133.5,43.6,5.74,206.6,3,Medium
108.5,41.1,2.25,92.9,1,Medium
187.4,77.3,0.6,238.7,6,Medium
119.4,50.0,1.8,79.1,4,Medium
65.7,71.4,1.99,0.0,2,High
83.9,64.9,5.89,158.7,8,High
98.5,25.8,4.33,227.0,8,Medium
54.4,12.2,1.85,290.6,10,Low
86.7,22.8,4.46,204.8,10,Low
77.7,40.6,2.77,91.8,9,Medium
119.1,53.0,5.94,302.5,10,Medium
283.9,35.7,2.4,277.9,7,Medium
90.4,65.5,0.23,179.6,0,High
209.0,38.4,2.66,283.2,2,Medium
116.1,55.7,2.4,390.3,1,Medium
86.4,52.6,0.58,90.2,3,Medium
51.9,88.2,4.05,51.0,1,High
86.9,28.5,5.56,87.0,10,Medium
83.0,98.6,0.98,1.5,7,High
41.2,36.9,4.75,215.0,0,High
47.0,20.5,1.91,0.0,3,Low
99.1,45.2,2.96,289.2,4,Medium
207.7,100.0,2.77,76.1,9,High
71.2,69.7,2.96,299.5,3,Medium
18.4,63.3,3.85,0.0,7,Medium
29.9,67.5,1.16,107.6,1,Medium
124.1,33.1,5.33,7.8,8,Medium
22.5,57.2,3.91,298.9,1,Medium
138.0,50.1,4.5,334.7,1,High
119.5,89.8,1.6,0.0,1,High
69.4,47.6,0.99,245.2,9,Low
41.6,41.7,5.13,267.6,7,Medium
61.8,24.4,0.92,185.8,2,Low
97.4,53.1,3.27,214.7,9,Medium
23.3,56.4,4.83,206.8,10,Low
194.0,23.6,2.77,245.6,9,Low
96.7,60.0,5.11,29.8,7,Medium
104.8,55.1,2.51,282.1,6,Medium
118.9,72.3,0.7,173.0,9,Low
181.7,76.7,3.67,166.4,3,High
87.0,52.1,3.36,212.3,6,Medium
124.2,27.2,7.84,10.2,10,Medium
42.2,31.7,1.3,0.0,7,Low
235.8,88.8,2.55,136.7,5,High
82.7,53.6,1.68,319.8,5,Medium
42.0,88.4,2.74,19.6,2,High
52.0,61.0,2.67,169.3,4,Medium
10.1,66.6,1.43,71.2,9,Low
51.7,70.7,3.84,56.4,1,High
3.9,23.1,2.61,205.1,4,Low
130.5,56.8,5.42,233.5,4,High
102.5,22.8,1.83,63.4,6,Low
31.7,43.7,6.35,302.6,3,High
72.3,64.1,3.5,196.5,10,Low
74.8,27.4,5.29,123.4,5,High
25.8,62.3,3.21,188.2,8,High
62.9,17.0,1.59,374.0,3,Low
76.6,75.2,2.53,232.9,10,Medium
61.5,35.4,0.5,73.1,5,Low
41.9,27.4,2.8,147.9,8,Low
30.6,18.4,3.31,164.4,9,Low
59.8,37.3,3.08,223.2,0,High
46.5,8.0,5.39,176.4,7,Low
113.4,37.9,2.73,358.5,0,Medium
189.2,74.2,0.0,125.1,3,High
142.6,45.8,9.38,0.0,2,High
78.5,24.1,1.76,173.6,3,Medium
43.3,55.0,4.74,101.5,6,Medium
140.0,53.0,0.29,0.0,8,Medium
118.3,93.0,3.44,72.6,8,High
180.5,67.4,1.57,110.6,9,High
87.1,56.7,0.0,275.4,0,Low
227.8,69.9,2.49,0.0,9,High
87.1,47.0,2.91,188.5,0,Medium
43.2,48.3,2.61,394.3,8,Low
50.3,86.5,3.44,130.8,3,High
109.7,14.0,2.51,127.5,2,Medium
46.4,71.3,3.12,229.2,8,Medium
226.8,47.6,3.31,207.4,4,High
103.3,43.6,2.94,305.9,5,Low
77.2,37.8,2.69,131.6,0,Medium
82.2,53.4,1.39,227.2,0,Medium
61.0,49.0,4.07,229.0,6,Medium
13.8,40.9,2.49,113.1,9,Low
50.3,34.5,2.35,137.5,7,Low
208.6,8.1,3.92,148.8,10,Low
88.8,34.1,3.38,13.9,7,Medium
153.8,38.7,1.74,107.2,6,Medium
156.7,53.3,5.25,314.6,10,Medium
72.8,93.2,0.86,264.1,8,Low
119.6,36.4,1.14,86.2,0,Medium
15.6,27.5,4.2,148.3,1,Medium
197.6,34.3,6.15,256.9,2,High
187.1,53.4,1.96,198.8,4,High
107.5,62.9,3.74,238.0,3,Medium
91.2,66.0,0.85,208.8,3,Medium
73.5,68.2,1.33,173.7,7,Medium
165.8,71.3,5.04,131.8,7,High
129.4,43.9,3.66,18.5,10,Medium
55.9,95.2,5.09,226.1,6,High
26.9,42.2,4.96,125.6,0,Medium
22.1,52.4,0.0,0.0,9,Low
164.7,78.5,0.85,90.0,3,High
72.3,62.5,3.49,243.8,0,Medium
106.3,0.7,0.0,0.0,10,Low
79.6,50.1,1.1,36.8,4,Medium
22.4,69.0,5.57,165.1,2,High
16.0,20.4,2.03,304.6,2,Low
52.8,66.5,4.28,260.0,3,Medium
56.5,58.6,2.95,315.2,1,Medium
56.5,76.0,1.78,172.9,6,Medium
57.8,34.8,0.0,127.0,3,Low
271.9,71.9,3.42,242.8,4,High
152.2,53.5,5.62,51.1,1,High
89.7,88.9,1.83,42.5,5,High
70.9,100.0,3.12,22.9,8,High
72.9,83.8,0.26,269.8,7,Medium
126.1,60.6,1.79,58.2,7,Medium
70.4,100.0,3.61,260.1,1,High
141.8,63.3,4.34,166.3,3,High
97.0,30.0,4.0,271.2,7,Medium
273.5,49.1,0.0,28.4,10,Medium
67.2,66.8,2.18,81.2,0,High
159.6,68.2,1.26,199.9,7,Medium
29.4,25.2,2.44,102.6,2,Low
44.3,25.9,2.8,0.0,7,Low
250.2,42.5,4.92,0.0,5,High
137.8,61.8,3.53,27.5,6,Medium
107.6,64.6,5.55,35.7,1,High
319.2,53.1,1.74,225.0,0,High
71.7,31.6,0.45,187.1,5,Low
159.3,88.2,5.62,167.8,2,High
167.3,26.4,3.78,371.0,3,Low
215.5,78.7,1.66,279.3,8,Medium
26.2,66.3,3.79,238.2,2,Medium
71.3,78.2,4.5,0.0,1,High
95.8,40.2,3.21,156.5,1,Medium
213.2,46.9,1.69,182.9,1,High
104.6,51.2,2.21,104.3,5,Medium
167.5,39.5,3.52,337.7,1,High
23.9,55.0,3.36,155.6,10,Low
59.0,84.7,5.18,14.9,6,High
186.7,21.5,2.5,40.3,6,Medium
65.4,35.5,1.27,401.1,6,Low
75.9,33.2,7.64,103.8,1,High
211.0,47.9,3.31,0.0,6,High
35.8,47.0,4.5,84.1,9,Medium
43.7,67.0,3.94,0.0,7,Medium
21.4,50.7,3.34,250.9,7,Low
216.6,56.7,2.59,0.0,1,High
150.3,58.8,0.0,0.0,4,Medium
147.7,55.4,1.09,150.4,5,Medium
57.7,65.5,3.59,272.0,8,Medium
19.8,47.3,0.0,142.4,5,Low
14.3,86.2,3.13,11.7,9,High
187.6,100.0,4.19,170.1,5,High
112.8,65.5,4.5,98.5,9,Medium
128.3,55.0,4.08,274.6,9,Medium
92.6,63.7,4.73,244.0,5,High
39.2,25.8,5.89,90.9,8,Medium
59.8,54.0,4.97,235.8,9,Medium
31.0,33.9,3.35,179.8,6,Medium
27.4,61.2,2.76,300.3,0,Medium
142.0,34.0,3.21,231.1,0,High
15.8,42.4,2.5,210.2,3,Low
31.2,8.8,5.01,296.1,1,Low
62.7,24.2,4.03,151.7,2,Medium
81.3,57.8,2.31,65.0,6,Medium
21.1,30.9,5.38,172.1,6,Low
103.6,73.4,2.47,110.9,2,High
88.8,29.0,1.3,216.5,1,Low
185.4,60.0,2.98,156.8,0,High
82.3,33.2,1.52,194.3,8,Low
111.2,58.5,4.69,17.5,9,High
41.2,16.2,1.48,205.9,2,Low
42.7,40.0,2.79,8.6,8,Low
23.5,31.4,4.69,255.8,3,Low
41.5,69.4,1.72,256.0,9,Low
59.1,60.2,3.74,188.3,5,Medium
173.3,22.9,1.25,184.1,6,Medium
36.2,45.5,3.44,125.4,9,Low
281.4,33.0,4.02,83.6,5,High
118.2,70.9,2.92,148.4,0,High
101.7,78.0,3.06,368.1,5,Medium
77.6,18.3,3.8,175.2,10,Low
66.8,68.2,2.5,2.0,5,High
47.1,31.9,4.6,0.0,4,Medium
20.2,44.4,5.47,0.0,2,Medium
37.3,50.7,1.33,108.5,9,Low
216.2,90.0,6.18,289.2,2,High
113.1,27.9,2.45,37.4,10,Low
215.0,68.4,6.59,306.4,9,High
46.0,24.2,2.48,169.7,6,Low
30.1,22.7,4.27,203.2,7,Medium
77.0,50.6,4.26,200.2,2,High
38.6,50.5,2.3,215.0,2,Medium
89.4,0.0,3.13,104.7,6,Low
16.1,75.5,5.59,0.0,9,High
8.6,2.9,2.42,85.3,6,Low
98.9,46.8,2.25,52.3,10,Medium
220.2,79.2,0.92,184.2,8,High
102.1,98.6,5.82,174.1,5,High
112.3,42.0,2.13,120.0,6,Medium
79.5,18.5,5.16,343.1,10,Low
85.3,78.4,1.92,79.5,9,Medium
19.2,69.0,5.1,0.0,0,High
39.9,39.2,4.45,163.1,6,Medium
172.2,36.5,2.59,280.8,1,Medium
58.1,34.2,1.68,181.6,6,Low
169.9,42.4,1.82,110.8,2,High
83.5,57.0,1.8,176.4,8,Low
86.7,37.5,4.92,352.3,4,Medium
58.4,40.3,3.29,53.7,6,Medium
124.1,64.1,0.99,153.4,7,Medium
145.4,17.4,2.55,223.7,1,Low
38.0,41.7,2.76,177.9,10,Low
21.2,13.1,0.0,122.7,0,Low
10.9,52.4,2.65,103.1,6,Medium
108.6,7.3,4.3,118.6,5,Low
99.9,69.6,2.75,208.5,5,Medium
333.1,21.1,3.46,202.1,1,High
79.9,11.0,3.87,380.4,2,Low
69.4,42.0,2.38,0.0,3,Medium
91.6,87.6,4.32,343.4,2,High
95.3,65.6,5.62,127.5,1,High
65.3,7.7,0.26,140.0,2,Low
39.1,20.5,2.38,244.5,5,Low
76.6,41.3,7.19,243.8,8,Medium
74.5,99.2,3.31,277.2,3,High
73.6,29.3,2.94,301.2,5,Low
133.2,29.5,2.54,145.6,0,High
75.6,83.6,5.29,302.6,5,High
21.7,54.3,1.31,80.8,2,Medium
44.9,73.2,4.67,116.4,8,Medium
64.7,34.0,2.5,130.0,3,Low
78.3,47.8,1.65,92.1,6,Medium
110.2,78.9,2.58,156.6,3,High
78.8,46.8,2.92,248.6,10,Low
8.8,74.7,2.1,221.6,5,Medium
24.4,58.5,5.0,82.5,6,High
115.5,27.1,1.66,73.5,1,Medium
63.3,49.6,3.25,55.9,9,Medium
84.0,71.6,3.97,159.8,5,High
57.1,64.7,3.23,0.0,7,High
44.7,49.1,4.39,52.0,5,Medium
58.8,8.4,2.22,99.5,1,Low
84.7,10.5,4.12,266.1,3,Low
75.2,15.2,4.17,135.5,0,Medium
144.8,38.8,4.74,260.6,6,High
17.6,41.7,0.0,170.6,7,Low
20.3,17.5,3.92,97.8,9,Low
62.7,72.5,4.62,102.4,1,High
111.1,22.2,2.26,21.7,9,Low
128.3,19.8,2.01,414.4,4,Low
46.2,51.9,1.74,272.2,10,Low
2.7,71.4,1.14,216.4,7,Low
47.5,95.2,4.2,6.6,10,High
100.1,62.8,7.11,100.3,7,High
74.1,84.8,2.0,42.7,4,High
113.9,23.3,2.16,164.0,7,Low
168.2,97.5,3.03,48.0,5,High
66.2,9.0,0.12,76.3,4,Low
52.1,38.9,1.75,50.9,10,Low
34.4,62.3,2.9,123.6,3,Medium
20.2,14.7,1.39,157.9,4,Low
14.9,29.6,5.16,126.5,3,Medium
42.5,26.1,0.67,318.6,0,Low
153.1,43.2,4.62,239.2,2,High
121.7,81.3,5.64,63.9,7,High
50.1,50.4,3.69,185.8,6,Medium
283.1,39.8,2.75,72.9,6,High
45.0,0.0,3.44,106.5,10,Low
178.9,60.3,2.21,202.7,2,High
207.2,67.4,0.0,223.2,8,Medium
105.0,12.6,1.24,85.4,5,Low
42.1,48.5,2.98,28.5,7,Medium
55.7,54.2,1.31,159.6,7,Low
86.2,71.2,2.26,197.8,2,High
20.8,34.1,3.86,79.8,3,High
31.5,30.7,3.26,239.8,5,Low
29.1,40.0,4.91,220.3,1,High
110.7,78.3,3.53,78.2,10,High
167.1,73.0,3.64,274.3,6,Medium
125.0,49.5,1.72,277.7,1,Medium
149.0,72.4,0.6,377.4,10,Medium
39.1,0.0,2.26,338.3,4,Low
57.8,67.4,1.69,50.7,3,Medium
61.4,25.4,2.7,251.7,8,Low
104.7,88.9,1.08,246.8,1,High
43.5,26.6,4.52,111.7,6,Low
142.8,31.2,1.68,200.0,6,Medium
203.4,62.4,2.35,0.0,6,High
108.5,64.5,2.96,0.0,0,High
55.7,40.2,5.02,0.0,7,Low
36.0,58.2,6.17,192.8,1,High
29.2,60.9,6.29,198.0,4,High
8.9,58.6,0.69,119.9,1,Medium
62.9,41.1,2.33,339.3,4,Low
60.0,61.1,1.99,258.6,6,Low
136.9,80.9,3.67,0.0,5,High
46.0,23.0,3.56,131.1,4,Medium
65.7,31.5,1.95,46.6,3,Low
92.6,50.6,1.81,195.5,7,Medium
107.3,26.8,1.2,146.6,10,Low
126.3,10.3,0.0,52.9,7,Low
86.0,74.0,0.66,336.4,0,Low
22.1,1.0,4.56,156.3,9,Low
100.7,41.1,5.64,104.2,1,High
43.2,66.7,5.43,122.2,2,High
172.4,55.9,4.64,328.1,0,High
76.2,41.5,1.18,250.2,10,Low
89.9,25.9,0.87,132.1,2,Low
350.4,57.6,0.0,40.9,9,High
127.8,28.3,1.95,58.0,7,Medium
99.4,55.9,3.16,97.0,3,High
67.2,53.1,1.19,205.8,6,Low
24.0,53.3,3.78,233.2,6,Medium
63.5,35.9,4.17,70.2,10,Low
35.6,94.8,2.15,238.1,4,Medium
219.9,57.9,0.59,50.1,0,High
100.3,43.9,5.49,82.7,9,Medium
168.2,55.8,3.06,0.0,3,High
44.9,33.0,6.49,0.0,6,Medium
38.0,41.5,3.17,48.9,4,Low
119.3,100.0,3.29,147.2,1,High
34.4,33.1,1.26,40.7,7,Low
52.3,48.3,2.24,314.8,1,Medium
226.7,40.0,0.19,47.4,10,Low
54.1,27.1,0.58,170.2,7,Low
19.1,59.3,4.33,295.2,10,Medium
12.2,50.8,2.49,160.2,1,Low
16.7,70.0,2.24,110.0,10,Low
174.9,67.8,1.67,166.2,4,High
47.3,69.8,2.31,88.2,3,High
343.4,29.8,5.04,39.9,0,High
205.0,64.1,3.26,217.4,7,Medium
262.3,64.6,0.88,85.9,9,High
151.6,27.5,4.85,253.0,2,Medium
115.0,43.0,6.11,237.6,3,Medium
36.8,18.0,3.89,168.3,3,Low
74.8,64.7,4.6,256.8,4,Low
123.2,64.6,5.2,90.2,2,High
145.3,81.5,0.02,236.2,8,Medium
26.3,45.0,6.36,235.6,3,High
64.3,59.9,4.98,116.8,9,Medium
70.3,71.7,3.88,102.7,10,Medium
68.1,33.4,2.77,186.2,10,Low
29.8,30.1,0.59,366.5,3,Low
242.5,34.1,2.4,124.5,5,High
62.6,42.3,3.81,100.4,7,Medium
31.9,30.8,1.01,279.6,6,Low
246.4,35.0,2.87,157.5,3,High
205.1,69.4,0.87,245.3,3,High
83.5,47.9,2.31,312.2,4,Medium
51.1,56.7,0.57,0.0,9,Medium
15.3,37.9,0.38,145.9,4,Low
109.0,36.4,3.61,124.7,0,Medium
48.1,56.3,1.96,44.1,7,Low
73.4,52.8,2.13,0.0,9,Medium
232.3,67.1,1.86,0.0,4,High
45.2,78.6,7.9,161.5,2,High
105.7,34.8,4.09,91.3,2,High
128.9,68.9,4.29,61.8,3,High
171.2,26.2,1.6,160.4,6,Low
69.3,95.6,3.91,73.9,4,High
63.8,32.7,2.59,291.9,0,Low
62.6,65.2,1.59,81.7,4,High
98.4,26.1,6.47,315.6,4,Medium
199.4,46.7,4.03,146.7,5,High
60.3,84.0,3.94,78.3,6,High
3.9,32.0,1.25,70.3,4,Low
139.0,98.5,0.71,316.5,10,Medium
79.0,49.9,2.9,226.5,1,Medium
109.1,71.5,1.97,66.5,1,High
15.9,58.9,4.1,163.1,3,Medium
48.3,60.1,4.22,0.0,0,High
131.3,18.6,3.12,3.5,6,Low
23.2,39.6,4.49,67.5,0,High
105.5,76.3,3.35,64.8,2,High
72.9,42.4,1.43,283.4,9,Low
39.9,53.1,2.64,0.0,6,Medium
37.1,16.0,3.24,0.0,10,Low
30.1,38.2,4.67,199.8,5,Medium
78.6,74.7,3.4,175.3,6,High
85.7,21.8,1.97,111.5,4,Low
55.6,65.8,4.74,375.8,7,High
28.4,53.9,3.69,217.9,5,High
103.3,44.8,5.78,284.5,3,Medium
140.7,43.8,3.16,144.4,10,Low
117.0,39.2,1.13,90.2,0,High
269.3,41.2,5.12,91.5,1,High
64.9,70.5,1.96,252.0,5,Medium
186.6,40.5,3.53,235.0,3,Medium
43.4,89.8,3.33,126.0,2,High
37.5,56.6,3.08,201.9,6,Medium
82.4,37.3,2.69,255.9,6,Low
214.5,71.4,0.03,88.0,1,High
59.3,63.7,1.2,112.2,7,Medium
15.9,13.6,5.02,199.1,10,Low
138.9,27.2,3.77,0.0,0,High
70.6,47.5,6.44,201.2,10,Low
93.7,15.2,1.13,26.2,9,Low
39.3,96.0,2.94,253.6,6,Medium
81.8,68.1,5.09,386.3,9,Medium
18.6,49.7,1.98,73.3,0,Medium
245.0,42.5,2.13,1.5,2,High
156.9,36.8,2.47,130.2,2,Medium
79.0,6.8,2.2,120.8,9,Low
136.3,11.9,3.96,222.7,1,Medium
43.5,91.8,0.0,175.7,9,Medium
152.2,84.6,5.96,117.4,4,High
57.2,37.3,1.27,160.0,3,Medium
53.9,70.0,0.0,26.6,5,Low
32.1,61.1,2.98,241.2,1,Medium
102.4,63.7,2.32,328.0,3,High
76.4,18.6,2.68,18.3,6,Medium
190.6,10.2,3.56,0.0,0,Medium
28.7,76.0,4.16,105.8,10,Medium
102.7,6.5,6.04,15.6,2,High
167.3,46.7,1.76,9.6,0,High
86.9,41.9,4.39,0.0,1,High
56.3,39.9,4.28,128.7,8,Low
85.2,56.9,0.0,104.7,9,Medium
180.5,35.1,1.5,191.1,4,Low
180.5,58.7,0.68,88.1,3,High
68.3,53.1,3.81,16.2,3,Medium
178.4,96.2,3.61,148.1,7,High
73.7,19.5,3.64,33.6,2,High
135.2,50.6,2.45,206.3,3,High
111.5,59.5,2.63,0.0,1,High
54.5,44.4,2.95,0.0,5,Medium
33.2,20.6,2.28,0.0,8,Low
170.3,77.7,4.4,104.0,3,High
202.6,57.4,1.07,118.4,10,Medium
101.0,22.1,1.59,165.1,5,Low
73.6,59.7,3.22,87.9,3,Medium
25.2,87.4,2.34,56.9,1,High
167.3,49.2,1.0,307.7,5,Low
92.7,50.0,3.96,278.6,6,Medium
60.9,84.5,1.97,258.5,3,High
137.9,28.7,1.48,184.0,10,Low
20.8,88.0,2.69,192.7,6,Medium
30.6,71.4,1.39,61.4,10,Medium
42.1,29.7,2.94,165.9,7,Low
109.0,35.3,2.35,46.6,10,Low
85.9,38.5,2.08,34.1,2,Medium
118.2,9.7,2.09,0.0,1,Medium
159.7,55.7,4.79,194.7,4,High
121.3,30.7,3.66,168.0,1,Medium
248.4,56.5,0.0,116.7,9,Medium
159.5,21.6,4.59,102.3,4,High
68.2,70.3,3.93,0.0,9,High
48.0,66.2,3.82,178.2,5,High
69.9,34.5,4.6,115.3,7,Medium
124.2,57.9,3.03,248.6,5,Medium
52.4,51.8,4.12,166.1,3,Medium
126.6,82.6,2.16,227.6,2,High
116.7,27.3,4.53,149.2,1,Medium
32.7,46.6,3.39,170.0,0,Medium
157.4,35.9,0.52,252.4,1,Medium
98.4,51.0,4.87,128.8,1,High
240.5,61.7,2.77,201.9,4,High
73.9,35.7,2.52,101.2,8,Medium
58.7,42.0,2.2,135.6,0,Low
28.9,71.3,2.34,325.3,3,Medium
28.5,79.9,3.41,220.5,9,Medium
144.9,60.9,1.22,90.4,6,High
224.7,47.0,0.18,196.5,10,Medium
69.1,44.9,1.08,9.2,9,Low
65.6,62.1,3.69,125.7,2,Medium
79.1,55.0,2.71,45.1,7,Low
164.8,13.7,5.0,199.7,2,Low
33.0,62.6,2.88,129.2,7,Medium
89.7,31.1,4.52,181.2,1,Medium
147.1,18.8,1.75,235.2,4,Low
108.0,13.3,2.22,99.4,3,Low
2.1,45.2,3.02,103.3,10,Low
121.7,27.6,2.74,145.9,8,Low
108.8,0.0,2.57,55.3,2,Low
186.5,42.1,1.43,148.8,10,Medium
213.1,39.2,0.15,154.6,4,Medium
180.3,46.7,4.14,175.2,9,Medium
79.5,36.2,3.93,196.2,8,Medium
15.1,90.2,1.9,0.0,5,High
65.2,61.4,3.68,8.6,1,High
77.6,39.0,2.7,21.6,0,Medium
222.9,48.6,4.99,160.2,10,High
39.6,81.1,0.64,118.7,0,High
21.5,71.0,2.77,0.0,6,Medium
52.7,19.3,2.63,364.2,1,Low
41.5,28.6,3.29,0.0,6,Low
19.4,32.8,5.77,153.3,0,Medium
70.3,40.3,2.78,212.0,3,Low
79.9,36.9,4.34,70.8,9,Medium
18.2,50.7,2.73,220.4,10,Medium
58.4,66.2,4.93,39.1,3,High
39.2,69.9,4.36,168.8,4,High
81.9,42.8,2.4,0.0,9,Low
88.1,14.0,2.27,279.1,0,Low
39.2,27.1,3.88,150.1,6,Medium
156.5,38.6,1.82,0.0,10,Low
76.2,22.6,3.34,219.2,1,Low
40.9,75.1,2.36,329.5,10,Medium
17.0,24.1,3.66,48.1,10,Low
91.6,63.6,2.71,126.9,1,High
108.6,13.0,1.75,93.4,7,Low
50.3,64.5,4.99,65.3,8,High
83.9,46.9,3.43,53.7,5,Low
213.1,83.3,2.9,78.9,10,High
140.1,25.1,3.76,84.8,0,High
6.6,37.6,0.0,110.8,0,Low
40.5,41.9,6.76,102.8,10,Low
67.6,46.6,3.04,233.7,6,Low
79.6,42.4,0.0,223.9,7,Low
85.2,42.8,5.15,0.0,2,High
103.7,42.5,1.65,84.7,8,Low
69.4,4.4,4.88,287.6,3,Low
76.1,71.9,3.22,182.3,3,High
145.1,100.0,0.17,186.8,2,High
92.9,56.6,3.47,176.3,7,Medium
26.2,25.0,3.34,121.2,8,Low
81.5,27.2,5.07,145.5,0,Medium
67.8,63.5,3.94,105.6,1,High
10.2,58.5,0.77,244.1,0,Low
84.7,43.7,4.8,106.6,3,High
29.7,66.6,2.25,137.6,9,Low
146.6,4.6,6.1,230.9,6,Low
102.7,66.6,2.36,113.9,6,Medium
24.8,55.2,2.62,142.2,5,High
142.1,28.1,1.52,110.6,10,Low
188.5,18.5,2.1,140.2,4,Low
61.4,52.7,1.63,114.3,10,Low
67.5,81.0,5.12,91.1,3,High
132.7,45.0,0.6,72.1,7,Low
179.2,31.2,4.45,131.0,6,Medium
13.9,54.2,4.49,262.0,10,Medium
27.8,90.1,5.48,218.6,10,High
53.6,59.5,3.08,0.0,9,Medium
58.5,61.9,1.15,102.8,0,Medium
130.0,76.9,2.69,79.8,5,High
179.8,60.4,4.07,0.0,1,High
188.8,32.8,3.15,180.3,3,Medium
13.6,11.6,3.66,139.4,4,Low
37.2,29.7,5.46,372.5,7,Low
45.6,25.7,4.05,113.3,5,Medium
37.1,64.5,3.36,64.6,10,Medium
102.4,67.6,0.0,54.0,1,Medium
111.4,53.9,1.59,100.3,4,Medium
75.4,22.1,2.27,214.9,4,Medium
70.0,89.3,0.0,227.5,5,Medium
55.5,40.8,1.0,471.9,0,Low
60.9,63.3,2.52,17.3,7,Medium
211.5,51.1,2.81,159.5,2,High
123.2,54.6,3.91,74.7,4,High
57.2,62.5,2.63,188.6,6,Medium
68.9,34.7,3.45,302.1,2,Medium
104.1,78.7,2.25,244.8,9,Medium
24.8,15.3,3.08,17.2,5,Low
83.6,27.2,3.81,225.3,4,Low
118.5,78.4,5.65,0.0,6,High
108.0,63.0,2.07,0.0,9,Medium
37.9,100.0,3.26,122.6,10,Medium
44.4,51.5,4.56,217.2,2,High
8.8,87.4,0.41,188.3,1,Medium
127.4,9.1,6.6,359.6,3,Medium
271.5,18.9,5.12,162.0,2,Medium
33.3,69.7,0.0,138.2,3,Medium
158.9,11.7,3.67,277.1,6,Medium
256.0,45.7,1.98,108.8,4,High
51.1,75.7,2.28,192.8,3,Medium
69.0,61.0,3.63,199.4,5,Medium
90.7,50.2,4.89,43.1,6,High
105.6,40.1,2.16,192.6,10,Low
94.4,54.4,2.19,390.4,4,Low
54.5,62.7,3.67,275.0,6,Medium
117.2,35.5,4.03,57.7,2,Medium
55.5,58.2,1.19,407.3,6,Low
99.1,73.7,6.1,225.8,2,High
73.3,45.1,1.84,196.7,5,Medium
12.0,51.5,4.74,139.3,7,Medium
174.8,60.6,3.81,225.1,5,High
45.4,62.1,4.09,162.3,9,Low
186.5,69.3,1.88,152.2,10,Medium
154.6,27.7,0.0,135.4,2,Medium
88.7,38.4,2.96,257.1,4,Low
109.5,39.2,2.97,244.9,8,Low
119.1,30.1,1.28,133.6,7,Low
64.1,10.4,4.65,0.0,5,Low
66.6,0.0,2.91,154.0,8,Low
115.0,76.3,1.54,71.0,1,High
73.9,15.8,4.05,97.9,10,Medium
54.6,84.5,4.1,136.3,8,Medium
38.5,66.3,1.71,33.4,9,Medium
101.2,41.1,5.22,0.0,9,High
44.2,63.6,7.04,182.1,5,High
137.1,59.4,1.04,153.0,8,High
145.1,25.8,2.67,148.7,3,Medium
108.9,49.7,3.61,206.2,4,Low
125.5,28.4,7.1,77.5,1,High
109.2,64.4,1.68,186.6,2,Medium
131.8,34.3,1.31,297.1,0,Medium
127.9,47.9,1.3,122.0,3,High
97.3,46.9,5.2,358.9,1,High
155.9,52.7,1.73,155.5,1,High
65.9,86.6,1.47,56.2,0,High
39.5,44.7,3.42,243.5,9,Low
37.7,76.8,3.55,137.6,1,High
58.5,60.6,4.93,265.8,3,High
10.0,81.2,3.17,195.5,5,Medium
88.1,42.6,3.45,113.9,6,Medium
120.2,65.3,2.81,317.3,6,Medium
143.7,48.7,0.65,95.1,6,Medium
15.0,0.0,2.64,0.0,3,Low
38.8,26.0,3.11,246.9,4,Low
134.2,62.8,2.2,188.5,10,Medium
64.3,61.4,0.18,291.2,2,High
118.3,21.5,0.96,53.0,0,Medium
23.6,54.8,2.93,122.8,7,Low
185.1,61.1,4.68,110.4,9,High
21.8,49.2,6.03,252.7,10,Low
86.2,66.0,2.67,221.6,6,Medium
87.9,63.0,1.71,173.6,8,Low
49.9,49.2,2.33,174.3,9,Low
106.2,38.8,1.12,23.4,3,Low
108.4,72.9,4.42,234.6,4,High
100.2,60.2,6.85,236.8,4,High
49.1,19.6,1.75,402.0,6,Low
41.4,54.9,0.85,201.8,8,Low
53.6,24.7,4.81,219.6,7,Low
36.6,28.8,3.57,202.5,6,Low
160.8,35.7,3.6,73.4,0,High
57.5,51.0,5.86,287.4,9,Medium
84.4,58.2,0.54,143.9,5,Medium
133.9,41.0,0.49,128.8,9,Low
35.1,42.0,2.71,135.2,8,Low
20.8,38.9,3.11,142.7,6,Low
36.8,73.0,2.36,96.5,0,High
91.3,0.0,7.43,173.7,8,Low
86.8,43.2,2.44,139.4,2,Medium
100.0,84.0,2.01,130.0,8,High
69.2,61.4,3.22,203.9,3,Medium
3.8,77.9,4.75,158.3,8,Medium
67.5,5.2,1.69,89.0,7,Low
146.2,22.7,2.74,66.0,6,Medium
172.2,61.3,4.8,160.8,3,High
80.3,84.1,4.9,67.9,8,High
87.1,24.9,3.39,60.0,3,Low
116.8,41.5,7.35,61.5,0,High
168.9,58.8,6.57,178.0,5,High
75.0,18.0,0.47,281.3,3,Low
115.6,61.5,0.0,188.3,9,Low
47.3,0.0,4.43,247.6,2,Low
24.1,60.8,5.46,142.3,4,Medium
51.6,28.1,2.6,165.6,2,Low
195.0,40.2,2.1,331.8,10,Low
117.3,64.3,1.52,241.2,8,Medium
26.4,59.8,0.9,253.1,5,Low
121.1,49.8,5.05,120.9,2,High
28.4,71.3,2.31,149.4,4,Medium
99.1,12.6,3.54,194.6,7,Low
33.9,54.5,0.0,83.3,7,Low
24.9,32.6,4.8,0.0,5,Low
216.6,70.2,4.06,193.6,4,High
57.5,65.1,0.58,255.8,4,Low
115.8,65.9,3.47,156.1,0,High
77.4,86.2,3.01,84.5,1,High
30.5,74.8,2.19,113.6,10,Medium
62.5,46.5,0.0,0.0,3,Medium
30.8,50.0,1.81,113.3,5,Medium
320.6,63.2,3.54,27.3,10,High
130.4,53.0,2.01,73.0,6,Medium
76.3,65.5,2.6,21.8,0,High
111.5,0.9,5.69,9.1,7,Medium
124.7,91.4,2.86,39.5,0,High
124.9,51.3,0.0,219.6,8,Medium
121.3,14.3,2.67,93.9,3,Medium
114.9,29.9,3.18,28.1,6,Low
81.1,3.2,1.51,232.9,10,Low
205.8,26.0,4.32,164.2,5,Medium
85.0,46.9,0.37,0.0,8,Low
78.0,83.3,2.75,259.5,1,High
85.5,59.0,0.35,157.9,10,Low
90.1,55.1,2.47,234.7,6,Low
15.1,25.0,4.27,125.2,10,Low
36.4,31.9,2.71,326.5,4,Low
69.2,33.6,2.6,108.0,6,Low
14.3,34.5,3.05,0.0,0,Low
76.2,42.3,3.14,52.2,10,Low
89.2,43.9,4.25,205.2,10,Low
23.0,42.5,4.26,167.5,9,Medium
44.6,35.2,5.56,136.5,8,Medium
176.8,53.0,3.3,41.5,0,High
112.3,43.1,0.01,152.0,4,Low
107.8,14.9,4.54,148.4,7,Low
162.6,50.8,5.43,147.3,0,High
37.1,47.4,7.43,209.1,6,Medium
23.1,15.2,5.61,170.0,1,Low
148.2,37.0,2.12,122.2,6,Medium
70.7,63.1,3.34,39.7,6,Medium
36.2,25.0,2.51,299.6,8,Low
15.0,22.7,2.27,368.0,5,Low
86.3,42.9,2.8,341.9,3,Medium
64.5,63.7,5.31,226.9,6,Medium
56.1,89.8,0.14,0.0,6,High
5.9,64.5,1.2,0.0,3,Low
204.0,73.9,5.2,89.7,1,High
19.0,57.6,5.62,144.0,10,Medium
60.6,34.9,1.81,139.5,8,Low
52.7,64.3,5.97,171.3,7,High
114.7,48.1,4.76,0.0,4,High
15.2,58.3,2.52,326.8,4,Low
105.2,29.2,0.0,315.6,0,Low
86.6,60.3,0.0,5.8,10,Low
42.7,47.3,1.82,0.0,8,Low
102.6,55.1,4.37,140.1,10,Medium
76.1,48.1,4.37,288.8,9,Medium
236.2,43.9,2.16,146.5,10,High
64.4,60.7,2.58,178.6,7,Medium
32.0,41.1,2.94,101.6,4,Medium
105.9,15.0,2.61,166.1,9,Low
58.2,8.8,3.29,253.9,5,Low
75.0,54.1,2.95,195.3,9,Low
23.3,40.2,0.0,213.3,10,Low
115.9,12.0,2.63,0.0,9,Low
50.9,52.3,2.96,385.2,7,Low
91.5,47.9,4.78,0.0,5,High
275.1,39.0,1.5,167.2,9,High
61.5,55.4,3.37,133.5,3,Medium
127.1,78.9,4.01,138.2,2,High
65.0,78.3,2.73,245.7,6,Medium
43.2,53.2,0.0,72.1,1,Medium
180.9,48.1,4.82,102.4,6,High
10.4,53.5,4.34,23.9,0,Medium
150.1,56.8,3.41,273.4,9,Medium
8.9,44.1,3.07,179.3,4,Low
139.7,53.8,0.0,220.1,8,Low
75.8,15.4,4.39,239.3,0,Low
32.1,51.8,5.68,369.1,7,Low
53.8,60.5,1.0,349.9,8,Low
122.4,39.2,5.42,185.5,8,Low
258.4,47.9,5.04,167.4,7,High
15.9,25.5,0.94,91.5,3,Low
34.0,22.5,2.29,231.9,6,Low
21.2,54.6,0.49,227.8,0,Medium
64.5,33.9,2.88,69.8,6,Low
142.3,10.9,3.81,229.2,5,Low
18.3,25.5,0.62,260.9,4,Low
74.3,28.7,3.69,26.6,0,Low
139.2,67.0,4.15,170.9,7,High
53.1,53.9,4.18,142.8,9,Medium
87.2,30.8,3.82,149.4,0,Medium
172.1,37.1,0.79,45.2,0,High
28.4,78.9,2.78,0.0,2,High
11.9,70.6,3.63,66.9,7,High
95.1,25.4,5.63,51.5,7,Medium
97.1,75.6,3.0,188.9,6,Low
50.1,48.2,3.77,190.6,4,Medium
42.2,67.6,1.32,184.4,7,Low
77.0,46.4,0.92,0.0,1,Low
27.9,76.1,0.69,26.8,7,Medium
28.0,24.5,2.24,82.2,10,Low
121.8,44.4,6.71,152.5,1,High
26.1,76.8,2.28,113.1,9,Medium
12.8,0.0,3.66,184.2,4,Low
42.1,49.0,4.0,257.3,10,Low
51.1,41.3,1.04,40.1,3,Low
105.2,65.1,2.22,44.3,0,High
45.4,73.5,4.12,164.9,4,High
191.7,66.1,3.77,141.0,6,High
80.1,55.3,0.0,231.8,0,Medium
37.2,50.9,4.07,150.8,1,Medium
102.0,42.5,2.01,341.5,8,Low
189.4,54.6,2.06,0.0,4,High
119.5,82.1,3.73,242.4,6,High
17.2,31.7,5.74,171.9,1,Medium
54.8,41.2,2.64,0.0,6,Medium
90.5,48.3,5.12,0.0,6,High
116.1,72.0,0.41,26.2,6,High
64.9,54.9,3.24,283.0,4,Medium
57.9,71.6,2.03,270.5,8,Low
235.1,72.8,3.51,135.8,1,High
120.7,63.0,2.47,110.1,3,High
102.3,26.6,0.59,55.8,1,Medium
47.0,86.5,1.4,129.4,7,High
27.5,81.1,0.04,97.8,10,Low
103.5,51.4,0.65,338.1,0,Low
130.0,19.6,3.86,14.0,8,Low
74.7,15.7,2.55,193.2,4,Low
120.9,55.6,3.42,343.3,10,Low
123.1,34.6,6.27,235.2,2,High
135.9,12.2,2.47,26.3,10,Low
16.9,15.3,4.14,0.0,3,Low
56.1,39.7,3.05,180.2,0,Medium
108.0,54.3,7.97,166.6,2,High
77.9,80.9,0.0,285.6,10,Medium
123.4,60.7,1.71,210.3,7,Medium
102.2,41.6,4.18,96.7,1,High
6.6,58.4,1.64,89.2,1,Medium
158.5,56.4,4.02,6.3,8,High
50.5,66.3,2.89,164.2,4,High
35.2,49.1,4.56,0.0,4,High
155.0,72.8,0.96,250.1,0,High
116.9,68.1,3.31,214.8,5,High
169.7,51.8,3.84,211.3,7,High
91.2,47.4,3.24,4.6,5,High
55.5,70.2,3.27,133.5,6,Medium
83.6,34.3,5.16,107.2,3,Medium
29.7,16.9,0.0,161.3,1,Low
20.7,16.7,3.22,208.1,0,Low
44.1,32.5,0.82,93.5,5,Low
204.0,64.5,4.36,97.6,8,High
48.0,40.7,1.49,224.8,9,Low
13.1,54.5,0.0,25.8,4,Low
66.3,39.1,4.41,67.9,1,Medium
47.4,39.3,2.52,150.6,0,Medium
160.4,27.4,3.64,249.0,2,High
194.5,48.0,5.57,43.4,3,High
53.5,46.1,3.67,346.9,6,Medium
91.2,59.1,3.3,1.4,8,High
96.8,56.3,2.91,320.5,7,Medium
72.2,45.7,0.93,282.0,8,Low
62.4,16.9,2.61,0.0,6,Low
33.1,73.6,6.55,0.0,9,High
10.7,48.1,2.32,229.2,7,Low
32.9,51.8,2.72,108.5,7,Medium
70.3,85.2,5.26,39.2,0,High
18.4,70.0,0.23,349.3,8,Low
87.7,59.8,4.12,18.7,1,High
79.1,49.9,0.14,70.0,10,Low
47.5,49.7,3.72,83.1,6,Medium
60.3,55.3,2.96,0.0,9,Medium
22.0,59.0,4.1,160.1,9,Medium
134.3,87.7,1.18,49.7,4,High
132.7,100.0,2.04,239.2,3,High
26.1,56.4,4.2,253.5,0,High
26.9,2.6,2.08,175.5,0,Low
33.3,29.1,4.36,176.7,2,Medium
111.8,89.9,3.38,168.0,0,High
96.6,65.8,2.2,73.0,7,Medium
153.8,59.4,2.43,82.4,2,Medium
165.5,46.3,3.01,295.6,10,Medium
16.6,23.8,2.6,230.9,9,Low
109.0,86.9,4.31,172.7,1,High
161.1,31.9,2.33,216.0,5,Low
57.2,66.0,1.97,143.3,3,Medium
73.6,21.4,4.64,170.3,10,Low
65.3,45.3,2.24,215.4,10,Low
67.6,71.8,2.03,0.0,3,High
134.0,44.5,0.0,249.7,1,Medium
229.5,41.9,1.13,241.8,1,Medium
187.3,50.2,1.49,64.1,10,Medium
49.4,20.6,2.03,286.9,5,Low
91.4,16.5,1.7,0.0,4,Low
38.1,65.7,4.77,188.8,8,Medium
41.6,40.7,1.6,154.4,3,Medium
71.2,65.5,1.74,116.0,4,High
40.6,74.6,3.28,152.1,0,High
46.1,76.4,1.02,214.1,1,Medium
89.8,14.3,5.82,0.0,2,Medium
107.9,34.6,4.44,260.1,4,Medium
105.9,61.8,0.9,104.9,4,Medium
106.6,62.2,4.82,261.7,3,Medium
23.6,99.5,5.2,220.8,9,High
38.8,30.0,0.94,102.6,2,Low
77.2,75.7,0.9,141.3,8,High
156.2,58.2,1.9,147.7,0,Medium
313.2,13.9,0.45,326.7,5,Medium
94.1,37.9,1.6,24.6,6,Low
125.2,55.8,2.28,101.8,9,High
21.0,12.5,3.91,0.0,3,Low
122.9,4.4,3.15,163.6,9,Low
260.5,11.3,2.73,81.4,2,Medium
38.7,55.7,2.13,94.8,7,Medium
47.4,39.3,0.65,313.3,8,Low
136.8,36.4,4.07,59.4,0,High
76.5,37.1,4.02,132.5,10,Low
9.6,18.7,1.89,99.6,9,Low
49.8,40.0,1.02,106.5,8,Low
194.0,10.0,5.8,454.9,6,Low
59.9,76.1,3.44,0.0,0,High
59.9,87.2,3.71,220.8,6,High
130.9,0.0,3.79,417.0,4,Low
96.5,39.7,0.84,268.7,9,Low
57.4,41.1,5.7,155.2,6,Medium
44.8,46.2,2.27,21.0,8,Low
409.9,72.0,4.48,293.5,7,High
173.0,39.7,5.63,253.1,5,High
106.6,48.1,3.15,0.0,1,High
111.5,100.0,0.87,114.8,7,High
67.9,47.6,0.0,17.3,3,Low
95.7,88.9,2.93,0.0,7,High
62.4,61.0,3.45,14.8,6,Medium
35.6,37.8,1.95,161.6,3,Medium
98.4,34.1,3.24,213.8,7,Medium
58.2,49.8,3.77,114.4,10,Low
102.1,25.2,4.79,301.2,10,Low
116.1,31.0,2.59,263.2,10,Low
106.0,40.7,2.92,136.2,1,Medium
33.0,56.5,2.68,122.2,8,Medium
53.3,90.2,3.06,192.1,5,High
59.1,39.3,2.08,148.0,6,Low
147.2,60.2,2.07,0.0,9,Medium
142.0,14.2,2.18,117.5,0,Medium
40.9,73.3,3.28,223.2,2,Medium
23.1,12.1,1.47,294.6,9,Low
322.8,67.6,2.19,255.6,4,High
103.1,48.2,6.26,186.8,6,High
20.1,47.3,4.61,310.3,0,Medium
46.7,43.4,1.28,196.6,8,Low
151.4,21.4,4.56,140.3,4,Medium
273.5,22.5,4.13,312.7,2,Medium
244.7,68.4,2.81,229.2,6,High
100.0,50.3,1.73,293.2,9,Low
75.2,43.2,1.52,19.4,7,Low
30.2,59.8,3.4,55.4,9,Medium
80.1,52.2,1.48,60.1,9,Low
34.1,32.6,4.97,170.0,2,Medium
53.7,100.0,5.49,350.7,6,High
136.7,66.3,2.92,24.7,6,Medium
62.2,52.8,5.05,249.6,3,High
58.9,38.7,2.26,17.7,9,Medium
72.1,71.0,1.71,382.9,8,Medium
353.5,32.7,4.98,0.0,0,High
27.2,30.8,5.84,231.4,0,Medium
92.5,87.3,6.53,246.8,4,High
230.6,50.7,3.6,218.2,2,High
72.0,33.2,4.55,53.5,9,Medium
170.9,50.1,3.56,33.8,8,High
21.5,68.7,5.53,290.0,4,High
63.8,63.7,3.78,265.3,6,Medium
37.5,71.4,4.45,263.8,0,High
71.4,22.5,0.96,277.2,1,Low
72.5,70.9,2.58,0.0,10,Medium
78.4,46.1,4.46,0.0,3,High
135.9,52.0,4.3,76.2,8,Medium
5.6,76.6,4.62,97.2,4,High
45.0,65.5,3.22,85.5,4,Medium
88.0,57.7,1.83,180.5,8,Low
10.3,6.4,2.89,272.7,7,Low
117.1,49.0,3.08,117.7,1,Medium
44.3,32.7,3.44,60.3,6,Low
64.8,65.6,1.26,239.4,0,Medium
140.1,71.8,2.52,119.0,9,Medium
176.1,43.4,2.84,161.8,10,Medium
119.6,35.3,0.0,113.4,10,Low
26.4,84.2,4.5,187.4,8,High
115.4,36.7,3.3,38.5,2,Medium
120.9,23.7,3.48,229.9,1,Medium
104.8,31.7,2.07,146.4,3,Low
195.4,37.8,4.06,65.9,3,High
80.0,31.1,1.5,208.4,2,Low
190.4,68.6,1.79,65.8,1,High
189.6,1.6,4.13,70.7,4,Low
123.3,30.6,3.64,17.9,3,High
93.6,49.0,0.7,0.0,4,Medium
105.3,54.6,5.84,208.8,7,High
223.4,87.2,1.63,278.2,10,Medium
156.1,84.0,2.76,100.4,1,High
29.6,14.8,6.14,62.2,8,Low
100.6,8.0,0.0,0.0,9,Low
35.7,50.5,0.0,0.0,0,Low
43.1,35.2,3.8,229.9,7,Low
55.5,23.8,0.0,0.0,4,Low
19.4,50.4,0.0,24.2,1,Low
33.7,55.1,5.12,181.2,7,Medium
202.4,31.5,2.26,159.9,4,Medium
42.9,36.3,6.95,185.7,9,Medium
136.4,33.2,1.14,150.8,9,Low
85.4,40.9,2.43,110.7,2,Low
112.0,61.9,3.97,24.8,6,High
115.3,26.3,3.85,80.2,3,Medium
32.3,35.9,2.54,118.2,10,Low
135.9,41.2,1.83,0.0,10,High
23.8,49.9,3.42,63.5,9,Low
41.4,56.1,5.48,109.1,5,High
114.1,94.9,4.37,74.2,9,High
30.3,62.6,1.86,112.3,7,Medium
9.0,63.1,1.21,223.6,0,Low
97.2,44.1,1.75,237.1,1,Medium
15.9,28.4,0.71,316.2,7,Low
121.8,38.4,3.27,0.0,6,High
58.8,34.4,4.46,103.7,9,Medium
96.2,58.6,2.87,285.0,8,Low
94.9,13.7,6.1,0.0,1,Medium
128.1,63.0,6.2,20.6,7,High
116.5,47.4,3.55,82.3,5,High
30.1,66.1,4.26,374.9,0,Medium
61.7,34.1,1.38,42.8,3,Medium
96.1,30.2,2.35,269.2,1,Medium
192.7,41.1,5.29,146.9,6,High
117.3,40.5,1.96,23.9,8,Medium
181.7,67.7,5.68,458.0,5,High
99.8,67.5,5.0,171.4,3,High
157.9,91.9,4.35,191.4,4,High
90.4,39.1,0.89,208.8,10,Low
153.6,0.0,2.44,200.3,0,Medium
56.4,41.0,4.16,386.7,3,Medium
207.4,55.1,1.23,346.5,9,Low
107.9,65.7,2.66,47.5,2,High
19.5,56.7,4.35,372.1,8,Medium
98.5,39.1,1.98,73.0,5,Low
117.5,87.7,1.48,185.4,3,High
139.1,27.3,0.0,0.0,2,Low
255.4,44.0,2.3,264.0,3,High
49.3,26.2,4.39,116.2,7,Low
256.6,50.4,1.43,23.6,4,High
75.2,85.0,3.03,280.7,10,High
39.6,46.9,2.6,308.0,0,Low
50.2,47.0,1.8,311.7,4,Low
112.7,12.7,4.51,0.0,7,Low
34.6,43.7,5.96,323.1,10,Medium
57.2,75.3,4.81,116.9,3,High
96.7,44.5,1.75,375.7,1,Medium
206.4,43.0,6.59,218.7,2,High
136.4,74.3,4.8,177.6,10,High
77.6,43.1,2.18,150.9,8,Low
112.3,78.4,1.6,148.5,6,High
89.9,21.7,5.02,75.3,2,Medium
26.0,64.9,3.31,32.5,4,High
230.2,86.2,1.47,110.1,2,High
208.5,72.2,2.73,281.0,9,High
70.8,8.9,2.27,0.0,3,Low
51.7,36.0,1.52,297.5,7,Low
26.6,44.7,4.83,165.8,2,Medium
117.3,72.2,4.41,236.0,2,High
117.8,20.7,4.51,241.6,10,Low
37.3,27.6,4.48,252.1,10,Low
90.7,14.7,1.35,152.5,7,Low
133.5,31.8,1.91,155.8,9,Low
48.8,22.5,5.63,248.4,9,Low
64.2,85.2,3.19,35.5,6,High
63.7,35.8,0.35,18.6,6,Low
39.5,65.2,3.39,98.9,9,Low
65.2,50.4,4.18,181.7,1,High
16.2,50.1,3.94,361.3,6,Low
61.1,37.0,1.31,155.3,9,Low
61.8,66.9,6.4,370.0,10,High
71.5,53.4,0.3,206.7,9,Low
106.4,52.1,3.2,100.1,2,High
24.6,36.9,6.13,276.2,6,Medium
29.3,40.5,4.06,123.3,3,Low
38.6,63.0,4.51,177.6,7,Medium
22.1,55.1,1.1,3.0,7,Medium
115.2,52.7,3.62,0.0,5,High
47.1,33.4,2.93,210.9,2,Low
73.2,92.8,0.97,271.4,5,High
35.7,39.4,4.56,364.0,5,Low
56.0,49.3,1.52,61.0,2,Medium
93.9,45.9,1.74,311.0,10,Low
97.2,93.0,3.78,294.6,3,High
30.5,43.6,2.74,96.0,1,Medium
70.4,41.6,3.3,302.7,0,High
36.3,52.6,2.63,253.9,1,Low
68.4,34.7,5.54,275.6,6,Low
43.8,52.5,1.33,388.4,9,Low
239.8,100.0,2.16,271.1,4,High
132.9,56.6,3.87,0.0,8,Medium
100.3,55.8,1.22,185.5,2,High
59.9,34.2,1.14,0.0,1,Low
135.6,87.6,3.25,166.7,3,High
72.0,92.7,4.56,160.3,1,High
223.9,68.8,4.8,85.8,10,High
145.0,64.4,3.17,37.0,6,High
55.7,44.8,1.79,91.7,9,Low
207.4,58.6,3.5,112.9,5,High
60.2,31.6,4.02,135.5,7,Low
248.9,25.2,3.47,161.6,4,High
214.7,17.3,5.22,214.4,1,High
93.5,59.0,1.17,115.6,3,Medium
16.9,19.7,1.75,290.8,0,Low
88.3,39.0,4.97,145.8,1,High
27.6,48.7,0.35,251.7,3,Low
44.9,71.9,2.03,116.5,5,Medium
47.8,37.3,1.68,451.8,3,Low
27.4,74.5,0.18,201.4,3,Medium
88.6,70.7,2.66,329.9,10,Low
40.5,26.4,4.34,73.7,9,Low
62.4,74.7,3.28,100.8,9,Medium
48.2,43.8,4.44,122.3,1,High
106.8,39.0,5.15,422.0,8,Medium
101.3,43.9,2.31,126.6,9,Low
58.5,49.9,7.76,59.4,7,High
110.6,40.9,2.38,293.1,7,Low
171.4,31.5,2.62,156.5,4,High
7.4,33.5,1.73,126.0,2,Medium
45.9,53.1,3.98,82.9,5,Medium
32.7,46.5,2.48,203.8,8,Low
42.5,61.6,2.86,266.9,7,Medium
5.6,51.2,2.63,236.7,6,Low
6.9,51.7,2.59,97.3,10,Low
49.6,63.0,3.28,41.4,7,Medium
48.4,81.2,2.19,0.0,3,High
188.0,82.1,2.27,46.0,5,High
83.5,79.5,4.93,109.1,4,High
108.6,69.1,2.47,143.5,1,High
612.5,95.9,3.69,120.2,7,High
226.4,59.6,1.4,458.1,2,High
72.4,57.2,2.2,204.1,4,Low
53.0,99.4,0.78,13.9,7,Medium
46.5,0.0,6.34,222.1,10,Low
95.8,45.3,5.48,193.1,8,Medium
53.3,77.6,4.07,34.5,8,High
26.6,71.6,6.87,181.8,4,High
48.0,100.0,4.39,208.3,1,High
97.8,52.4,2.69,262.7,6,Medium
122.3,40.5,3.67,0.0,10,Medium
241.8,42.7,5.45,221.3,10,Medium
80.8,57.0,1.42,305.1,6,Low
178.3,85.7,0.89,357.6,7,Medium
64.2,86.0,3.73,15.1,7,High
71.3,48.8,1.94,133.9,4,Low
68.4,55.6,0.0,144.6,0,Medium
88.2,36.5,0.76,224.3,10,Low
137.7,38.8,2.44,131.9,3,Medium
51.5,73.0,3.09,71.3,3,High
34.3,85.2,3.14,173.9,10,Medium
145.3,34.7,6.61,112.9,2,High
138.3,55.3,2.63,211.8,7,Medium
197.2,44.7,3.5,60.9,2,High
45.1,69.0,0.07,37.5,4,Medium
62.4,41.5,2.94,294.7,1,Medium
149.1,7.6,3.6,400.0,5,Medium
51.0,72.1,0.52,350.4,5,Low
118.7,43.3,1.32,142.1,7,Low
64.5,45.6,3.88,266.1,7,Low
95.4,59.6,2.02,74.5,0,High
26.1,57.8,2.82,205.9,4,Low
80.1,60.0,3.97,85.8,1,High
169.1,14.1,6.67,288.2,9,Low
129.8,62.2,2.6,273.6,4,High
32.3,8.0,6.18,378.4,9,Low
229.2,66.9,0.0,124.8,8,Medium
162.2,74.6,3.27,323.7,3,High
27.3,19.9,2.4,205.7,7,Low
48.3,57.2,2.04,158.3,0,High
28.8,73.3,4.18,187.1,7,Medium
97.4,40.1,2.61,336.8,5,Medium
46.5,64.8,0.0,135.5,7,Medium
9.7,0.0,0.14,141.1,5,Low
71.1,74.2,4.3,0.0,10,High
141.4,50.7,0.05,133.8,2,Medium
81.3,44.3,4.35,179.1,10,Medium
111.2,71.6,3.22,66.2,7,Medium
87.2,88.0,2.69,39.1,4,High
126.1,60.7,2.85,0.0,9,Medium
93.1,85.4,3.93,85.7,4,High
68.1,15.8,0.88,306.3,6,Low
80.6,64.7,3.08,0.0,5,Medium
202.1,47.1,0.95,236.8,8,Low
115.7,32.7,3.29,246.7,6,Medium
32.2,7.6,4.16,419.8,2,Low
79.6,63.5,3.3,264.2,10,Medium
96.1,69.3,4.1,255.0,10,Medium
66.3,79.5,1.74,190.4,4,High
9.8,75.9,2.89,150.1,8,Medium
35.3,33.0,2.57,243.7,10,Low
53.4,78.4,2.45,287.4,9,Medium
246.8,80.7,1.56,168.8,1,High
106.9,44.3,2.22,292.1,0,Medium
16.2,50.6,1.0,467.2,10,Low
69.7,29.4,0.0,157.8,7,Low
181.4,82.6,1.74,160.9,7,Medium
45.9,16.7,4.13,139.9,1,Low
152.9,61.8,3.42,164.7,7,High
16.8,36.9,0.74,284.5,4,Low
1.5,25.6,2.27,159.6,1,Low
168.6,8.8,4.25,170.8,6,Medium
51.2,45.3,2.19,122.5,6,Medium
54.6,22.2,0.45,203.8,2,Low
86.6,51.2,7.06,94.6,0,High
104.2,88.9,2.7,15.1,10,High
3.4,54.4,0.91,199.2,3,Low
42.9,93.9,3.31,367.7,1,High
78.5,28.4,2.85,118.1,3,High
104.1,21.8,0.23,35.5,7,Low
31.8,27.4,3.17,360.7,1,Low
63.6,48.6,4.77,155.0,0,High
45.8,100.0,2.58,253.9,10,High
88.8,13.4,0.0,69.8,2,Low
164.5,63.6,3.62,151.1,9,High
57.1,34.6,4.09,304.1,6,Low
20.2,45.1,1.94,164.4,5,Low
40.9,22.3,1.96,165.8,5,Low
227.7,69.3,7.06,0.0,6,High
35.4,49.0,1.82,236.6,7,Low
24.6,73.9,0.98,63.6,2,Medium
54.3,53.9,3.05,273.2,2,Medium
69.7,7.5,4.03,172.3,9,Low
48.3,74.1,3.96,182.0,7,Medium
16.9,5.7,0.0,235.0,6,Low
95.3,8.9,1.81,191.3,9,Low
88.9,29.8,5.08,339.0,4,Medium
122.9,30.1,3.59,321.6,3,Medium
87.4,80.7,0.78,16.1,5,High
215.4,46.2,5.24,131.2,8,High
129.6,77.4,4.74,242.0,5,High
111.9,37.5,2.47,46.3,7,Medium
168.6,57.0,4.58,0.0,0,High
83.5,60.4,6.6,66.4,5,High
64.7,65.3,1.1,137.3,1,Medium
94.5,39.8,4.0,0.0,2,High
9.2,41.7,6.57,27.5,5,Medium
83.7,43.4,4.18,0.0,1,High
69.6,13.6,1.64,276.1,3,Low
102.1,48.2,3.43,252.5,5,Medium
153.3,41.6,5.47,180.6,4,High
114.3,62.8,1.17,161.0,5,Medium
41.0,52.0,2.95,209.9,5,Medium
136.5,79.4,2.56,40.2,7,Medium
217.4,51.5,1.86,287.8,8,Medium
156.0,37.6,3.43,160.2,4,Medium
22.2,51.3,2.82,250.9,5,Low
113.4,65.9,4.16,246.4,5,Medium
25.7,11.0,5.05,208.8,5,Medium
59.7,34.3,0.71,184.4,1,Medium
99.9,34.7,3.12,176.2,3,Low
90.6,59.0,2.9,143.1,0,High
153.9,61.6,3.37,203.1,0,High
218.1,52.2,2.97,172.7,0,High
107.3,0.0,1.23,96.4,6,Low
56.1,13.7,5.62,217.1,0,Low
9.8,44.7,6.39,180.9,5,Medium
180.6,39.0,3.98,283.1,1,High
69.9,50.1,4.08,0.0,5,High
72.8,39.7,3.24,154.0,5,Low
77.4,83.7,4.74,70.3,10,High
103.8,0.0,0.0,93.1,2,Low
106.0,56.7,2.99,211.6,7,Medium
60.5,68.2,1.97,0.0,10,Medium
69.4,65.4,3.26,164.6,3,High
45.1,67.3,4.97,153.3,6,High
40.9,70.5,3.03,34.5,3,High
40.8,36.7,2.35,167.4,0,Low
68.8,25.8,0.47,66.2,5,Low
34.0,5.2,2.8,391.7,4,Low
1.2,42.0,4.21,282.2,8,Low
55.3,32.9,1.49,157.4,8,Low
23.6,75.6,0.0,102.5,10,Low
81.5,43.7,7.09,205.4,7,High
45.0,27.3,3.6,234.4,6,Low
104.7,23.9,2.6,178.0,1,Medium
25.9,93.8,5.5,38.3,7,High
12.3,49.5,3.25,126.9,2,Medium
69.5,32.8,5.4,158.6,5,Medium
53.3,52.7,5.24,181.9,9,Medium
21.6,91.7,0.71,184.5,6,Medium
129.7,41.4,3.83,230.4,5,High
30.5,65.1,6.11,297.6,4,Medium
39.2,76.1,1.2,261.4,3,High
147.1,8.4,1.22,214.9,1,Medium
109.1,36.0,1.53,11.7,8,Low
27.4,73.3,4.6,280.5,6,Medium
57.4,34.6,3.51,240.1,6,Low
24.7,59.1,0.0,121.9,3,Low
139.8,33.3,3.61,153.3,4,Medium
139.8,40.2,2.55,157.2,5,Medium
239.4,37.5,2.8,101.8,10,Medium
301.0,64.0,1.49,0.0,1,High
44.5,54.4,3.63,27.2,3,Medium
124.5,52.2,4.89,50.3,3,High
10.2,100.0,1.84,0.0,3,High
86.3,88.3,0.0,27.5,6,Medium
102.5,6.4,2.45,275.5,6,Low
32.2,40.2,4.36,203.5,6,Low
42.1,100.0,2.24,43.2,6,High
140.4,37.4,0.3,74.3,1,High
104.4,95.9,4.37,285.2,4,High
219.5,40.6,5.55,282.5,9,Medium
202.9,44.9,3.04,157.7,1,High
14.1,69.0,0.11,279.2,4,Low
48.5,48.0,2.43,65.8,5,Low
29.0,60.9,3.27,175.0,2,Medium
128.2,84.6,1.54,0.0,5,High
92.7,66.7,4.05,109.9,4,High
31.0,53.1,1.37,153.1,3,Low
35.8,86.8,3.05,0.0,9,High
173.5,69.3,2.59,215.2,8,High
53.2,33.9,4.11,233.6,10,Low
8.1,93.6,2.97,261.2,7,Medium
28.4,64.1,2.65,406.8,6,Low
249.9,45.3,1.55,195.8,10,Low
150.1,5.5,3.06,143.0,0,Low
23.2,19.7,2.53,0.0,8,Low
86.3,87.4,1.43,193.1,8,Medium
143.7,88.3,3.29,211.5,5,High
13.8,51.9,3.66,0.8,6,Medium
154.9,11.1,2.39,123.6,2,Medium
103.7,26.1,4.68,151.2,4,Low
40.0,14.3,3.48,208.2,6,Low
115.8,13.5,0.69,244.2,0,Low
93.7,94.6,5.41,91.0,0,High
98.4,95.3,4.38,172.1,4,High
83.9,25.3,4.8,213.1,8,Low
34.6,49.8,3.72,130.0,6,Low
40.8,21.7,0.0,103.6,0,Low
62.0,49.7,4.97,228.4,4,Low
77.7,86.1,3.11,130.5,7,High
120.7,73.7,3.64,18.3,7,High
253.7,67.8,3.97,301.0,1,High
89.3,45.7,6.49,30.5,6,High
119.2,77.8,2.02,139.6,9,Medium
138.7,64.2,2.06,185.4,4,High
125.2,58.9,1.47,200.1,8,Low
33.4,47.5,1.07,168.7,2,Low
184.5,57.0,1.11,0.0,0,High
165.6,56.3,0.0,72.7,3,High
83.1,38.1,3.77,182.6,6,Medium
35.3,33.0,6.58,138.0,0,High
76.8,28.1,6.69,206.3,1,High
15.9,29.5,1.47,262.4,4,Low
200.6,45.9,2.51,205.7,8,Medium
44.1,42.2,5.22,69.8,0,Medium
59.5,36.3,3.78,90.8,3,Low
191.3,34.7,3.24,329.5,2,Medium
176.3,56.4,2.54,130.3,4,High
96.4,80.3,5.12,139.5,4,High
220.6,49.8,1.07,206.1,9,Medium
32.4,48.3,3.87,286.1,1,High
96.4,29.4,3.62,50.9,4,High
32.6,45.1,3.08,95.4,8,Low
158.9,76.2,4.42,0.0,4,High
155.1,72.8,3.06,117.4,10,High
230.9,71.3,2.04,212.4,9,High
75.0,70.6,3.17,109.9,1,High
273.2,59.6,0.13,343.6,6,Medium
30.1,58.8,4.1,162.8,5,Medium
71.9,55.4,4.56,138.8,6,Medium
31.2,40.8,1.82,111.3,7,Low
87.0,51.8,1.39,0.4,9,Low
33.8,54.7,1.88,140.1,4,Low
159.1,63.9,2.89,189.4,1,High
106.1,52.2,3.39,137.0,6,High
27.8,96.3,5.91,175.4,6,High
134.7,23.4,5.68,76.2,7,Medium
210.5,66.6,4.5,13.1,6,High
113.5,49.1,3.22,138.3,9,Low
20.3,50.0,1.33,174.3,6,Low
66.7,32.1,6.02,131.4,8,Medium
124.0,72.4,2.55,172.4,7,Medium
61.8,64.4,3.51,235.4,1,High
29.8,68.3,4.13,235.0,1,High
171.6,53.7,3.11,244.3,6,Low
59.7,42.9,5.07,260.6,9,Low
210.5,48.5,3.82,204.7,10,High
48.7,59.5,4.78,189.2,9,High
56.9,5.9,3.81,363.7,2,Low
45.5,69.2,2.93,236.2,0,High
65.8,100.0,3.13,57.0,8,High
104.9,60.6,2.89,0.0,2,High
31.3,43.8,0.69,123.5,0,Low
26.0,46.5,1.2,218.7,5,Low
13.5,65.6,4.33,255.5,3,Medium
11.6,44.3,0.73,12.4,0,Low
20.6,69.1,2.27,230.2,3,Medium
48.4,46.2,1.11,274.8,7,Low
85.8,87.7,2.18,217.0,10,Medium
100.8,87.1,2.72,195.7,6,Medium
82.9,42.7,2.27,135.4,0,Medium
194.8,48.2,0.43,99.4,9,Low
236.6,49.5,2.67,236.4,8,Medium
59.9,49.8,1.27,214.2,5,Low
31.8,29.2,1.85,114.0,1,Low
284.2,26.1,4.33,429.6,2,High
167.6,77.5,4.72,0.0,6,High
159.3,74.0,0.64,124.5,2,High
46.8,73.6,5.82,65.1,2,High
137.0,48.5,2.08,192.3,4,Medium
83.4,91.6,1.92,0.0,2,High
70.8,49.5,1.4,289.6,2,Medium
70.7,69.0,3.1,260.6,10,Low
108.4,19.5,6.57,179.4,4,Medium
199.0,44.9,0.23,115.9,4,Medium
299.5,46.6,0.0,228.8,8,Medium
53.9,48.6,3.48,186.2,0,High
86.9,20.8,4.02,254.7,0,Low
69.4,65.5,3.09,136.5,10,Medium
103.3,72.6,4.07,130.0,8,High
62.8,33.6,0.96,268.6,4,Low
42.2,24.8,1.3,219.7,3,Low
53.9,33.1,3.22,130.9,1,Medium
47.4,60.9,6.16,190.5,8,Medium
66.8,36.9,4.01,170.3,5,Medium
22.2,47.1,4.09,201.4,8,Medium
48.1,26.4,1.07,289.6,4,Low
102.6,93.5,3.76,111.5,3,High
102.0,51.6,0.87,79.1,6,Medium
90.7,75.3,6.18,180.1,4,High
187.6,60.8,1.18,91.0,7,Medium
105.5,49.1,1.57,49.8,7,Medium
183.5,47.9,0.35,259.3,1,Medium
299.6,34.0,3.15,118.4,4,High
139.4,40.1,3.08,0.0,9,Medium
22.3,27.8,5.72,243.2,7,Low
93.3,25.4,4.4,101.8,2,Medium
83.5,95.9,1.58,213.6,6,High
210.3,56.1,4.57,269.2,2,High
68.7,82.2,0.76,170.9,5,Medium
37.3,32.5,1.71,0.0,1,Medium
50.5,22.5,3.21,0.0,5,Medium
23.2,28.5,0.96,76.0,5,Low
268.7,40.7,4.92,143.7,7,High
76.1,50.8,7.1,282.0,4,Medium
25.4,46.7,2.47,182.0,0,Medium
222.9,33.0,1.83,437.9,7,Low
248.0,51.9,2.77,0.0,8,High
85.7,53.9,2.0,163.3,0,High
21.1,65.5,3.47,101.0,4,High
51.6,82.3,0.62,175.8,5,Medium
63.0,42.0,3.57,342.7,3,Low
78.1,76.7,6.44,349.6,10,High
28.7,51.5,0.0,156.0,1,Medium
147.4,16.4,0.9,244.8,4,Low
7.1,89.2,2.2,173.7,3,High
164.0,100.0,3.98,31.7,6,High
187.8,63.6,4.6,151.6,5,High
55.9,52.0,4.46,94.4,2,High
71.3,44.0,0.0,143.1,8,Low
203.6,39.8,1.79,56.3,3,Medium
120.6,76.6,1.38,167.1,10,Low
57.6,49.6,2.88,183.6,4,Medium
63.3,86.8,3.03,227.5,2,High
108.8,50.8,0.54,184.1,7,Low
253.0,40.9,2.21,329.8,10,Medium
64.9,36.8,4.04,391.1,6,Low
56.1,33.6,1.87,105.5,10,Low
77.7,61.3,2.64,256.7,10,Medium
78.0,21.5,6.05,382.6,6,Medium
95.4,32.0,6.58,259.6,7,Medium
71.5,79.1,0.0,228.9,6,Medium
170.6,29.0,3.21,0.0,2,Medium
34.7,69.0,8.25,88.6,2,High
103.2,4.6,3.86,104.7,1,Low
106.1,81.9,3.03,302.6,0,High
37.6,22.1,5.36,69.6,4,Low
102.5,30.7,3.39,140.6,3,Medium
108.2,65.0,4.28,242.4,10,Low
3.4,55.9,2.62,64.7,1,Medium
31.7,69.7,3.37,180.7,0,High
215.0,21.9,3.77,166.4,2,High
46.0,43.7,4.56,246.5,5,Medium
25.4,36.4,2.22,222.5,1,Low
11.0,25.6,2.17,219.0,9,Low
29.0,63.1,0.0,172.1,6,Low
69.2,70.7,2.3,0.0,10,Medium
23.6,42.6,4.72,165.4,6,Medium
121.8,83.5,3.83,156.1,10,High
37.0,32.7,1.21,234.3,2,Low
95.9,83.0,0.0,103.5,0,High
194.8,62.4,2.74,154.6,8,High
186.8,23.1,4.66,158.1,10,Medium
94.7,93.6,2.14,71.6,4,High
27.2,40.2,0.4,23.1,1,Low
72.9,76.5,1.94,192.1,7,Medium
97.0,53.2,3.59,260.9,9,Medium
336.0,58.2,5.24,81.3,9,High
10.8,69.8,2.54,126.0,3,Medium
73.1,68.6,4.9,241.3,10,Medium
118.7,42.5,4.7,251.9,9,Medium
82.4,61.7,0.88,175.5,6,Low
89.4,60.0,5.25,195.6,4,High
39.1,54.7,3.53,208.5,2,Medium
145.6,45.5,0.83,228.2,9,Low
78.0,54.7,6.17,32.1,7,High
89.1,93.3,2.77,360.9,1,High
156.3,43.5,0.0,180.1,0,Medium
59.0,76.5,1.73,230.3,4,Medium
180.0,36.4,1.29,66.2,10,Medium
22.8,30.6,1.77,129.6,3,Medium
92.9,100.0,2.2,191.5,10,Medium
36.9,61.9,2.54,0.0,9,Low
28.5,62.5,2.47,50.9,6,Medium
251.0,63.1,2.82,70.2,8,High
24.0,81.0,4.06,9.3,5,Medium
79.2,59.0,1.66,161.7,10,Low
22.2,68.0,5.13,141.9,0,High
172.5,26.7,0.79,306.6,7,Low
54.3,71.6,4.11,26.7,1,High
155.8,44.8,5.96,175.8,3,High
115.9,64.8,2.68,53.2,2,High
304.2,12.3,3.35,0.0,5,High
17.7,63.9,1.26,214.7,1,Medium
31.5,0.7,2.08,223.8,4,Low
150.0,43.9,5.82,210.7,10,Medium
96.3,12.5,4.35,5.2,8,Medium
62.5,63.9,3.75,159.2,2,High
268.2,51.5,0.0,215.7,1,High
75.0,33.0,1.71,254.7,1,Medium
38.2,81.6,6.13,219.1,8,High
157.1,30.3,3.74,256.2,5,Medium
77.0,0.0,3.96,267.4,1,Low
81.7,61.3,3.31,161.5,2,High
122.9,11.1,1.9,204.8,0,Low
126.3,31.0,3.6,260.0,1,Low
31.1,38.6,0.25,192.9,1,Low
59.7,18.7,0.11,281.9,10,Low
20.2,39.1,1.68,246.2,1,Low
97.3,19.1,3.35,80.4,6,Low
248.1,53.6,0.17,6.3,2,High
32.3,23.0,3.23,152.1,10,Low
16.3,50.7,1.21,20.1,3,Medium
43.9,75.6,1.45,159.1,1,Medium
62.1,67.2,5.34,149.2,4,High
127.1,48.2,3.07,293.1,8,Medium
57.0,28.2,1.37,205.6,8,Low
98.6,53.5,3.34,257.6,6,Medium
49.7,34.7,0.35,96.1,7,Low
64.9,54.4,3.69,318.3,4,Medium
37.1,12.3,4.99,248.3,4,Low
27.1,67.8,4.19,197.0,2,High
130.3,50.7,6.88,0.0,5,High
52.6,98.6,0.0,279.7,0,High
103.9,78.7,3.23,345.1,2,High
36.5,62.5,0.58,151.2,10,Low
75.4,47.3,2.69,153.5,1,Medium
7.4,33.9,3.0,93.2,6,Low
56.0,70.7,7.1,0.0,8,High
40.2,45.0,2.89,88.2,3,Medium
167.8,75.7,2.86,332.5,6,High
23.1,58.8,4.81,268.7,7,Low
67.0,59.0,2.9,65.0,9,Low
96.4,63.1,6.3,86.4,1,High
152.1,29.8,4.21,384.9,6,Low
137.9,27.5,4.49,37.8,2,Medium
71.3,26.8,0.0,71.3,7,Low
79.3,73.0,6.57,102.7,5,High
167.7,29.2,1.82,0.6,2,High
70.2,31.9,2.98,90.9,7,Low
85.9,61.8,1.83,92.5,10,Medium
171.5,44.5,1.16,50.8,2,Medium
331.8,41.6,0.84,296.1,8,Medium
91.5,39.7,3.19,21.6,10,Low
110.4,0.0,0.0,134.4,2,Low
135.1,28.7,2.56,53.5,0,Medium
170.4,76.0,4.9,126.9,1,High
154.7,38.1,4.14,48.4,3,High
46.4,8.2,3.78,158.3,10,Low
96.0,27.8,1.39,185.4,1,Low
155.5,57.9,0.15,304.2,3,Medium
195.0,57.5,4.88,85.3,3,High
67.1,43.5,2.19,328.0,3,Low
94.3,34.8,2.85,61.2,0,High
102.4,19.2,2.64,123.8,8,Low
77.3,58.1,4.21,344.1,9,Low
92.5,68.4,6.32,469.3,10,Medium
465.2,78.4,5.63,335.5,6,High
64.9,25.6,0.0,125.4,1,Low
69.0,80.0,2.44,206.6,2,High
14.4,48.8,0.58,225.1,7,Low
11.7,50.6,4.69,188.0,6,Medium
107.7,69.7,3.01,39.1,3,High
155.9,38.1,4.09,175.8,3,Low
136.7,2.4,2.29,94.4,8,Low
36.4,65.5,1.13,43.5,4,Medium
131.2,57.7,1.44,115.7,10,Low
68.1,42.1,0.24,184.7,4,Low
55.5,63.7,0.73,260.2,6,Low
20.8,68.2,0.35,122.1,0,Medium
40.7,16.7,1.14,141.4,2,Low
109.5,50.5,1.03,238.4,1,Medium
95.3,0.0,3.71,157.8,10,Low
85.2,47.3,3.64,192.0,9,Low
6.3,41.8,3.71,158.6,5,Low
85.9,60.8,5.11,172.3,10,Medium
45.9,26.4,2.86,31.3,5,Low
95.8,40.7,1.59,163.5,9,Low
173.9,0.0,6.98,307.1,0,High
51.9,62.3,4.63,168.6,5,High
81.2,48.1,3.27,58.3,9,Medium
267.2,51.9,3.15,312.4,1,High
92.3,17.1,3.52,229.4,10,Low
73.7,58.8,2.64,234.4,3,Medium
37.0,86.4,3.23,231.5,5,Medium
133.7,45.9,3.9,26.1,2,High
31.4,64.3,1.69,221.3,2,Medium
179.1,30.8,0.06,302.3,2,Low
120.6,48.3,0.0,97.2,3,Low
47.2,16.3,4.6,0.0,8,Medium
38.1,67.3,0.15,190.2,3,Low
39.0,53.5,3.84,153.6,3,Medium
12.0,23.2,0.92,0.0,3,Low
105.9,32.4,0.95,216.6,6,Medium
7.5,51.3,1.71,208.3,4,Low
70.1,70.3,3.35,0.0,1,High
66.6,82.5,0.68,357.8,6,Medium
57.6,47.0,1.89,232.6,2,Low
105.3,20.0,2.95,0.0,10,Medium
47.3,55.2,0.82,240.1,0,Medium
86.0,89.3,5.57,236.9,8,High
179.0,14.3,0.0,305.7,4,Low
114.5,29.0,2.61,81.4,9,Low
53.5,63.4,5.29,241.7,0,Medium
75.5,53.4,0.62,124.0,10,Low
57.6,38.0,2.8,88.8,0,Medium
65.9,54.8,3.24,54.8,0,High
88.0,71.5,1.55,0.0,8,Medium
19.8,47.8,2.86,209.4,7,Low
15.2,45.9,4.01,120.0,10,Low
34.2,63.0,2.16,0.0,5,Medium
109.0,44.0,4.38,158.3,9,Medium
119.8,75.1,3.71,277.4,5,High
132.7,94.6,1.95,6.2,5,High
35.4,30.4,5.03,71.6,3,Low
80.8,22.5,1.67,198.5,4,Low
54.9,58.2,4.54,0.0,9,High
68.0,21.7,1.7,91.3,2,Low
54.1,21.3,2.43,188.1,2,Low
91.8,4.9,2.71,88.3,9,Low
42.4,41.6,3.61,7.2,6,Medium
165.7,49.3,0.0,12.5,4,High
166.7,38.6,3.82,0.0,7,High
106.6,80.6,2.82,80.4,4,High
152.7,78.9,3.51,266.2,3,High
19.0,92.4,3.9,409.8,2,High
172.3,51.0,3.71,154.0,1,High
99.3,76.0,0.0,234.5,2,Medium
44.7,56.8,1.09,46.5,6,Low
40.9,54.6,3.6,0.0,7,High
212.7,39.7,3.36,353.7,4,High
134.1,0.2,1.58,84.5,10,Low
66.6,64.0,4.33,229.1,0,High
18.8,75.4,2.54,167.4,2,Medium
178.3,16.4,4.59,259.4,3,Medium
27.3,49.8,5.18,255.0,9,Medium
55.7,71.8,3.5,180.5,3,High
66.5,42.1,4.0,192.7,0,High
40.3,76.2,1.9,283.4,9,Low
64.2,46.9,4.61,104.9,8,Medium
74.6,38.4,3.39,321.1,9,Low
63.2,77.5,2.47,72.1,3,High
95.1,29.5,0.81,158.4,1,Medium
217.9,34.1,2.13,219.2,8,Medium
19.8,30.3,1.0,0.0,3,Low
84.5,24.9,4.37,302.0,3,Low
27.6,53.4,5.2,202.3,10,Low
17.8,38.7,4.65,513.1,5,Low
144.8,60.7,7.47,378.9,7,High
90.0,11.8,2.17,148.8,4,Low
16.5,25.3,4.07,346.4,7,Low
64.2,51.1,0.87,243.2,0,Medium
34.3,82.3,2.64,175.4,3,Medium
66.0,58.3,0.34,0.0,0,Medium
122.9,37.0,4.02,0.0,2,High
114.2,17.2,2.36,150.5,10,Low
54.4,35.7,0.0,95.5,6,Low
149.5,49.1,1.77,174.8,0,Medium
188.6,0.0,6.23,301.0,4,Medium
124.3,23.3,3.74,245.1,0,Medium
47.1,33.8,4.38,73.4,5,Medium
67.7,44.3,3.23,251.7,8,Medium
213.4,48.8,2.67,49.5,2,High
57.8,36.6,3.03,24.4,10,Low
114.4,61.1,3.44,192.0,10,Medium
39.8,52.7,1.03,60.4,5,Low
150.3,41.9,4.37,79.4,3,High
35.8,64.2,5.02,259.3,5,Low
70.0,62.4,2.65,222.3,1,High
111.6,18.0,2.06,109.1,3,Low
242.7,49.3,1.66,0.0,6,High
88.8,69.6,6.17,69.1,10,High
60.8,73.3,2.19,363.6,5,Medium
57.1,58.2,4.18,256.3,8,Medium
145.8,44.9,2.66,306.6,10,Medium
105.2,59.3,2.56,178.2,6,Medium
121.2,67.8,1.62,111.4,0,High
203.4,52.5,1.25,249.6,5,Medium
78.5,55.0,4.33,291.0,10,Low
99.9,44.5,1.21,97.2,2,Medium
56.5,20.6,3.83,71.5,7,Low
38.5,46.2,3.16,0.0,0,Medium
45.4,35.1,4.35,68.8,9,Low
4.2,35.2,1.9,223.6,1,Low
110.8,81.5,4.94,84.4,2,High
102.7,70.9,2.75,252.5,2,High
109.1,12.7,7.67,366.4,6,Low
36.2,26.1,0.09,152.7,7,Low
46.1,42.0,7.37,148.2,8,High
44.8,35.9,2.77,210.3,6,Low
160.4,57.0,3.4,86.8,7,High
86.4,22.6,1.91,78.8,10,Low
77.9,71.1,0.18,82.1,5,High
129.1,49.0,2.05,24.0,1,Medium
44.9,42.5,2.34,249.0,0,Low
98.1,49.7,3.33,95.4,2,Medium
263.6,40.8,5.02,272.3,8,Medium
177.7,5.3,3.34,208.2,6,Low
97.1,50.3,3.37,147.5,1,Medium
80.2,42.9,3.69,239.1,0,Medium
108.4,29.0,0.0,46.2,1,Low
194.4,74.1,0.01,64.2,2,High
185.3,64.7,0.31,228.5,5,Medium
216.4,100.0,2.33,0.0,8,High
90.0,68.4,0.0,151.6,7,Medium
7.4,35.8,1.76,215.0,9,Low
251.4,30.1,0.54,294.2,8,Low
38.4,39.1,3.88,316.7,10,Low
127.6,35.3,3.79,135.7,10,Medium
7.6,52.4,2.46,234.7,7,Low
76.7,16.1,0.0,61.5,6,Low
57.9,64.2,2.57,101.2,5,High
216.7,52.0,3.59,300.4,7,High
98.0,61.7,4.46,145.6,5,High
76.1,24.8,6.16,167.6,1,Medium
105.9,55.4,5.01,36.4,8,High
2.1,78.6,3.3,196.5,8,Medium
44.0,31.1,2.49,232.9,2,Low
50.1,30.5,1.66,229.5,8,Low
118.1,65.7,5.44,16.8,1,High
31.1,28.7,3.3,260.0,2,Medium
87.1,44.9,4.13,40.2,5,Medium
70.5,82.5,1.94,147.1,3,High
46.1,30.8,0.77,0.0,7,Low
48.8,84.0,2.28,130.3,0,High
70.0,42.6,2.45,39.6,5,Medium
10.7,25.3,3.35,100.6,1,Low
130.4,63.3,1.67,156.6,5,High
38.2,52.4,3.04,241.0,0,Medium
60.9,50.3,5.12,237.2,1,High
211.5,33.1,0.0,0.0,8,Low
131.9,52.2,0.0,224.6,5,Medium
26.0,4.5,5.24,172.7,7,Low
1.4,54.8,0.37,88.4,6,Low
109.2,78.5,2.32,53.2,8,Medium
62.9,11.2,4.1,143.1,8,Low
87.5,41.1,2.89,175.4,10,Low
128.9,30.8,2.87,191.6,3,Medium
143.3,16.8,3.13,128.3,6,Medium
53.4,4.8,7.53,0.0,4,High
69.1,24.0,6.21,95.5,6,Low
100.2,44.7,1.75,19.8,3,High
105.0,75.3,4.89,376.1,9,High
86.9,16.5,3.91,156.5,10,Low
196.1,56.5,2.96,231.5,10,Medium
104.2,54.8,1.37,219.9,0,High
127.5,86.8,3.81,184.1,3,High
92.4,62.6,2.45,104.2,9,High
30.9,63.8,2.32,90.2,2,Medium
43.9,65.4,1.62,0.0,8,Medium
25.0,29.7,4.8,165.6,4,Medium
154.4,37.4,1.62,183.0,3,Low
16.4,74.6,1.63,144.7,7,Medium
66.9,4.9,4.4,165.8,4,Low
55.8,35.0,2.74,17.3,2,Medium
54.6,20.7,2.79,117.7,1,Low
58.6,55.2,4.86,78.5,7,High
220.9,40.7,5.36,223.2,1,High
9.7,63.8,0.0,154.5,7,Low
179.9,47.6,2.77,79.6,4,High
62.7,16.0,0.46,132.4,7,Low
136.8,17.0,2.3,35.7,4,Low
79.7,49.9,2.99,113.9,0,Medium
27.6,33.0,2.36,214.1,10,Low
191.5,38.3,1.15,3.4,10,Medium
172.0,70.6,1.06,143.3,1,High
29.6,66.7,4.31,67.5,5,Medium
115.2,89.6,5.76,3.5,2,High
45.7,43.0,0.0,355.2,7,Low
17.2,35.9,2.41,287.9,4,Low
38.2,59.2,4.32,84.2,2,High
184.1,37.7,2.94,118.1,9,High
139.2,38.4,1.0,0.0,6,Medium
59.2,45.6,2.14,0.0,7,Medium
184.6,86.4,3.54,25.9,3,High
163.2,65.5,2.45,146.3,10,High
38.3,67.8,2.91,137.4,8,Medium
215.1,85.4,2.97,186.5,5,High
55.4,69.9,2.06,224.6,0,Medium
61.8,25.1,4.47,180.6,4,High
10.1,69.5,2.14,31.0,4,High
44.9,72.3,1.19,185.6,6,Medium
67.3,64.3,7.01,219.9,6,High
94.3,45.7,2.86,103.0,5,Medium
27.7,62.0,0.0,0.0,7,Low
39.9,49.6,5.26,280.2,1,High
218.2,28.5,5.25,159.7,6,Medium
156.0,33.9,3.82,0.0,9,Medium
175.8,65.5,4.14,377.7,6,High
71.8,30.1,6.89,97.3,3,High
96.4,32.1,1.27,418.3,9,Low
117.0,66.6,3.24,191.5,1,High
216.1,52.9,6.55,127.7,3,High
16.8,62.7,6.93,170.2,3,High
48.9,23.0,2.34,72.0,5,Low
90.1,62.1,6.62,156.7,6,High
80.1,35.5,4.44,371.2,2,Low
39.4,27.6,5.69,51.2,9,High
109.9,38.9,4.39,208.7,0,High
50.5,80.0,3.55,70.8,2,High
75.7,42.0,6.98,131.5,8,High
106.5,98.4,2.05,367.4,0,High
52.6,4.6,6.42,207.9,7,Medium
131.2,16.0,6.71,232.0,1,High
148.1,79.1,5.45,157.8,5,High
40.8,84.7,2.87,446.5,2,Medium
50.2,31.0,3.44,45.5,6,Medium
31.7,51.5,0.71,0.0,1,Medium
74.5,65.7,2.19,335.5,3,Medium
94.3,45.0,4.12,108.0,9,Low
56.8,53.3,0.43,195.1,8,Low
92.4,50.2,2.46,338.8,5,Medium
49.1,17.4,6.5,196.6,3,Low
50.5,42.4,2.72,395.4,1,Medium
97.9,50.3,4.86,165.0,9,High
53.3,52.3,4.02,72.1,8,Medium
71.4,11.9,2.45,0.0,3,Medium
100.4,66.6,2.72,183.1,8,Medium
91.4,52.8,3.3,0.0,1,High
49.7,26.8,0.0,185.7,6,Low
158.5,89.6,4.7,310.5,10,High
113.3,42.4,2.79,148.1,10,Low
90.1,43.8,4.77,170.9,4,Medium
27.8,64.1,3.7,250.7,7,Medium
81.6,91.4,2.71,223.6,10,High
44.2,65.0,3.36,277.7,7,Medium
107.5,68.2,3.36,147.9,3,High
1.4,28.0,5.66,0.0,3,Medium
61.1,51.9,3.11,279.4,7,Low
47.9,38.3,3.52,123.7,2,High
131.6,65.5,0.73,53.3,6,Medium
10.5,67.5,2.92,187.0,7,High
77.7,85.9,5.62,170.5,7,High
112.3,2.5,3.77,67.6,10,Low
242.8,36.1,1.05,8.6,9,Low
50.3,78.6,1.25,201.5,3,Medium
95.5,19.2,1.67,56.5,8,Low
11.4,67.7,4.8,162.6,9,High
74.7,74.9,4.58,191.1,3,High
166.4,49.4,0.0,256.5,7,Low
244.4,18.7,2.85,383.1,5,Low
102.1,47.3,3.27,176.1,4,Medium
15.8,82.1,1.27,103.2,3,Medium
184.5,83.9,2.3,332.4,4,High
15.9,54.6,5.4,265.3,10,Low
25.2,28.5,3.74,168.5,0,Medium
195.1,88.2,2.1,176.0,6,High
70.5,68.1,2.66,153.0,7,Medium
45.7,29.9,2.59,167.8,8,Low
123.4,57.5,3.51,138.8,2,Medium
85.0,56.5,0.43,42.8,8,Medium
156.4,36.0,1.79,151.0,9,Low
87.9,57.7,4.86,343.3,4,Medium
89.4,74.3,2.87,60.2,9,High
152.7,43.5,1.47,120.2,5,Medium
69.8,76.6,1.54,51.9,0,High
34.3,11.4,4.3,277.3,8,Low
128.3,98.8,2.07,241.3,8,High
59.3,51.3,3.92,9.4,5,High
93.2,73.6,1.87,0.0,7,Medium
8.5,54.8,0.97,245.2,3,Low
67.6,31.9,3.44,2.7,4,Medium
48.5,49.2,2.82,241.1,4,Medium
8.2,8.0,4.23,79.8,6,Low
69.3,65.1,4.59,226.4,6,Medium
71.1,54.3,2.36,198.9,6,High
98.2,45.8,3.63,91.0,4,High
164.5,66.6,2.3,53.3,3,High
146.9,50.8,4.14,213.3,7,Medium
51.4,63.4,3.42,73.8,0,Medium
86.3,71.2,1.88,272.0,0,High
108.6,37.9,1.73,58.4,5,Low
52.7,31.6,3.48,188.5,1,Low
17.6,12.1,5.09,107.1,2,Medium
63.5,52.7,4.62,150.6,3,Medium
169.2,59.9,1.3,72.9,1,Medium
16.7,20.9,1.49,130.4,9,Low
31.1,81.2,1.76,0.0,6,Medium
37.7,31.9,1.93,60.6,9,Low
31.4,3.7,0.0,85.4,0,Low
123.7,82.9,4.42,142.1,2,High
44.0,6.6,2.18,292.3,1,Low
126.1,71.2,3.83,73.2,8,High
77.6,65.9,2.43,305.5,7,Medium
12.4,57.0,2.96,55.2,2,Medium
53.6,38.5,1.77,28.1,4,Low
149.9,61.1,2.95,0.0,2,High
84.3,73.1,1.43,216.7,10,Medium
57.1,28.3,2.96,159.5,10,Low
170.6,71.5,5.62,210.2,10,High
28.2,70.5,3.94,164.5,5,Medium
45.4,56.4,3.52,149.0,4,Medium
140.4,38.2,0.62,181.3,10,Low
122.0,70.6,4.02,386.8,1,High
26.0,61.2,4.2,97.9,9,Medium
106.0,27.6,3.48,376.0,7,Low
43.4,41.9,3.39,243.8,5,Low
7.6,68.0,2.75,190.2,2,High
58.0,52.5,4.17,211.0,0,High
254.7,73.9,5.51,0.0,4,High
151.7,42.5,3.59,121.2,10,Medium
72.3,28.0,1.25,76.3,1,High
15.5,98.3,1.39,382.4,1,High
8.0,13.0,4.31,112.4,8,Low
77.8,39.0,1.27,146.7,10,Low
101.0,56.2,3.36,144.9,9,Medium
124.7,71.7,2.38,6.3,6,High
114.9,64.2,1.07,88.4,5,Medium
121.9,100.0,4.5,239.9,0,High
92.2,47.4,4.27,0.0,9,High
168.1,30.8,0.56,184.2,1,Medium
48.4,45.2,3.87,50.8,10,Medium
76.9,43.0,3.6,293.0,6,Medium
12.5,48.5,4.51,193.4,2,Medium
47.5,28.4,3.3,0.0,1,Medium
148.9,67.2,5.57,104.2,5,High
119.1,58.2,2.77,199.9,7,Medium
4.4,22.2,2.51,116.6,7,Low
267.2,71.3,1.25,166.0,10,Medium
84.5,32.1,1.32,147.9,1,Medium
85.7,24.0,1.16,245.4,5,Low
45.0,51.9,3.39,198.4,4,Medium
53.9,11.3,2.52,144.7,6,Low
83.8,63.0,3.6,152.0,3,Medium
114.4,0.0,0.82,30.9,1,Medium
95.5,27.4,1.46,311.4,9,Low
48.1,84.7,1.43,475.8,2,Medium
33.9,34.9,6.9,113.7,8,Medium
31.8,38.7,2.7,155.2,9,Low
156.9,78.0,2.88,261.7,7,Medium
144.2,32.6,2.86,261.0,8,Low
107.0,66.8,5.8,169.6,4,High
156.1,75.8,0.1,42.6,4,High
68.0,60.5,2.89,350.0,6,Low
135.7,18.2,0.08,224.9,6,Low
111.0,36.7,0.0,174.3,0,Medium
138.3,100.0,1.68,70.5,4,High
28.8,39.2,3.74,156.4,7,Low
91.3,100.0,1.56,0.0,6,High
56.4,87.6,3.71,231.5,10,High
5.8,61.4,3.19,258.3,1,High
174.1,56.5,2.75,175.3,7,High
144.5,39.8,5.28,44.4,1,High
97.3,48.0,1.93,199.7,9,Medium
35.9,34.8,3.69,236.6,0,High
11.8,48.6,0.0,68.2,10,Low
5.7,20.0,3.18,252.7,10,Low
47.2,18.9,2.54,207.7,10,Low
123.1,78.6,0.87,119.9,2,High
56.9,14.5,3.72,88.7,2,Low
108.0,69.5,1.67,130.3,5,High
111.8,8.3,6.12,43.2,2,Medium
121.9,63.9,0.0,178.6,6,Low
9.4,45.4,3.45,211.4,7,Low
38.9,79.1,3.08,278.5,2,High
106.5,42.7,2.49,182.7,8,Medium
199.9,5.8,2.05,193.0,0,Low
163.6,45.9,3.12,120.5,2,High
93.6,53.5,4.91,53.8,2,High
175.4,47.1,0.0,102.7,6,Low
93.1,62.7,1.55,307.1,10,Low
16.2,37.6,1.11,219.7,10,Low
120.4,22.2,1.02,194.8,4,Medium
167.4,28.0,3.62,0.0,3,High
241.9,38.7,4.06,184.4,1,High
46.1,38.5,4.92,3.7,6,Medium
25.9,100.0,4.09,11.6,2,High
136.0,77.6,4.24,23.9,6,High
102.0,65.1,0.46,65.0,9,Medium
95.4,59.8,5.67,241.7,6,Medium
177.0,56.6,2.62,174.9,10,Medium
135.6,56.7,4.86,46.3,1,High
109.0,53.6,0.52,86.1,6,Low
51.3,50.9,2.57,204.8,5,Low
128.1,4.0,4.7,226.8,9,Low
24.8,41.9,3.05,164.7,3,Low
92.9,44.7,1.64,23.8,10,Low
73.0,33.5,5.36,104.6,4,Medium
15.3,37.8,0.89,411.9,7,Low
102.2,56.6,2.96,16.8,4,High
46.2,66.9,4.15,191.2,2,High
100.4,56.6,6.77,383.3,1,High
32.0,66.3,2.17,119.9,5,High
136.6,66.7,2.5,351.7,5,Low
220.7,43.4,2.2,74.4,6,High
24.8,61.6,3.43,0.0,7,Medium
32.0,11.6,4.06,86.3,3,Low
20.7,41.5,4.97,66.7,7,Low
63.2,39.0,4.36,0.0,0,High
99.3,83.7,2.1,104.1,5,High
122.7,57.4,4.46,259.0,5,Medium
91.5,20.6,3.16,84.6,2,Medium
120.1,63.1,4.34,108.6,8,High
71.0,70.0,4.44,300.8,4,High
45.7,48.0,5.93,67.7,0,High
32.7,65.2,2.36,218.1,6,Medium
65.1,0.0,2.02,0.0,9,Low
33.5,0.0,3.8,43.7,2,Low
97.1,24.1,5.13,126.5,9,Medium
34.0,53.3,3.1,283.0,9,Low
50.1,83.7,5.25,49.6,10,High
156.3,25.2,4.24,48.3,3,High
166.6,31.2,2.64,180.0,5,Medium
163.1,51.9,4.01,197.6,7,High
72.0,39.2,2.22,36.1,3,Medium
47.3,37.9,3.43,92.6,8,Low
108.0,40.7,1.07,269.5,7,Low
34.7,78.9,2.88,20.2,9,High
126.9,74.6,4.8,187.6,9,High
43.7,50.5,4.38,93.1,5,High
63.0,86.4,4.12,304.3,6,Medium
128.9,61.2,3.52,213.8,7,Medium
11.2,75.4,3.29,246.9,1,High
45.4,31.1,0.72,90.9,4,Low
98.6,35.6,2.63,240.7,6,Low
114.3,35.4,3.33,237.8,7,Medium
101.5,48.1,0.98,207.1,4,Low
62.4,51.3,0.0,118.9,2,Medium
138.0,57.1,5.03,167.9,5,High
31.7,93.4,3.09,0.0,4,High
30.4,65.9,3.38,343.5,7,Low
97.9,38.7,4.0,83.6,8,Medium
28.4,49.9,1.23,113.2,8,Low
225.8,83.1,2.27,5.0,5,High
46.5,67.2,5.71,224.0,3,High
136.2,82.8,2.12,208.2,3,High
23.9,39.4,2.52,117.5,8,Low
194.9,34.3,1.79,0.0,3,High
75.8,34.7,1.67,71.7,7,Low
45.4,41.2,4.99,200.6,8,Medium
58.9,26.6,0.0,177.7,4,Low
39.3,56.5,2.18,144.9,5,Medium
62.9,56.9,3.41,103.4,2,High
25.3,79.5,6.05,0.0,4,High
46.7,11.3,0.96,256.0,4,Low
134.4,29.2,0.65,0.0,1,Low
87.8,67.7,1.45,127.5,9,Low
31.1,54.0,4.26,36.2,5,Medium
64.6,51.0,3.23,259.3,8,Low
167.9,77.8,0.4,214.0,10,Medium
51.3,27.8,3.18,110.7,6,Low
28.1,34.0,5.79,226.0,7,Low
111.4,31.4,3.48,0.0,1,High
6.4,5.7,3.3,141.3,10,Low
60.0,52.9,3.4,34.0,8,Medium
177.8,38.5,3.75,262.8,2,Medium
63.1,33.9,0.72,191.2,9,Low
143.7,29.9,2.58,221.5,4,High
27.8,49.6,2.68,89.1,6,Medium
61.2,32.4,2.13,231.9,3,Low
56.7,54.9,4.24,27.1,6,High
107.2,60.1,1.86,42.9,7,High
79.0,43.5,2.35,130.7,9,Low
193.8,42.0,0.73,47.2,9,Low
49.0,54.1,3.68,228.1,3,High
78.3,49.4,4.7,97.9,4,Medium
58.4,79.3,2.35,31.1,10,High
74.0,57.0,4.45,16.9,2,High
69.0,74.1,2.74,226.7,4,Medium
34.4,63.4,0.0,0.0,7,Medium
129.4,21.0,2.91,38.8,2,High
42.5,37.7,2.68,304.3,4,Medium
40.0,48.9,3.19,112.1,9,Low
16.3,69.1,3.46,228.8,0,Medium
47.8,92.4,1.77,197.0,1,High
42.1,39.3,5.65,129.0,2,Medium
8.2,51.2,2.88,0.0,0,Medium
62.6,67.6,2.64,4.2,10,Medium
188.1,48.7,4.34,2.3,10,High
19.7,86.2,3.03,203.0,8,Medium
73.0,20.3,7.62,223.7,8,Medium
61.5,64.9,2.62,53.3,4,Medium
117.6,64.7,3.63,141.3,3,High
123.7,75.3,1.65,150.9,4,Medium
282.8,51.4,4.57,158.6,3,High
90.2,69.6,3.56,66.2,4,High
37.4,44.5,2.39,330.2,6,Low
46.7,32.4,1.43,224.6,10,Low
50.8,29.2,0.64,158.0,7,Low
43.6,18.3,3.75,92.9,1,Medium
219.3,40.3,0.5,58.3,3,High
119.6,56.9,5.36,193.8,7,High
106.5,45.4,0.73,97.9,6,Low
28.9,54.4,2.68,164.7,8,Low
122.9,77.2,1.41,0.0,4,High
159.3,38.6,3.06,91.7,5,Medium
62.3,100.0,3.05,138.0,10,Medium
46.2,66.6,3.8,256.5,7,Medium
197.0,45.7,0.25,48.5,10,Medium
41.3,45.2,1.63,0.0,4,Low
37.6,27.8,4.75,198.9,8,Low
32.2,49.4,4.19,143.0,3,High
70.3,2.4,0.0,0.0,7,Low
90.0,77.6,3.68,0.0,2,High
145.0,0.0,1.14,78.8,4,Low
110.0,50.9,1.93,140.8,7,Medium
108.7,24.8,2.59,302.8,9,Low
175.9,34.6,5.8,31.1,6,High
30.8,37.4,1.12,209.3,0,Low
18.5,92.4,0.47,0.0,3,High
113.8,25.7,3.81,189.7,1,High
67.8,70.1,2.95,315.7,1,High
145.3,75.5,5.17,165.6,6,High
72.8,0.0,2.36,76.5,2,Low
44.9,36.5,5.18,285.6,2,Medium
115.0,82.7,3.03,188.4,5,High
79.8,21.1,3.95,166.9,5,Low
72.8,76.4,5.92,38.0,0,High
316.9,49.6,2.7,190.0,0,High
167.0,48.7,4.88,74.7,10,Medium
125.3,51.5,1.9,184.3,5,Medium
81.7,57.5,3.41,155.3,6,Medium
76.5,29.0,0.4,269.3,8,Low
58.7,44.3,2.09,86.6,3,Low
87.9,58.2,1.1,133.6,9,Medium
50.1,53.9,5.2,237.8,5,High
25.0,57.7,6.13,124.0,2,High
72.1,34.2,2.36,147.6,10,Medium
93.2,63.9,1.61,105.3,3,Medium
145.5,52.8,0.63,132.0,8,Low
37.8,15.2,3.48,223.8,0,Low
77.0,38.3,1.92,352.0,4,Low
109.4,30.3,2.01,0.0,10,Low
107.6,30.0,5.93,10.8,6,High
212.1,39.5,2.47,134.4,2,High
59.6,63.5,4.06,155.5,1,High
35.0,36.2,3.1,126.1,10,Low
80.8,55.0,0.56,89.1,1,Medium
62.1,51.3,0.0,14.4,0,Medium
53.8,32.9,3.88,82.8,4,Low
48.0,42.4,6.07,239.9,2,High
93.5,69.0,3.57,160.2,10,Medium
42.6,53.3,4.12,224.3,6,Medium
125.2,62.1,1.37,17.6,0,High
121.2,78.0,4.83,308.9,8,High
99.6,59.6,4.8,88.2,1,High
30.8,7.7,1.75,202.3,7,Low
90.5,56.0,3.98,136.2,9,Medium
152.1,36.4,0.0,90.6,3,Low
131.5,89.8,4.3,197.6,5,High
119.1,58.8,1.97,216.1,8,Medium
76.1,36.9,0.79,445.7,6,Low
73.6,62.5,3.72,220.3,7,Medium
168.8,52.0,0.0,218.7,6,Low
92.4,12.2,3.62,275.9,1,Low
93.2,69.0,0.96,208.5,8,Medium
375.9,41.1,0.58,145.7,0,High
58.6,81.3,3.11,185.8,1,High
7.3,47.3,2.69,244.0,2,Medium
65.5,81.7,5.62,303.0,2,High
68.5,59.3,0.69,0.0,9,Low
91.4,71.4,5.48,0.0,3,High
106.9,39.2,0.95,298.3,4,Low
9.2,57.8,4.65,62.3,5,Medium
108.5,12.0,4.99,0.0,0,High
71.7,47.2,3.58,0.0,7,Medium
60.7,17.3,1.58,348.2,5,Low
15.2,24.9,0.26,246.5,9,Low
192.2,30.4,0.0,62.5,8,Low
53.2,64.5,6.33,67.1,4,High
120.2,46.8,2.47,156.0,6,Medium
37.3,50.7,1.01,244.5,10,Low
94.3,46.2,0.94,117.7,3,High
61.5,73.8,3.3,63.5,5,High
117.7,50.1,2.29,274.9,5,Low
59.9,55.5,0.0,147.2,3,Low
35.8,37.5,4.56,128.9,5,Medium
74.2,75.3,3.6,215.1,7,Medium
71.4,76.9,6.31,0.0,10,Medium
89.9,49.2,5.05,202.2,4,High
142.5,37.1,0.0,195.2,1,Low
29.0,14.4,5.55,0.0,8,Medium
137.6,30.9,5.17,0.0,10,Medium
25.0,2.3,1.67,87.9,3,Low
114.6,30.0,2.22,170.1,3,High
117.1,57.9,3.74,181.3,10,Medium
50.9,48.9,1.17,337.4,6,Low
39.0,100.0,2.56,170.2,9,Medium
37.2,41.8,4.8,0.0,9,Low
79.5,40.1,3.93,122.4,5,Medium
122.3,73.4,1.8,7.1,3,High
67.1,7.6,4.84,130.3,5,Low
6.3,17.4,3.55,305.0,2,Low
48.3,64.6,3.48,200.5,6,Medium
46.9,45.7,2.07,70.7,5,Medium
106.4,46.2,2.99,215.2,2,High
110.3,29.4,1.61,64.4,0,Medium
84.0,55.3,0.0,0.0,9,Low
137.8,32.2,2.5,14.3,4,Medium
144.7,51.6,2.78,200.4,9,Low
50.6,24.5,3.25,235.0,1,Low
36.5,46.0,5.18,338.9,6,Low
70.7,94.5,1.83,187.5,6,High
83.9,40.7,2.34,298.2,3,Low
48.6,47.1,4.38,219.3,5,Medium
433.4,45.5,1.65,253.1,0,High
185.0,53.8,3.28,271.2,1,High
44.9,60.3,2.27,203.6,5,Medium
30.2,55.7,2.56,268.2,1,Medium
42.0,56.1,4.36,73.2,10,Medium
146.4,46.0,2.33,0.0,3,Medium
148.8,52.2,4.42,221.6,3,High
186.5,45.3,0.0,191.2,9,Medium
35.6,10.1,0.43,53.7,8,Low
106.1,100.0,0.0,11.1,9,High
38.5,66.0,0.9,164.4,6,Medium
212.7,28.5,6.34,228.9,6,High
36.7,55.1,2.97,207.2,10,Low
24.1,20.4,1.7,37.8,0,Low
28.6,39.1,4.41,62.5,10,Low
74.4,17.4,4.66,223.6,4,Medium
121.1,48.9,0.8,158.0,2,Low
115.8,15.2,7.5,266.6,2,High
29.7,58.5,3.5,114.4,5,Medium
55.3,65.0,3.72,231.3,3,High
49.7,31.8,3.9,145.6,7,Low
26.0,53.5,3.89,70.5,3,High
48.7,30.6,1.88,252.1,7,Low
181.3,61.3,6.8,40.8,3,High
22.7,34.9,2.49,158.2,2,Low
88.0,67.4,4.72,169.5,4,High
184.1,10.1,2.15,136.8,4,Low
178.0,27.9,1.83,259.0,9,Low
219.1,25.6,6.42,213.0,9,High
94.2,54.5,2.8,199.9,0,Medium
104.1,62.2,2.94,157.5,7,Medium
49.5,56.2,3.51,354.2,7,Medium
22.2,38.8,7.68,311.1,7,Low
67.0,0.0,6.9,251.1,9,Low
158.4,50.9,5.31,233.1,3,High
6.1,67.3,8.14,83.8,8,High
51.3,100.0,1.3,144.6,9,High
111.2,40.7,4.18,219.9,2,Medium
75.2,35.4,3.14,265.7,6,Low
171.6,57.0,0.0,248.1,5,Medium
147.8,44.4,3.83,213.9,8,Medium
19.5,78.1,2.12,370.1,3,Medium
79.9,32.2,5.76,135.1,3,Medium
40.2,44.5,2.29,261.5,5,Low
39.7,69.3,2.19,248.1,7,Medium
21.1,56.8,5.76,198.8,2,High
89.8,75.5,2.88,202.9,10,High
173.9,40.4,5.09,200.6,7,Medium
95.6,77.8,3.76,72.1,7,High
19.8,13.4,3.79,194.1,6,Low
72.0,14.3,2.56,232.3,6,Low
108.2,78.1,3.9,185.4,4,High
68.1,50.2,2.76,0.0,1,High
94.4,70.3,1.55,0.0,1,High
43.0,52.2,2.81,60.0,9,Low
62.1,49.8,5.32,137.7,7,Medium
59.2,20.8,3.96,65.9,10,Low
195.0,49.4,4.38,221.1,5,High
30.3,80.0,3.0,281.1,7,Low
7.4,51.2,0.0,296.7,2,Low
187.0,65.0,0.8,187.0,0,High
81.9,64.4,2.48,269.3,5,Medium
24.7,27.7,0.96,88.1,1,Low
139.2,68.9,2.06,133.3,8,Medium
112.8,43.1,1.99,21.6,4,Medium
215.8,44.3,2.05,282.8,4,Medium
86.8,96.1,5.59,366.3,9,High
317.5,63.1,2.9,111.7,7,High
68.5,36.0,4.68,0.0,5,High
113.0,51.4,3.3,44.9,2,High
124.4,50.8,5.55,78.5,8,High
53.0,87.1,4.84,4.1,9,High
51.6,50.9,1.94,36.7,3,Medium
126.1,98.6,6.53,172.5,9,High
22.7,21.5,2.18,222.6,3,Low
39.9,49.3,3.36,0.0,1,High
67.1,33.2,3.68,91.5,2,Medium
211.4,39.1,3.88,154.1,3,High
126.2,39.6,4.43,32.7,6,Medium
79.5,34.4,1.64,176.0,2,Low
49.0,88.1,4.28,137.0,7,High
267.2,81.3,4.05,100.7,7,High
71.7,58.9,3.0,54.9,9,Medium
39.9,39.6,2.66,180.1,10,Low
300.3,35.0,1.55,66.0,1,High
23.7,66.3,3.86,0.0,3,High
177.5,56.6,1.81,152.4,7,High
75.8,46.8,3.43,13.7,0,High
126.0,61.9,2.82,0.0,0,High
110.8,69.6,0.6,164.2,3,High
124.7,46.6,1.32,132.1,10,Low
317.8,32.7,3.73,54.7,1,High
287.0,20.9,2.06,175.2,0,Medium
41.8,55.5,1.99,196.6,7,Medium
107.9,97.7,1.62,176.4,1,High
13.4,25.6,1.69,172.4,3,Low
134.1,74.2,5.96,0.0,2,High
156.0,35.1,0.98,292.3,1,Low
7.5,39.6,5.65,211.3,7,Medium
73.7,70.1,2.4,45.4,2,High
125.8,44.4,1.82,148.7,8,Medium
97.3,55.5,3.69,169.6,9,Low
24.2,55.0,3.1,145.7,4,Low
26.9,35.2,2.64,347.2,8,Low
67.2,69.7,3.4,0.0,2,High
53.0,48.6,3.07,0.0,4,Medium
57.2,19.5,2.61,0.0,9,Low
21.0,30.4,4.68,158.8,5,Low
76.8,0.0,0.4,209.8,8,Low
212.5,51.1,1.35,189.8,7,High
25.2,78.7,1.58,118.2,1,Medium
62.9,27.0,1.1,194.7,1,Low
116.3,62.9,3.15,117.4,4,High
16.1,59.5,3.91,231.5,4,Medium
77.4,33.5,0.0,271.8,4,Low
152.8,83.8,2.15,47.6,3,High
30.8,44.0,2.42,118.4,7,Low
83.2,94.2,2.49,136.2,10,High
145.4,14.0,0.69,306.8,4,Low
307.3,44.1,2.44,60.5,0,High
80.0,46.7,1.36,270.7,9,Low
40.7,49.1,2.4,0.0,4,Medium
41.0,65.8,0.0,286.8,0,Medium
19.7,100.0,2.41,243.7,3,High
223.9,60.0,1.71,132.9,0,High
139.4,50.5,2.53,250.8,5,Medium
26.9,25.9,3.54,94.9,5,Medium
38.7,8.4,2.92,48.5,0,Low
79.0,75.7,4.43,337.7,7,High
152.0,38.0,2.35,90.5,3,High
108.1,100.0,4.11,224.5,1,High
100.7,69.1,5.02,272.0,0,High
87.3,57.5,3.49,238.7,10,Medium
28.3,58.7,2.96,215.9,2,Low
79.8,58.9,3.75,224.8,6,Medium
72.7,34.7,3.56,266.3,9,Low
19.4,11.5,4.8,184.9,10,Low
220.3,37.9,4.43,145.6,9,High
45.7,49.6,4.45,0.0,7,Medium
20.0,35.7,3.08,185.0,4,Low
52.4,21.7,3.61,263.1,6,Low
61.0,33.5,3.58,28.9,1,High
71.0,72.8,0.83,124.8,3,Medium
60.2,66.5,4.92,196.8,5,High
74.2,53.8,0.0,316.4,4,Low
84.0,62.9,4.28,22.6,5,High
80.8,25.1,3.48,237.3,1,Low
100.2,32.5,2.49,110.6,6,Low
104.6,56.8,3.7,75.9,7,High
106.4,27.9,3.75,49.0,10,Low
125.8,52.4,0.65,77.9,8,Medium
41.5,22.2,5.55,204.9,5,Low
42.9,13.7,3.13,124.9,6,Low
152.5,66.2,7.17,228.6,0,High
53.7,72.6,4.42,26.6,8,High
68.0,36.1,3.09,226.7,5,Low
63.4,16.5,1.76,197.7,3,Low
300.1,1.4,2.8,0.0,9,High
35.6,90.5,3.27,315.7,8,Medium
35.0,52.5,5.64,187.4,0,High
74.4,36.6,5.21,234.2,1,High
64.8,42.0,3.81,277.2,2,Medium
26.6,7.9,6.18,256.5,0,Medium
69.8,63.6,0.0,136.1,1,Medium
75.9,94.0,3.83,229.8,1,High
49.4,32.8,5.26,0.0,6,High
66.6,100.0,3.99,193.3,9,High
38.7,47.4,0.6,340.6,5,Low
26.7,86.7,5.5,73.5,8,High
53.4,56.8,4.37,250.7,4,Medium
30.8,56.7,3.62,345.0,8,Low
21.9,90.6,3.16,225.8,9,Medium
10.6,67.2,6.59,262.8,8,Medium
88.4,58.2,3.8,0.0,1,High
51.9,7.3,2.56,47.2,8,Low
153.1,16.8,1.54,307.3,2,Low
55.5,60.1,4.36,255.6,10,Medium
88.1,82.3,4.78,204.6,2,High
43.8,52.8,3.1,120.9,10,Low
72.6,37.0,2.0,181.3,8,Low
10.7,9.5,5.39,341.2,6,Low
52.8,32.8,1.4,138.8,10,Low
35.8,52.9,6.55,226.9,7,Medium
142.7,31.2,1.68,224.0,6,Low
84.0,28.8,0.7,76.8,8,Low
129.3,48.9,0.93,85.2,7,Medium
164.6,81.9,1.0,318.0,3,High
49.3,65.1,2.57,212.7,1,Medium
81.4,56.3,2.16,75.2,10,Medium
28.2,54.1,4.84,115.8,4,High
97.9,62.1,4.59,41.6,1,High
108.3,47.6,2.6,267.3,3,Medium
93.2,41.0,8.59,122.3,1,High
49.2,66.2,2.57,123.8,4,High
233.8,45.0,2.81,242.5,5,Medium
75.8,23.9,0.7,0.0,10,Low
28.3,81.8,2.86,145.9,0,High
115.6,8.9,3.54,148.8,7,Low
145.6,83.4,0.87,118.6,1,High
28.9,61.1,2.1,89.6,4,Medium
61.0,28.7,3.59,71.9,10,Low
19.6,50.5,2.06,181.1,7,Low
168.8,40.6,1.68,38.9,4,High
69.2,67.8,4.41,167.7,2,High
35.9,67.3,0.69,89.2,5,Medium
146.8,60.1,1.04,96.5,0,High
74.2,66.4,3.32,171.7,0,High
133.4,47.5,4.52,95.3,7,High
102.4,88.8,3.55,289.4,6,High
31.7,76.9,2.6,134.6,9,Medium
47.9,39.5,2.45,265.1,9,Low
36.8,67.8,4.82,66.2,10,High
26.5,65.9,4.55,63.7,10,Low
14.6,44.3,3.09,0.0,2,High
264.5,42.6,2.5,95.9,7,High
92.0,76.7,3.06,124.4,10,High
102.0,49.7,1.69,158.5,7,Low
158.0,55.7,2.73,226.7,0,High
47.5,80.8,2.12,218.7,9,Medium
21.1,100.0,2.82,274.9,6,High
125.4,38.4,2.18,52.4,1,High
24.7,45.1,3.94,153.4,1,Medium
123.4,51.6,4.47,40.0,1,High
17.9,52.1,2.32,195.6,4,Low
23.0,58.3,1.54,348.5,6,Low
43.6,39.2,4.28,18.4,3,Low
120.2,22.1,3.33,225.6,10,Low
213.8,88.6,2.34,265.4,3,High
101.8,63.5,5.48,51.8,8,High
45.1,40.8,1.98,198.0,9,Low
141.3,59.6,0.0,110.4,8,Medium
17.3,90.3,1.73,136.7,6,Medium
33.3,32.7,5.91,106.8,9,Low
79.7,54.6,2.43,125.3,3,High
128.3,19.4,2.07,277.1,7,Low
63.5,47.4,3.05,141.3,9,High
58.3,63.6,4.82,83.8,2,High
61.0,25.5,2.85,157.6,2,Low
157.1,45.9,4.06,0.0,6,Medium
39.0,67.6,2.66,60.1,10,Medium
31.3,63.0,4.08,287.3,8,Medium
60.3,24.5,3.32,134.0,10,Low
171.9,58.2,2.28,97.4,3,High
43.0,62.3,3.46,169.0,3,Medium
60.9,52.4,2.02,231.0,0,Medium
17.0,74.0,0.52,296.2,0,Low
62.9,37.0,2.96,100.4,2,Medium
88.7,59.1,0.68,102.9,6,Medium
24.7,24.4,4.08,125.5,8,Low
157.3,14.8,2.93,263.2,3,Medium
87.9,67.2,5.56,156.3,1,High
48.8,50.5,2.41,388.2,5,Low
88.4,39.8,2.96,132.3,5,High
106.2,26.6,0.35,344.0,8,Low
12.4,68.2,1.01,51.8,3,High
90.9,16.8,0.0,0.0,7,Low
167.9,71.8,4.94,138.8,2,High
38.5,59.9,2.17,275.3,1,Low
49.6,17.9,5.39,97.5,8,Low
56.6,52.8,0.0,82.2,5,Low
129.3,100.0,5.79,262.8,10,High
28.9,76.2,2.88,227.6,7,Medium
102.7,31.8,3.61,62.8,10,Medium
57.4,65.8,1.09,56.4,9,Medium
220.4,18.8,3.95,241.2,8,Low
60.1,19.8,2.33,0.0,0,Medium
6.0,48.5,0.85,268.7,0,Low
116.6,62.1,0.83,226.1,10,Low
99.0,67.8,0.79,0.0,4,Medium
85.2,68.2,3.68,151.7,8,Medium
164.8,60.9,1.86,0.0,6,High
14.5,14.5,0.05,17.4,6,Low
33.8,48.7,3.66,94.7,1,High
72.3,71.3,0.0,10.5,2,High
81.8,59.8,5.39,394.0,3,Medium
64.5,54.0,6.58,245.0,1,High
17.3,57.2,0.64,300.4,9,Low
50.0,56.9,4.89,134.6,8,Medium
210.4,6.8,3.63,153.4,4,Low
27.6,75.4,2.1,323.9,6,Medium
71.1,47.6,2.18,197.7,10,Low
103.0,65.6,4.18,217.3,8,Medium
126.7,0.0,2.93,49.8,4,Low
116.2,86.5,0.0,49.3,5,High
47.1,24.6,6.73,178.7,3,Medium
33.6,100.0,3.78,191.0,7,Medium
221.6,96.6,2.91,40.3,0,High
135.3,20.9,1.71,189.4,0,Medium
76.4,68.0,2.66,15.6,4,High
184.0,27.6,5.28,151.5,9,Medium
21.2,35.9,3.47,0.0,8,Low
6.3,36.4,3.68,296.1,1,Medium
81.1,59.9,0.75,115.8,10,Low
84.0,57.1,2.37,73.7,2,Medium
19.3,23.6,3.09,24.0,7,Low
132.0,59.7,4.25,13.4,4,High
10.0,45.5,2.25,198.0,2,Medium
94.6,9.9,4.67,260.4,5,Low
110.5,40.5,0.94,249.4,5,Low
80.4,86.5,3.13,303.6,4,Medium
16.6,41.2,2.82,342.3,4,Low
163.6,9.6,0.27,255.4,5,Low
48.4,67.9,2.91,94.7,1,High
48.5,29.6,1.95,168.6,5,Low
40.9,54.7,5.54,0.0,1,High
119.0,46.2,2.26,220.1,2,Medium
46.5,88.8,3.63,166.4,1,High
25.2,46.2,0.78,325.5,0,Low
142.7,24.8,3.43,68.2,0,High
