temperature_c,humidity_pct,wind_speed_kmh,consecutive_hot_days,night_temperature_c,heatwave_risk
41.0,79.8,20.2,5,26.9,High
41.4,66.1,4.1,1,34.1,High
24.1,65.4,11.4,3,18.7,Low
32.4,63.1,7.6,8,23.9,Medium
26.4,55.1,4.0,4,17.6,High
38.6,81.1,9.4,6,31.0,High
41.9,33.2,15.2,4,29.5,Medium
27.9,82.2,17.6,5,16.4,Medium
18.8,50.8,22.0,0,12.8,Low
37.5,43.0,9.0,2,31.9,Low
38.3,50.5,24.8,2,34.6,Medium
28.0,50.9,8.9,3,9.1,Low
30.5,94.8,9.4,3,24.4,Medium
28.6,28.1,17.5,2,20.6,Low
34.1,26.4,14.1,2,27.5,Low
39.9,31.6,4.9,3,35.6,Medium
36.9,50.0,11.0,2,24.9,Medium
37.9,37.6,5.0,3,28.4,Medium
25.1,2.2,4.2,4,17.8,Low
30.1,39.9,19.5,4,27.6,Medium
42.3,29.3,7.3,1,34.6,Low
25.6,76.8,3.5,1,16.1,High
28.2,68.8,8.0,4,23.2,High
38.4,62.8,21.2,3,27.6,Medium
21.3,17.0,6.4,4,9.7,Low
27.0,86.1,10.1,2,17.6,Medium
39.5,36.9,5.1,4,34.4,High
23.3,73.0,7.2,2,17.2,Low
28.7,68.4,3.0,4,19.2,Medium
38.2,37.2,2.2,6,26.8,High
26.2,62.4,25.1,2,19.7,Low
40.0,57.0,19.5,2,32.3,Medium
35.9,78.4,9.9,1,30.0,Medium
32.2,40.4,13.0,4,25.2,High
20.7,58.7,8.7,5,8.8,Medium
34.2,32.8,7.7,2,26.3,Medium
23.0,82.2,21.7,4,18.2,Medium
22.0,52.3,25.7,3,18.1,Low
36.8,34.5,5.7,2,29.5,Medium
35.9,68.5,7.9,2,23.5,Low
19.9,78.3,43.9,1,15.0,Low
32.1,44.6,15.8,0,22.4,Low
37.3,100.0,21.0,4,27.2,High
35.9,88.3,15.8,3,31.8,High
35.4,56.0,6.0,3,30.3,High
32.2,45.5,12.2,2,25.8,Medium
41.5,26.2,21.1,2,31.8,Medium
35.2,31.3,21.2,2,33.1,Medium
41.9,13.6,9.0,1,30.1,Medium
34.3,68.0,32.3,4,29.3,High
26.0,53.4,17.7,2,19.6,Low
35.2,43.2,5.9,8,33.8,High
24.6,1.0,4.7,1,18.5,Low
37.0,66.7,5.8,4,24.1,High
47.3,54.0,10.4,3,42.3,High
34.4,55.3,14.9,3,22.1,Medium
33.3,55.0,6.4,8,30.3,High
40.3,77.5,5.7,5,35.1,High
35.8,19.2,6.9,1,27.8,Low
50.7,100.0,5.5,1,41.8,High
33.7,25.9,31.8,3,24.7,Medium
36.2,49.8,11.1,7,32.6,High
41.2,1.0,2.7,3,28.7,Low
23.8,58.3,4.6,5,16.3,Low
39.0,47.9,11.3,4,28.3,Medium
30.9,54.5,17.6,2,25.1,Medium
31.9,63.0,13.9,5,22.8,High
39.4,43.8,11.8,4,32.5,High
29.1,89.2,16.2,4,18.0,High
32.3,43.6,38.9,0,22.6,Low
32.9,66.7,22.3,1,24.0,Medium
33.4,35.6,13.5,2,25.3,Low
29.2,77.3,11.8,6,26.2,High
37.9,32.0,5.8,3,25.4,High
25.7,49.4,3.0,5,10.8,Medium
20.8,41.1,19.8,2,12.1,Low
31.9,61.6,19.6,6,26.0,Medium
37.7,35.6,6.7,2,30.5,Medium
37.9,39.6,6.4,4,26.1,Medium
36.2,51.1,33.4,4,29.3,Medium
31.6,45.2,5.7,6,19.1,Medium
36.8,55.5,17.6,2,27.5,Medium
33.0,37.5,22.8,2,28.0,Low
33.5,38.4,10.6,6,22.5,Medium
16.3,54.2,13.8,3,5.9,Low
30.9,85.5,9.1,4,24.9,Medium
20.2,48.1,2.9,3,11.5,Low
48.8,70.6,17.5,4,44.5,High
40.0,63.7,1.1,3,31.9,Medium
42.4,37.1,17.7,3,32.6,High
30.4,70.9,17.8,3,24.3,Low
33.4,52.8,14.1,4,23.1,Low
24.9,77.0,14.0,0,17.4,Low
25.9,100.0,6.7,4,19.4,High
32.1,55.9,5.9,1,18.5,Low
30.1,81.5,14.6,4,19.1,High
37.2,77.9,2.3,3,36.4,High
36.8,45.3,11.4,5,24.9,High
31.2,44.9,7.8,5,23.0,Low
39.8,26.0,7.5,4,30.7,Medium
25.9,80.2,9.7,1,19.2,Low
25.2,35.3,19.0,0,20.1,Low
37.5,42.0,6.0,3,25.1,High
37.8,96.8,5.5,3,30.6,High
39.9,43.7,9.2,6,33.2,High
23.9,91.0,8.3,2,20.2,Medium
28.2,97.9,18.5,5,18.2,Medium
36.1,35.7,10.4,4,31.1,Medium
36.3,71.3,10.4,1,31.4,Medium
47.3,65.4,1.5,0,36.3,High
26.8,72.4,9.4,4,27.0,High
49.0,80.7,26.1,4,44.8,High
37.6,15.1,11.5,1,27.5,Low
42.2,67.8,12.8,4,30.9,High
38.3,70.3,10.3,4,34.4,High
28.8,44.4,19.4,3,16.7,Low
30.1,75.7,35.7,6,19.9,Medium
34.0,82.2,1.4,2,28.5,High
23.3,44.3,1.9,1,13.2,Low
22.6,26.4,6.3,3,13.8,Low
29.7,95.9,16.2,3,22.5,Medium
38.9,36.9,9.2,2,29.1,Low
29.4,25.7,16.2,0,23.3,Low
33.5,59.4,10.5,0,23.2,Medium
33.0,5.2,11.5,2,26.7,Low
41.1,56.8,9.2,2,31.6,High
37.0,73.4,7.9,3,31.0,High
40.0,42.7,24.0,5,32.7,Medium
42.2,66.7,4.9,1,37.3,High
27.1,65.6,17.6,4,22.6,Low
19.4,66.1,26.6,3,7.7,Low
31.1,46.1,14.7,6,20.3,High
41.9,55.8,32.0,4,29.6,High
38.9,59.1,3.1,5,29.5,High
31.4,56.6,4.2,2,17.0,Medium
47.4,51.4,22.3,2,41.8,High
39.4,94.7,9.9,5,30.4,High
29.8,62.1,19.0,4,28.4,Medium
42.2,64.1,8.3,4,33.2,High
22.9,28.1,16.9,3,18.0,Low
36.3,100.0,10.2,3,28.9,High
30.3,74.4,3.2,3,26.6,High
33.5,62.3,18.6,2,27.9,Medium
38.2,92.8,5.6,2,24.7,High
40.5,29.1,2.4,3,30.4,Low
34.8,30.8,3.8,3,30.2,Medium
32.5,78.2,17.1,4,24.5,Medium
22.0,82.7,7.0,5,10.4,Medium
23.1,14.2,10.2,2,21.3,Low
16.0,33.3,18.7,2,4.7,Low
35.2,21.7,32.0,3,27.6,Low
40.5,76.3,9.2,3,24.4,High
17.3,57.1,26.3,0,11.8,Low
41.4,65.1,5.1,4,31.0,High
43.7,32.1,11.5,3,41.7,Medium
35.3,60.8,29.3,3,27.7,Low
44.8,21.1,3.4,0,37.5,Medium
33.7,73.2,17.5,2,28.1,Low
25.2,94.6,5.8,1,17.4,Low
31.7,5.1,14.1,4,21.8,Low
45.2,85.3,10.8,4,32.3,High
29.7,52.8,20.6,3,20.8,Low
36.9,62.8,20.9,2,29.1,Medium
37.8,46.5,6.9,6,29.1,High
42.2,31.5,15.7,3,32.7,Medium
20.9,91.8,7.8,0,12.9,Low
43.7,41.2,1.1,4,31.5,High
27.4,88.9,16.2,6,20.4,High
44.6,72.6,4.7,3,41.1,High
31.5,49.9,10.0,4,24.4,Medium
31.5,92.7,26.4,4,23.0,High
39.4,54.1,15.9,1,30.5,Medium
43.1,84.1,7.3,1,32.3,High
30.7,82.7,5.4,2,18.6,High
32.0,27.3,13.0,3,27.5,Low
29.7,38.1,38.6,3,21.9,Low
30.0,50.8,7.8,2,16.6,Low
37.5,51.2,28.4,2,33.4,High
33.4,65.2,23.8,3,27.6,Medium
42.8,17.5,6.0,2,33.8,High
29.1,54.1,16.7,2,27.4,Low
39.3,67.2,16.2,3,36.0,High
39.0,74.1,12.4,4,29.0,High
32.0,42.3,3.5,3,22.0,Medium
32.2,32.6,6.3,5,22.4,Medium
37.4,47.9,7.2,1,28.5,Medium
29.2,67.1,4.3,4,23.9,Medium
31.5,28.7,13.5,3,23.7,Low
24.9,48.9,7.9,4,13.7,Low
27.6,45.1,36.4,1,24.4,Low
26.8,21.2,3.9,3,15.5,Low
27.4,20.2,12.2,3,23.8,Low
21.7,87.8,0.9,2,11.3,Low
22.4,72.9,16.2,5,16.4,Medium
40.1,77.3,3.8,2,33.5,High
33.0,47.5,5.6,4,28.7,Medium
42.7,58.3,8.5,3,25.0,Medium
41.3,67.6,12.9,2,32.2,High
30.8,89.7,10.2,3,18.7,Medium
27.5,63.6,5.0,4,24.9,Medium
35.1,40.3,2.7,3,24.4,Medium
30.9,69.6,25.0,4,19.7,Low
38.5,1.0,5.4,1,30.2,Low
20.1,35.5,6.6,3,13.3,Low
36.4,57.3,9.3,6,31.1,High
45.1,69.2,25.5,5,35.2,High
31.2,70.3,5.7,2,25.9,Medium
38.3,46.2,5.4,4,29.6,High
25.4,52.1,11.2,3,14.1,Low
29.8,47.8,3.7,2,17.2,Low
27.9,70.2,12.8,5,18.4,High
44.7,66.7,15.9,3,37.8,High
47.7,52.9,18.9,2,37.9,High
30.6,41.1,11.0,1,20.2,Low
43.1,63.6,32.4,1,39.7,Medium
38.1,57.1,9.8,2,30.8,High
31.3,88.2,4.8,6,25.3,High
45.1,54.0,16.8,1,35.2,Medium
29.9,50.3,8.9,2,29.0,Medium
29.5,36.7,33.2,2,22.2,Low
26.8,88.6,9.8,4,17.4,High
40.2,56.8,0.2,4,36.0,High
27.3,60.3,13.0,1,19.4,Low
33.0,92.6,7.6,4,23.9,High
31.6,80.6,24.1,2,30.6,Medium
30.3,24.5,2.8,2,22.4,Low
32.4,81.4,5.9,3,26.7,High
31.1,80.5,4.9,0,25.9,Medium
45.1,16.6,5.3,3,34.1,High
37.1,88.3,2.6,4,22.5,High
34.6,42.3,10.0,3,24.5,Medium
31.1,71.7,33.5,3,21.0,Low
25.2,43.7,27.5,4,22.4,Low
29.6,100.0,27.2,2,23.1,Medium
33.8,59.6,6.4,2,25.2,Medium
33.6,74.9,7.6,1,28.0,Medium
35.1,58.4,10.9,0,19.6,Medium
44.2,31.9,31.4,6,36.5,Medium
30.9,53.1,15.4,4,18.3,Medium
43.9,24.1,12.8,1,34.4,High
32.6,61.5,7.5,3,23.2,Medium
35.4,50.4,35.7,2,26.2,Low
33.3,24.5,3.5,2,19.5,Low
43.3,45.0,15.6,4,35.7,High
28.1,31.2,13.2,3,23.4,Medium
39.6,44.9,5.7,2,31.9,Low
46.2,51.7,8.8,4,41.4,High
33.3,71.0,7.9,3,28.2,High
13.7,35.7,34.1,2,7.2,Low
26.1,36.9,19.3,2,20.1,Low
31.0,62.5,17.2,4,31.2,Medium
36.8,56.3,9.7,1,28.9,Low
43.2,71.5,25.4,3,33.3,High
33.3,50.5,11.3,2,26.1,Medium
30.9,67.1,15.5,3,17.7,Medium
38.7,1.0,5.9,2,28.8,Low
32.9,38.9,18.0,4,22.6,Medium
34.2,55.7,21.8,2,30.6,Low
30.6,52.6,15.5,4,22.7,Low
45.5,58.2,13.0,3,35.0,High
35.3,74.4,12.0,2,29.3,Medium
42.2,43.4,17.2,4,27.8,Medium
36.6,61.6,29.6,3,25.5,Low
41.8,49.9,28.3,2,31.9,Low
40.0,65.2,13.6,4,32.4,High
39.9,65.8,16.2,3,39.3,Medium
37.3,30.8,20.9,3,26.6,Low
23.3,62.6,26.3,1,17.2,Low
23.1,68.0,14.6,3,17.3,Low
26.8,58.2,9.9,4,19.9,High
42.2,63.3,2.0,4,38.3,High
38.6,58.7,16.3,1,33.6,Medium
31.7,37.8,4.0,6,21.5,Medium
44.2,44.7,16.5,3,34.6,Medium
41.1,58.7,4.2,3,32.3,High
37.7,53.3,20.7,3,34.6,Medium
39.0,40.5,7.2,5,27.2,Medium
38.2,39.8,20.2,1,28.5,Low
25.4,53.5,5.5,5,22.4,Medium
34.3,24.4,30.1,1,23.9,Low
37.8,44.1,25.7,3,31.4,Medium
33.8,82.4,17.5,4,24.1,Medium
29.0,61.0,17.1,3,26.0,Medium
22.0,45.1,7.2,6,15.6,Medium
28.3,45.0,5.3,2,27.6,Low
40.5,100.0,6.3,1,32.8,High
37.9,54.2,1.5,2,28.2,Low
22.9,66.8,5.7,6,17.2,Medium
39.3,39.1,14.0,5,30.7,Medium
24.8,65.8,12.0,3,20.7,Medium
32.7,24.8,9.9,5,24.9,Medium
39.7,46.2,9.6,1,27.5,High
31.7,48.7,15.2,2,24.3,Medium
24.3,7.6,27.6,2,13.4,Low
15.7,65.3,7.8,5,5.7,Low
27.4,44.0,18.4,5,16.6,Low
31.0,73.1,10.9,0,27.6,Medium
36.8,49.4,21.6,1,26.3,Low
29.8,33.5,14.1,1,17.5,Low
30.4,66.6,14.0,0,17.3,Medium
30.4,52.0,12.0,3,25.0,Low
29.0,55.9,15.5,2,20.8,Medium
47.0,66.4,7.4,2,42.9,High
35.8,59.8,23.6,1,29.3,Low
27.4,41.0,23.4,1,23.0,Low
19.2,17.5,16.7,3,8.1,Low
34.9,34.1,27.1,5,23.8,Medium
44.2,50.9,16.9,7,34.4,High
37.6,54.5,21.9,3,28.9,Medium
51.9,86.8,18.9,5,43.0,High
30.0,100.0,14.7,6,22.4,High
37.7,52.4,12.1,3,27.8,Low
23.5,64.6,7.6,3,12.2,Low
21.7,44.8,2.5,3,11.3,Low
32.7,40.2,7.8,2,21.0,Low
42.2,50.3,14.4,2,26.1,Medium
45.8,41.8,17.8,4,35.7,High
34.4,38.4,9.3,1,29.7,Low
27.7,42.9,14.5,5,22.8,Medium
18.6,39.9,9.5,2,13.9,Low
29.8,55.2,7.2,2,22.4,Medium
33.6,58.2,13.9,3,25.9,Medium
29.9,29.8,6.6,3,21.8,Low
21.4,62.8,2.8,5,13.3,Medium
33.9,53.1,3.2,0,24.9,Medium
31.5,50.5,19.3,5,23.0,Medium
37.1,62.2,33.3,4,24.8,Medium
28.2,88.1,15.2,0,16.2,Medium
31.3,51.9,1.3,5,23.9,Medium
34.0,34.5,24.9,3,25.1,Medium
36.4,66.4,20.2,1,23.2,High
30.5,67.0,7.4,3,24.1,Medium
28.4,60.8,11.3,5,23.1,Medium
26.1,54.3,10.8,3,20.4,Low
34.3,30.8,15.3,4,30.5,High
31.1,29.8,11.6,3,24.9,Low
45.6,46.6,13.4,4,42.6,High
32.4,32.5,5.7,1,26.8,Low
34.7,72.8,39.6,4,22.3,Medium
40.3,20.4,26.1,5,37.1,High
41.1,53.7,11.1,3,33.3,High
30.6,51.8,33.0,5,25.1,Medium
46.9,67.3,15.7,1,38.6,High
48.7,70.8,13.9,2,40.9,High
31.4,38.0,8.9,4,21.5,Medium
33.8,83.3,2.6,5,25.2,High
36.0,31.8,27.4,3,32.2,Low
28.3,74.0,15.9,5,20.2,Medium
33.3,68.1,14.5,1,31.5,Medium
26.8,15.0,8.8,5,24.6,Low
33.3,31.7,32.5,3,21.8,Low
32.6,74.9,21.0,2,23.2,Low
36.4,58.7,11.5,1,30.5,Medium
37.4,56.4,11.6,3,29.9,Medium
33.4,1.0,9.5,4,22.6,Low
42.8,51.2,12.3,5,34.7,High
27.2,40.3,20.6,4,21.6,Low
31.1,27.6,32.5,3,25.7,Low
28.9,70.0,17.9,1,25.9,Low
44.4,56.0,13.2,2,38.5,High
32.5,36.1,6.7,3,28.3,Low
32.6,38.2,2.6,7,22.5,High
43.0,57.3,9.3,5,33.9,High
23.2,65.2,17.7,3,18.6,Medium
26.7,71.4,1.1,4,21.4,High
33.0,66.7,8.6,2,26.0,High
29.9,54.3,12.0,5,23.7,High
40.0,36.5,7.7,4,28.6,Medium
23.9,62.5,17.4,1,9.6,Low
38.1,33.3,1.5,3,33.2,Medium
27.0,57.2,3.6,3,15.9,Low
35.8,51.4,10.5,2,28.6,Medium
40.2,72.6,18.1,0,32.3,Medium
47.1,70.9,16.2,3,38.6,High
23.5,67.9,18.4,4,17.2,Medium
34.7,65.5,3.3,2,29.2,Medium
40.7,52.9,10.2,3,34.4,High
34.5,89.1,2.3,5,25.8,High
36.7,68.0,3.1,4,27.7,High
29.1,87.7,2.6,3,15.1,High
31.7,78.2,26.4,2,24.0,Medium
28.6,45.8,15.4,0,22.2,Low
38.2,42.7,10.6,4,31.7,High
47.0,65.8,6.1,1,40.0,High
35.1,28.8,16.4,2,27.5,Low
34.4,47.2,14.4,3,25.6,Medium
19.0,40.0,4.2,1,3.7,Low
33.5,54.4,9.1,4,25.9,Medium
38.0,8.3,12.6,1,34.1,Low
22.4,100.0,13.4,4,9.9,Low
35.1,70.4,4.6,3,25.7,High
33.9,77.8,16.9,2,30.8,Medium
19.9,58.4,17.8,9,11.4,High
36.9,81.4,26.6,2,28.5,Low
31.0,67.3,4.2,2,20.7,Medium
34.9,73.2,8.8,5,19.5,Medium
36.2,65.8,13.4,4,28.2,High
28.7,84.9,17.5,1,21.8,Medium
36.4,39.6,40.4,3,28.1,Medium
30.4,89.4,6.7,1,23.6,Medium
35.0,51.5,7.0,5,31.1,High
29.5,37.4,11.1,6,19.3,Medium
41.6,64.6,26.4,4,40.1,High
38.8,30.7,8.5,1,34.9,Medium
31.6,44.3,4.9,2,27.9,Medium
38.9,48.9,13.4,8,31.0,High
31.1,50.2,10.7,2,24.9,Medium
35.5,76.4,8.6,1,24.9,Medium
28.1,73.2,3.1,7,16.6,High
40.7,48.2,6.2,1,36.7,High
33.2,64.7,24.9,2,29.1,Low
29.3,100.0,9.0,3,25.7,Medium
35.6,28.5,10.6,8,23.8,Medium
21.8,32.9,14.4,3,13.5,Low
26.9,56.0,20.4,3,21.5,Low
31.9,100.0,6.2,1,21.9,High
34.9,36.9,11.4,4,28.9,Medium
34.8,42.1,4.9,0,25.7,Low
30.2,67.3,5.8,2,23.5,High
38.1,75.9,17.1,4,33.8,High
25.4,55.2,16.7,5,14.8,Low
32.1,60.0,7.6,2,25.2,Medium
41.4,54.7,6.1,2,30.6,High
38.0,59.0,14.3,5,24.6,High
42.9,23.1,1.1,1,32.7,Medium
49.8,58.8,13.3,2,38.7,High
29.7,55.8,8.6,0,19.5,Low
36.4,63.0,10.5,3,29.9,High
28.3,43.1,25.2,5,18.1,Medium
26.3,66.0,5.8,3,18.4,Low
37.0,72.9,11.4,4,34.3,High
34.2,100.0,20.6,1,24.7,High
31.2,44.7,7.5,6,21.1,Medium
38.0,33.5,11.9,7,31.7,High
31.5,58.9,14.7,3,28.4,Medium
23.5,66.4,10.1,3,10.7,Medium
38.7,57.6,5.3,5,29.8,High
29.2,57.8,15.3,4,18.0,Low
39.3,42.8,22.5,7,32.3,High
36.5,20.7,3.8,7,29.0,High
15.6,82.4,4.7,4,10.7,Low
31.9,90.5,36.7,7,18.8,High
27.4,38.8,6.5,3,10.8,Low
40.5,41.7,5.3,1,32.9,Medium
30.0,20.2,12.7,2,21.4,Low
39.9,46.3,14.5,2,27.3,Medium
34.5,62.5,5.2,2,32.3,Medium
30.0,40.8,23.6,1,13.9,Low
37.5,71.5,4.4,0,23.7,High
40.2,34.3,19.0,6,35.6,High
25.7,68.8,3.9,2,20.8,Medium
23.3,61.8,7.5,5,19.7,Medium
33.5,47.5,15.4,0,29.7,Low
31.2,49.4,26.3,3,21.3,Low
37.4,70.6,29.4,2,31.9,Low
39.5,100.0,4.6,1,30.5,High
22.4,52.2,14.9,2,10.4,Low
31.4,76.9,16.2,1,20.7,Low
23.1,90.9,6.1,4,12.1,Medium
24.5,40.5,7.3,3,14.3,Low
22.2,35.5,13.3,4,10.9,Low
31.3,55.2,6.2,1,23.2,Medium
22.9,58.9,17.3,0,16.7,Low
29.3,66.1,15.1,3,25.4,High
27.9,37.5,3.1,3,17.3,Medium
31.6,71.4,9.6,4,20.6,High
34.0,30.4,9.0,4,28.3,Low
33.4,54.6,17.9,4,26.8,Low
25.4,61.9,9.9,6,17.6,Low
33.7,24.8,18.9,3,26.3,Low
31.0,64.4,38.0,4,26.0,Low
37.2,50.0,20.5,1,24.4,Medium
29.3,45.0,10.4,0,22.8,Low
38.1,61.7,7.5,5,28.6,High
27.2,22.9,6.1,4,20.8,Low
27.5,63.8,7.6,2,21.8,Medium
33.2,28.6,10.9,4,26.2,Low
21.9,62.8,22.1,1,16.9,Low
27.8,57.4,14.9,3,24.5,Medium
42.0,88.1,5.5,0,34.7,High
38.7,88.1,18.2,3,29.7,High
31.3,71.9,15.1,2,21.7,Medium
50.5,53.4,10.6,7,42.6,High
32.8,54.7,27.7,1,26.2,Low
35.1,29.9,6.4,3,26.0,Medium
44.1,15.5,23.4,2,39.0,Low
36.3,78.7,6.6,4,24.1,High
31.8,45.5,12.0,2,23.9,Low
38.9,35.5,5.3,1,28.0,Low
38.3,16.0,3.0,1,28.6,Medium
28.9,57.9,12.3,4,21.3,Medium
32.5,49.1,18.3,4,24.0,Low
35.0,40.0,7.4,1,30.4,Medium
35.0,38.9,1.5,2,26.2,High
28.0,60.7,10.0,5,22.3,Medium
36.1,56.0,28.6,4,30.3,High
31.5,17.1,19.4,3,19.9,Low
37.3,35.3,15.1,1,31.1,Low
40.2,73.9,0.4,6,28.8,High
28.3,38.2,36.7,4,22.8,Low
31.4,75.1,9.9,2,20.5,Medium
35.3,54.9,7.9,6,29.9,High
39.1,44.2,6.2,3,31.1,High
30.0,45.9,9.8,4,21.2,Medium
34.2,67.6,8.5,5,24.9,High
45.3,34.2,28.9,1,37.2,Medium
39.8,25.4,44.7,0,35.4,Low
32.3,38.9,14.2,5,29.2,Medium
47.1,27.1,15.6,1,39.3,Medium
37.3,31.3,15.9,2,23.5,Low
46.2,30.9,39.5,2,39.6,Low
41.9,57.9,2.3,7,29.6,High
54.0,11.6,2.4,5,42.8,High
44.3,57.0,1.8,1,34.1,High
30.8,52.2,25.4,4,26.3,Medium
39.6,70.5,7.2,2,30.0,High
27.7,61.6,6.2,0,18.1,Low
40.4,60.7,16.7,2,32.4,Medium
45.9,32.8,17.7,0,37.0,Medium
28.2,45.6,18.7,4,22.0,Low
39.2,21.2,1.6,1,29.2,Medium
38.5,80.5,11.1,5,27.3,High
38.7,84.4,10.9,2,36.8,High
25.7,64.8,11.2,0,17.5,Low
30.7,27.9,20.8,3,27.2,Low
36.3,68.8,15.4,3,30.4,High
31.4,44.4,4.9,2,22.4,Low
27.3,18.0,20.8,4,18.3,Low
40.7,46.5,19.7,3,34.3,Medium
29.5,77.2,13.1,1,15.6,Medium
33.8,49.9,10.3,1,25.0,Medium
49.7,57.1,15.5,2,43.5,High
41.2,28.3,22.0,6,32.2,High
34.3,49.4,5.5,5,31.3,High
36.8,48.8,7.4,1,27.6,Medium
36.0,32.2,11.8,4,28.9,High
23.8,58.7,9.1,4,11.8,Low
36.4,48.7,16.6,1,31.6,Medium
42.0,66.7,12.1,3,31.4,High
33.4,43.2,12.2,2,25.5,Low
39.2,57.8,12.4,5,28.8,High
37.7,38.4,17.5,3,26.6,Medium
38.6,19.5,37.9,0,29.3,Low
26.6,78.2,2.1,1,15.7,Low
36.8,44.3,2.2,1,27.9,Medium
46.0,34.5,6.8,0,40.0,Medium
33.8,66.1,14.4,3,20.6,Medium
32.2,54.9,15.4,4,30.3,Medium
39.8,25.5,18.1,1,35.4,Low
40.5,50.0,11.7,3,33.5,High
42.5,18.1,10.9,3,36.7,Low
33.2,39.9,20.7,4,25.3,Medium
37.8,84.4,23.9,0,29.6,Medium
47.6,31.3,4.4,5,41.6,High
28.3,39.0,26.2,3,19.0,Low
24.3,59.2,5.8,7,19.7,High
39.5,31.1,9.2,3,29.9,Medium
37.0,38.9,11.2,2,30.6,Low
31.1,77.5,29.0,1,23.7,Medium
29.5,34.4,10.4,0,24.9,Low
33.5,49.2,1.0,2,18.7,Medium
41.1,39.1,5.2,3,35.0,High
40.6,43.5,5.4,6,27.6,High
35.6,57.9,15.5,3,30.7,Medium
30.7,55.0,3.5,2,24.1,Medium
16.4,41.6,16.1,2,7.4,Low
37.2,52.2,17.7,6,28.5,High
38.7,75.2,9.2,2,32.2,High
33.0,52.8,20.7,5,25.2,High
50.3,54.6,28.0,2,38.8,High
28.8,38.8,9.3,4,25.1,Medium
44.4,66.3,11.2,2,33.5,High
39.3,32.8,14.9,4,30.4,Medium
32.7,84.1,18.9,9,23.4,High
22.8,52.4,19.6,4,19.9,Low
43.7,48.2,19.9,5,33.5,High
34.4,81.0,10.5,2,31.5,High
46.6,70.4,13.0,2,40.1,High
34.5,85.7,15.8,5,28.3,High
44.2,74.7,10.8,4,36.4,High
24.0,41.7,29.3,2,16.6,Low
24.6,44.0,14.1,2,17.4,Low
31.2,60.0,10.5,4,23.4,Medium
18.8,47.7,12.4,3,8.1,Low
36.2,76.1,7.2,1,20.1,Medium
28.7,34.2,2.7,4,26.2,Medium
39.3,52.0,11.1,3,33.9,Medium
20.4,46.7,18.0,4,12.4,Low
42.1,46.3,4.6,2,35.5,High
34.6,54.4,12.2,2,27.2,Medium
40.4,45.8,9.9,4,32.9,High
32.8,46.2,12.1,1,24.0,Low
22.3,30.6,20.6,5,9.8,Low
43.2,53.8,13.4,5,30.8,High
39.2,39.2,5.9,6,34.0,High
40.7,38.6,13.4,4,35.6,High
34.9,52.5,3.9,2,30.5,Medium
46.9,60.6,4.8,2,42.9,High
51.6,92.7,29.3,4,48.9,High
43.6,40.6,3.3,1,31.3,Medium
24.1,70.7,21.5,6,13.5,Low
35.8,48.9,21.3,1,29.4,Low
29.3,87.5,2.5,7,21.7,High
24.6,98.0,2.7,1,19.1,Medium
33.1,33.5,17.2,3,28.7,Medium
42.1,58.0,4.5,0,31.7,High
31.0,62.6,25.7,6,21.9,Medium
30.0,85.6,25.4,8,24.6,High
31.9,34.5,34.4,2,18.9,Low
48.6,77.3,11.4,2,36.5,High
37.7,55.9,36.3,6,33.0,High
29.0,14.5,30.7,4,25.2,Low
46.2,53.2,12.7,4,37.1,High
34.9,69.9,6.7,2,20.2,Medium
28.1,85.0,10.3,2,22.8,Medium
30.6,58.5,18.5,3,20.3,Medium
28.3,53.5,17.4,1,21.7,Low
33.1,15.4,15.8,0,23.0,Low
33.6,62.4,6.7,1,31.8,Medium
35.4,40.8,5.1,4,29.9,High
30.3,48.6,7.7,2,21.4,Medium
38.3,74.5,3.4,2,29.4,High
45.2,66.8,4.4,6,43.3,High
29.9,65.4,8.2,8,24.4,High
43.1,35.4,2.5,2,37.0,High
35.4,23.9,1.2,5,25.5,High
32.9,39.5,5.7,3,25.4,Medium
39.2,27.4,15.4,3,30.0,Medium
37.5,78.9,17.6,6,25.4,High
38.5,59.1,6.4,5,31.0,High
29.2,95.7,18.7,4,19.2,Medium
27.0,64.8,15.7,8,16.0,High
19.2,86.3,5.3,4,12.2,Medium
36.9,64.4,34.7,0,30.3,Low
27.7,79.4,34.1,5,17.5,Medium
30.0,55.3,20.7,4,20.7,Low
33.3,82.6,6.3,1,21.9,High
25.4,74.1,7.2,2,16.1,Medium
44.1,24.5,7.9,2,37.0,High
32.1,74.7,23.5,3,23.5,Medium
37.8,70.0,13.6,3,31.5,High
40.2,12.5,22.9,1,38.4,Low
21.5,52.1,20.2,4,10.9,Low
31.5,78.2,7.4,2,26.9,High
39.9,7.2,7.5,0,30.9,Low
27.1,69.8,28.9,1,18.9,Low
36.3,63.2,12.7,4,27.5,High
27.8,56.1,19.9,4,23.7,Medium
36.9,100.0,23.4,7,33.3,High
30.2,70.9,10.2,2,22.2,Medium
34.6,43.2,8.1,7,26.3,High
43.0,48.6,1.4,3,34.1,High
39.0,74.9,3.4,3,33.0,High
29.0,68.4,2.2,3,24.3,High
37.8,49.3,35.3,2,27.6,Low
36.8,77.1,22.2,5,23.3,High
42.3,32.1,8.3,7,32.7,High
34.7,74.6,8.2,4,23.7,High
34.4,44.9,4.6,2,31.9,High
39.6,69.4,25.3,2,29.0,High
39.7,94.8,13.5,2,33.4,High
57.6,14.2,12.4,3,50.4,High
44.8,47.2,3.9,1,32.8,High
34.2,7.0,17.3,0,27.5,Low
33.4,69.0,30.2,3,23.5,Medium
28.8,80.6,4.3,2,21.9,High
23.6,40.4,5.8,1,20.5,Low
34.9,64.7,9.6,2,24.6,High
19.1,62.2,13.0,2,10.9,Low
47.9,62.7,29.6,2,39.4,High
28.4,69.4,10.5,5,19.4,High
43.1,67.2,6.4,3,30.8,High
33.2,45.0,17.6,4,25.2,Medium
38.1,47.1,15.8,1,37.4,Low
25.2,22.2,16.7,3,12.7,Low
38.2,8.2,8.5,0,29.3,Low
35.0,54.2,7.1,2,29.9,High
47.8,92.6,24.9,1,37.1,High
25.2,33.5,5.4,2,21.1,Low
24.8,42.1,8.5,2,23.4,Low
26.9,56.4,20.6,3,15.6,Low
19.9,47.5,13.9,3,8.4,Low
28.2,54.3,5.6,2,16.6,Medium
27.4,62.7,17.1,3,20.8,High
33.8,59.6,7.9,4,26.8,High
34.4,33.9,18.1,3,27.7,Low
23.6,31.8,5.7,1,19.9,Low
42.5,59.7,15.6,3,35.6,High
38.1,25.2,35.4,2,31.1,Low
40.6,78.8,21.6,0,36.2,Medium
42.4,61.3,27.0,3,30.1,High
27.3,79.8,11.6,3,21.5,Medium
30.0,66.2,12.3,1,17.5,Low
36.8,53.4,15.2,3,26.0,Low
43.1,77.2,2.9,3,34.5,High
36.3,54.5,7.7,0,32.5,Low
34.1,46.0,10.6,1,23.9,Medium
29.4,18.7,4.4,1,15.3,Low
24.9,51.7,13.9,1,18.9,Low
42.2,37.3,28.9,5,32.9,Medium
31.5,38.6,9.1,3,24.5,Medium
34.5,44.0,17.8,1,31.8,Low
46.1,66.4,6.6,4,37.9,High
31.7,32.4,23.2,5,24.4,Low
34.7,26.2,9.8,1,30.6,Low
30.9,15.5,12.4,2,20.0,Low
25.1,64.4,2.7,0,19.5,Low
36.5,69.9,26.6,0,30.4,Medium
20.5,43.1,10.8,5,10.6,Low
44.3,44.5,4.7,5,39.9,High
19.8,74.1,9.1,5,9.5,Medium
32.3,51.7,7.2,2,23.7,Low
30.5,63.2,16.3,3,21.7,Low
42.0,60.1,25.8,2,30.4,Medium
29.2,33.0,13.7,1,22.7,Low
23.1,64.3,8.7,2,17.9,Low
25.0,58.6,1.5,5,24.7,Medium
19.4,42.4,24.4,2,13.7,Low
40.4,47.5,3.6,3,32.9,High
47.1,24.7,10.3,3,40.8,High
42.7,72.6,11.0,2,33.8,High
34.5,59.2,6.3,0,30.4,High
36.6,57.9,11.3,1,29.9,Low
31.8,56.8,8.3,1,21.9,Medium
30.4,63.5,11.2,1,19.7,Low
37.7,22.0,2.6,2,25.0,Low
25.0,100.0,46.4,4,18.7,Low
38.0,70.8,9.5,0,33.8,High
33.9,63.0,12.6,3,23.3,Medium
38.9,95.7,14.8,2,30.6,High
37.8,62.7,18.2,2,31.4,Medium
25.7,97.4,5.7,3,20.9,High
39.5,100.0,16.8,2,34.6,High
44.9,85.0,31.3,6,37.9,High
39.6,54.9,17.5,1,23.6,Medium
27.8,53.5,19.2,0,19.7,Low
40.3,47.0,17.2,1,29.7,Medium
37.3,72.8,9.9,4,32.3,High
21.0,32.4,18.8,5,19.5,Low
32.6,51.7,1.4,4,22.6,High
39.9,6.9,18.1,2,35.0,Low
33.6,32.0,7.0,3,28.6,Low
37.9,57.2,10.4,1,29.9,Medium
30.1,67.9,9.7,2,17.7,Low
36.2,77.2,11.7,2,25.5,Medium
42.8,56.7,2.7,0,36.9,High
37.6,42.8,5.9,2,28.7,Medium
35.9,42.0,13.3,4,26.4,Low
34.8,40.6,5.7,1,25.2,Low
33.5,99.7,14.3,1,26.5,Medium
29.0,45.6,26.1,5,19.5,Medium
31.8,63.5,11.0,2,22.2,Low
35.4,49.9,12.3,4,26.1,High
20.2,68.1,3.1,2,15.7,Low
43.0,33.6,20.1,6,35.0,Low
30.4,43.2,1.4,1,19.6,Low
25.8,65.0,8.8,2,24.3,Low
48.1,40.3,10.5,2,36.4,High
35.4,69.8,3.0,3,24.8,Medium
41.6,66.6,3.7,4,32.4,High
29.3,55.1,2.7,4,19.8,Medium
41.9,50.3,5.8,2,33.9,High
39.1,50.9,7.6,2,34.0,Medium
31.8,73.0,2.9,3,24.5,Medium
22.1,66.4,6.1,2,14.0,Low
41.4,89.6,5.0,2,34.1,High
32.6,27.6,3.9,2,23.5,Low
42.2,23.4,29.9,3,33.2,Low
31.6,47.2,15.6,4,23.5,Low
33.5,50.0,2.5,1,23.9,Low
36.5,53.2,20.0,4,26.6,Medium
47.8,88.5,30.9,3,43.0,High
28.4,62.4,34.7,5,16.9,Low
31.1,59.8,19.9,2,24.9,Low
30.2,42.9,21.7,3,21.1,Low
29.6,51.8,5.6,2,22.3,Low
33.6,58.2,9.7,2,25.5,Low
41.8,51.8,3.9,5,30.1,High
31.4,58.7,15.9,4,23.9,Medium
47.2,64.1,4.0,4,38.1,High
43.2,75.2,10.2,3,32.0,High
33.2,75.2,16.1,3,22.8,Medium
28.9,63.1,49.2,5,19.3,Low
39.2,82.7,8.1,3,24.9,High
44.4,62.1,11.5,2,36.1,High
41.3,37.8,15.2,4,30.2,High
29.2,19.7,27.7,6,13.2,Low
32.9,85.4,22.6,0,26.6,Medium
23.8,42.5,16.1,2,10.9,Low
24.8,75.3,11.1,4,15.3,Low
40.7,87.8,19.1,4,27.5,High
38.1,34.6,8.5,2,29.6,Low
45.5,36.7,16.0,4,35.0,High
25.8,75.4,3.9,1,21.9,Medium
43.5,64.6,13.4,2,39.0,High
43.2,49.4,7.0,3,33.2,High
48.6,61.7,15.9,1,38.5,High
40.1,71.4,16.7,2,34.4,High
16.0,73.8,8.5,2,5.9,Low
37.9,87.4,41.4,1,28.6,Medium
21.0,41.0,9.3,5,11.3,Low
18.7,81.3,6.8,5,7.5,Medium
35.9,98.3,14.3,5,31.9,High
39.6,66.8,8.5,5,29.1,High
22.0,88.8,8.1,2,12.5,Medium
18.7,51.1,12.6,3,12.9,Low
31.0,59.3,6.1,5,26.5,High
37.7,66.5,41.2,2,31.0,Medium
33.9,59.0,20.8,2,26.9,High
31.6,39.7,4.5,3,24.9,Medium
25.6,31.1,2.5,6,17.1,Low
31.6,76.6,6.7,1,20.1,Low
41.0,74.8,25.6,2,31.9,Medium
35.3,18.1,26.9,4,30.4,Low
36.3,70.5,32.7,2,27.2,Medium
46.4,63.6,8.3,3,39.5,High
47.9,43.4,8.0,4,41.1,High
47.2,63.3,10.0,1,40.8,High
52.7,34.1,4.3,3,43.9,High
28.0,46.0,25.4,5,19.8,Low
25.6,37.1,1.4,2,19.5,Low
37.8,74.7,12.3,8,28.7,High
32.2,48.1,24.4,3,24.7,Medium
34.3,44.5,11.8,4,27.3,Medium
19.6,39.7,9.9,6,11.2,Low
36.3,71.5,11.7,2,28.8,Medium
31.1,68.8,3.0,2,24.5,Medium
31.3,47.1,6.1,4,20.3,Low
33.0,64.8,13.5,2,21.9,High
22.8,1.0,3.1,3,16.5,Low
29.7,36.7,18.3,5,20.7,Medium
44.4,81.5,16.1,1,37.4,High
36.3,49.9,7.3,2,29.2,Medium
44.1,30.0,25.0,3,37.8,Medium
25.7,93.8,34.8,1,20.9,Low
35.8,19.2,16.6,6,27.7,Medium
26.5,28.1,10.4,4,19.0,Low
48.9,35.8,4.6,3,41.8,High
26.2,39.0,13.4,2,14.4,Low
41.1,84.8,8.8,5,32.1,High
31.2,50.8,24.8,4,22.1,Medium
42.2,100.0,39.8,2,29.1,High
24.6,12.3,1.8,2,15.2,Low
30.4,77.1,28.8,4,16.3,Low
38.5,46.3,9.8,2,31.5,Medium
33.4,46.3,20.6,2,25.3,Low
35.2,44.8,12.6,1,24.1,Low
31.1,48.7,21.1,1,29.3,Low
32.6,74.6,12.9,7,24.0,High
32.3,40.6,8.3,5,16.6,Medium
28.7,55.1,3.0,1,23.6,Low
48.2,79.1,12.1,4,35.9,High
45.5,8.6,15.3,2,37.8,Medium
44.1,100.0,32.8,1,27.7,High
39.0,82.0,3.0,2,33.3,High
41.1,66.0,18.3,4,35.2,High
29.3,64.0,7.3,0,24.0,Medium
26.5,60.6,12.3,3,17.9,Low
43.0,42.0,18.8,8,36.2,High
37.5,74.2,2.8,0,31.2,Medium
43.1,51.1,23.6,2,34.1,Medium
37.2,33.4,1.1,2,27.3,Medium
29.1,83.4,12.2,0,27.2,Medium
26.0,36.2,37.5,2,15.3,Low
38.3,75.0,21.7,1,33.9,High
40.1,51.7,15.8,3,33.0,Medium
38.3,67.8,7.2,4,31.4,High
27.4,34.2,4.3,4,18.2,Low
36.0,33.6,12.0,4,30.3,High
36.3,72.0,13.0,2,26.0,Medium
29.7,89.1,2.0,2,24.1,Medium
43.8,81.7,11.7,4,32.6,High
33.4,62.3,29.5,1,25.8,Low
45.1,30.7,13.7,4,36.5,High
37.1,7.4,2.3,2,26.1,Low
33.4,96.8,6.8,3,25.9,High
35.3,43.2,1.5,4,20.7,Medium
19.9,84.3,12.4,3,12.4,Low
34.4,67.9,17.6,1,25.7,Low
18.1,8.8,25.9,1,5.2,Low
30.8,51.4,12.2,3,21.3,Medium
37.2,65.2,22.3,8,26.6,High
31.7,18.3,12.2,3,24.7,Low
45.1,46.4,5.5,2,43.2,High
34.5,31.3,16.6,7,28.3,High
39.1,86.3,14.0,1,31.2,High
33.6,37.1,5.6,4,27.9,Medium
37.1,64.7,13.1,1,28.9,Low
32.4,36.8,9.0,6,28.9,Medium
38.9,40.3,10.2,3,30.7,Low
42.7,51.5,3.2,7,36.9,High
35.4,57.4,3.3,7,32.3,High
44.2,56.1,15.7,2,35.9,High
32.6,18.2,2.2,3,24.6,Low
43.6,75.2,17.6,1,36.5,High
40.0,89.1,3.3,2,34.8,High
32.9,59.1,9.6,5,28.0,High
39.5,52.2,5.1,0,27.0,Low
39.3,79.3,25.2,3,29.2,Medium
40.7,67.2,4.2,4,34.4,High
19.7,54.9,9.2,3,13.3,Low
26.7,45.5,16.0,3,21.8,Low
32.4,55.8,7.7,0,24.8,Low
36.1,16.1,15.2,1,24.4,Low
38.5,61.3,7.9,5,29.1,High
31.3,88.0,10.0,1,20.6,Medium
39.9,9.7,11.4,1,35.4,Low
19.3,4.8,19.4,3,13.0,Low
24.5,73.8,31.6,2,15.6,Low
30.5,100.0,16.6,2,29.2,High
48.7,99.2,10.2,4,42.6,High
40.5,50.6,11.7,3,35.0,High
31.3,69.9,19.1,5,19.4,Medium
45.8,82.6,27.0,3,35.3,High
27.2,24.1,36.6,2,17.8,Low
28.9,15.8,1.8,1,21.1,Low
36.0,50.9,2.0,5,26.3,High
34.9,35.9,12.8,5,27.6,Medium
36.9,62.7,5.8,5,26.1,High
31.6,47.7,1.8,4,26.3,Medium
38.9,95.9,20.3,3,34.1,High
34.9,71.2,37.5,0,27.1,Low
42.6,52.2,15.6,1,33.8,Medium
39.7,10.5,24.8,2,28.2,Low
29.4,65.7,17.7,5,23.9,Low
25.8,62.4,1.4,0,17.9,Low
41.5,50.7,9.5,2,33.2,Medium
26.3,43.1,8.7,1,20.3,Low
41.4,43.9,26.9,2,31.7,Medium
32.2,88.6,15.7,2,27.2,Medium
38.4,85.6,8.8,2,30.8,High
29.7,48.4,26.9,3,20.5,Low
37.3,65.1,21.6,3,28.1,High
42.1,66.5,4.0,0,33.4,Low
30.9,28.0,11.8,4,26.5,Medium
27.8,40.6,9.2,2,16.6,Low
28.5,85.3,3.8,2,20.6,Medium
17.6,33.7,3.5,4,14.2,Low
28.1,43.6,14.1,2,23.6,Low
42.6,51.5,9.9,1,38.8,High
22.1,51.0,6.0,3,17.4,Low
30.3,35.5,7.9,1,23.0,Low
35.0,47.9,18.0,5,34.1,High
34.9,13.2,28.7,4,24.4,Low
28.2,69.7,6.1,2,16.4,Low
43.2,53.3,9.8,2,32.0,Medium
39.3,24.0,14.4,3,35.2,Medium
27.3,42.6,4.7,1,17.4,Low
33.0,8.2,34.3,5,21.9,Low
29.9,30.2,6.4,1,15.8,Low
37.4,17.6,3.7,5,33.3,High
44.4,100.0,6.0,3,34.2,High
37.5,61.5,4.5,3,30.5,High
45.3,56.3,15.7,8,35.9,High
33.3,35.0,1.5,0,26.9,Low
22.7,61.6,15.4,4,13.7,Medium
28.9,58.9,4.3,1,14.9,Low
39.1,72.6,13.3,1,33.6,Medium
33.5,44.9,11.2,2,29.4,Medium
34.8,42.1,3.4,3,28.8,Medium
30.9,41.6,11.8,1,21.2,Low
30.2,49.8,14.0,2,20.5,Low
42.1,58.8,11.7,1,39.7,High
47.1,84.1,3.9,5,39.7,High
30.7,82.8,24.9,2,21.0,High
29.6,50.9,28.0,2,20.7,Low
40.0,100.0,17.1,3,31.2,High
45.0,66.2,12.9,3,32.9,High
41.8,67.9,8.6,5,34.5,High
47.6,73.5,4.6,2,38.5,High
42.2,83.2,19.9,3,37.2,High
39.8,76.9,19.4,2,27.3,Medium
42.9,42.9,12.9,2,38.5,High
37.2,47.5,19.8,5,30.9,Medium
35.0,26.5,1.2,2,26.9,Medium
38.2,67.7,33.1,1,31.5,Medium
37.8,76.4,9.0,4,28.4,High
29.5,77.6,5.7,1,25.8,Medium
37.9,61.3,15.9,5,35.3,High
35.3,69.5,19.5,1,30.1,Medium
37.6,19.2,6.1,2,26.2,High
34.4,46.0,27.2,3,32.2,Medium
37.1,44.0,22.6,5,27.6,Medium
36.4,87.4,40.6,2,25.5,Medium
26.4,62.8,27.3,2,17.9,Low
29.2,62.0,18.3,4,24.1,Medium
23.8,25.7,6.4,3,18.1,Low
44.0,27.2,11.1,2,32.9,Medium
34.0,50.8,10.0,3,26.2,Low
36.4,72.1,5.2,3,28.0,High
34.0,35.8,41.6,4,26.3,Low
27.0,87.4,5.0,6,18.5,High
32.8,38.0,3.4,2,24.4,Medium
34.1,67.0,11.2,2,23.3,Medium
21.7,40.3,14.5,1,15.4,Low
37.6,82.7,39.9,5,32.5,Medium
36.5,97.5,5.2,2,28.5,High
31.6,68.8,5.4,4,23.9,High
44.3,41.4,21.0,3,36.2,Medium
36.8,35.8,21.9,5,22.9,Medium
40.3,39.5,15.0,0,34.4,Medium
36.8,45.0,12.6,5,26.3,High
36.9,42.6,15.3,2,29.9,Medium
18.9,83.5,5.8,4,8.8,Medium
30.3,57.8,3.4,1,21.9,Low
33.3,67.4,6.0,3,23.9,Low
26.3,27.8,5.2,2,16.5,Low
32.3,47.8,20.0,2,26.3,Low
40.4,68.8,5.0,3,39.6,High
34.1,45.5,5.3,1,23.4,Medium
24.8,62.2,10.2,1,24.0,Low
37.4,46.4,11.6,3,31.4,High
20.5,81.5,20.3,5,15.6,High
38.1,55.5,13.1,0,27.5,Medium
30.3,41.8,3.1,8,17.4,High
47.3,62.0,3.8,1,39.1,High
23.8,62.1,9.0,1,17.2,Low
33.8,76.3,5.6,3,28.0,Medium
26.2,28.3,7.3,6,17.2,Medium
31.4,34.7,2.9,5,27.6,Medium
49.2,60.3,9.5,5,46.4,High
31.2,43.1,24.7,2,25.8,Low
25.6,58.3,5.4,0,19.0,Low
38.4,60.4,2.9,2,36.9,Medium
31.5,35.1,12.1,3,18.5,Low
31.5,61.2,2.3,4,25.5,High
31.6,43.3,7.3,4,26.5,High
31.6,20.3,12.6,4,21.5,Low
42.1,54.7,15.4,2,38.4,High
23.0,46.0,6.2,4,16.3,Low
34.5,41.1,27.6,4,25.8,Low
35.9,57.4,22.9,2,30.8,Medium
35.1,65.9,12.9,5,27.5,High
26.2,42.8,22.1,4,16.7,Low
26.8,73.8,9.1,5,20.3,Medium
31.8,34.3,9.3,3,18.0,Low
27.0,42.8,26.9,5,19.6,Low
36.2,87.8,18.8,7,28.2,High
42.3,37.7,10.3,1,34.8,High
34.4,54.7,7.1,1,26.5,Medium
31.8,38.2,7.8,5,25.4,Medium
19.0,86.9,32.1,2,7.4,Low
36.1,36.4,24.5,2,24.0,Medium
28.5,92.1,8.7,3,18.7,High
31.7,78.8,0.7,4,23.6,High
28.8,64.2,9.8,2,22.3,Low
32.5,74.0,27.3,6,25.9,High
35.5,98.1,15.7,4,20.9,High
36.8,43.3,29.4,4,29.9,Medium
41.4,58.6,4.6,4,39.0,High
32.6,54.9,3.9,6,19.9,High
32.4,37.9,13.0,3,28.9,Medium
42.6,46.0,16.1,5,37.9,High
40.2,61.4,19.0,4,32.4,High
43.0,100.0,8.4,3,35.1,High
40.6,31.5,4.2,0,32.7,Medium
51.0,54.6,13.2,3,42.6,High
39.2,46.9,15.8,1,33.3,Medium
26.5,67.5,15.4,4,23.4,Medium
39.2,67.8,14.3,4,32.3,High
36.6,25.9,20.3,1,32.2,Medium
31.4,58.8,32.6,2,21.0,Low
30.7,9.3,2.1,3,24.4,Medium
32.8,79.9,13.0,3,25.5,Medium
19.0,17.2,7.7,0,6.9,Low
16.2,34.9,34.5,3,7.5,Low
34.6,64.7,20.5,3,29.0,Medium
30.5,40.6,12.7,5,23.5,Low
30.1,63.2,25.3,3,22.1,Low
31.6,94.8,14.1,5,21.7,High
23.2,78.6,15.9,3,15.3,Low
39.2,44.4,4.9,3,33.8,High
31.9,50.0,8.6,6,20.4,Medium
34.3,28.8,14.8,4,29.8,Medium
40.6,78.1,10.9,1,30.9,High
31.6,66.0,9.7,4,22.7,High
40.2,36.8,9.5,0,32.5,Medium
36.5,62.1,12.2,3,31.5,Medium
40.2,20.8,23.4,5,40.1,Medium
40.8,63.0,20.1,4,37.6,High
37.6,83.3,28.6,4,28.5,High
33.4,70.8,8.8,4,24.1,Medium
37.5,61.2,5.2,2,24.9,Low
26.7,78.3,29.4,4,18.6,Low
36.6,45.4,16.0,2,28.5,Medium
39.6,7.5,9.7,3,33.7,Medium
27.3,85.6,18.9,3,20.4,High
43.0,74.6,9.9,2,35.0,High
33.6,62.6,23.3,1,20.6,Low
36.7,57.4,28.3,4,27.6,Medium
25.6,73.3,3.9,2,18.8,Medium
18.4,73.3,5.2,4,12.5,Low
42.5,51.4,11.0,2,41.0,Medium
33.0,83.9,9.7,0,29.0,Medium
40.9,72.2,6.2,2,34.0,High
32.7,42.2,10.1,2,24.7,Low
27.9,100.0,31.5,5,22.5,Medium
46.1,38.0,4.8,0,34.7,Medium
33.5,12.2,4.9,2,23.1,Low
34.8,26.0,5.2,4,25.5,Low
32.8,81.3,21.6,2,21.4,Medium
24.0,82.3,13.3,3,12.4,Low
37.8,34.0,17.9,3,31.3,High
36.9,42.1,3.3,3,30.4,Medium
40.3,42.3,7.6,5,32.6,High
28.3,73.8,8.8,2,21.5,Medium
23.0,29.2,27.4,2,19.9,Low
38.0,76.7,4.0,1,28.6,Medium
43.1,59.2,18.7,3,35.1,Medium
22.7,43.1,12.9,2,11.3,Low
24.2,45.4,23.6,4,20.4,Low
30.1,50.0,5.9,3,19.6,Medium
23.5,50.4,9.2,4,9.3,Low
31.3,40.0,41.5,4,25.7,Low
36.6,100.0,15.9,2,30.3,High
39.1,67.7,14.3,0,30.5,High
37.8,75.1,16.5,2,28.4,High
33.0,58.4,11.6,2,31.3,Medium
43.0,61.5,4.3,2,32.4,High
20.6,48.2,4.4,5,18.1,Medium
26.6,80.0,11.8,7,16.2,Medium
34.2,57.0,16.3,3,31.9,Low
28.6,40.4,6.2,5,22.7,Low
33.0,1.0,12.0,2,22.2,Low
37.4,35.9,18.5,3,31.4,Medium
30.1,51.3,15.5,3,19.0,Medium
30.2,56.3,25.9,3,22.1,Low
32.2,29.3,1.2,5,23.8,Medium
40.1,7.7,5.4,1,33.6,Low
38.4,100.0,4.5,2,33.3,High
39.6,55.1,2.6,1,26.2,Medium
35.1,47.9,6.1,5,26.8,Medium
35.2,59.3,8.1,2,31.8,Medium
42.2,31.5,4.6,0,32.4,Medium
28.0,79.0,18.1,3,24.5,Medium
42.3,44.5,2.5,5,34.7,High
35.2,39.1,5.0,4,31.2,Medium
34.3,41.9,7.5,2,29.1,Medium
30.5,40.2,2.7,0,22.0,Low
42.5,30.2,17.7,3,33.8,High
39.9,64.7,0.4,1,35.8,High
24.5,67.8,18.3,1,16.1,Low
36.3,26.1,12.2,4,33.5,High
28.9,49.0,18.4,3,17.6,Low
32.1,57.9,4.2,1,24.1,Low
23.4,43.8,8.4,3,15.5,Low
35.1,72.6,4.7,3,29.6,High
35.4,89.3,9.5,4,29.8,High
35.9,65.4,3.8,4,25.4,High
31.2,55.0,13.0,3,22.1,High
32.1,38.2,24.0,5,21.3,Low
20.8,22.8,13.9,4,15.0,Low
40.7,37.4,4.6,3,33.4,High
21.6,71.3,15.9,6,12.7,Low
36.8,33.4,8.8,3,29.5,Medium
32.4,82.1,8.1,6,23.1,High
38.0,46.5,11.0,0,31.8,Low
35.1,30.0,45.0,0,30.7,Low
27.1,59.8,9.3,2,17.9,Medium
38.0,35.8,38.8,4,34.4,Low
33.7,73.9,15.8,1,19.6,Low
32.4,37.1,10.5,1,25.4,Medium
35.6,10.3,31.7,5,28.8,Low
42.1,43.4,24.7,4,33.4,High
31.5,20.2,30.2,3,22.3,Low
36.6,72.1,1.2,0,30.1,Medium
35.5,77.9,10.9,2,26.9,Medium
31.0,42.2,22.3,2,24.6,Low
29.9,89.3,27.2,1,18.2,Medium
26.9,36.5,3.3,1,16.4,Low
37.5,48.1,17.5,8,31.1,Medium
29.8,31.1,12.4,1,23.1,Low
25.1,18.0,19.0,2,18.9,Low
33.6,63.2,26.7,4,25.8,Medium
40.9,87.9,11.1,2,31.4,High
42.2,45.1,7.4,2,32.2,Medium
14.0,55.1,17.2,6,5.7,Low
34.9,27.5,30.7,3,26.3,Medium
37.7,42.3,15.9,2,29.9,High
37.3,21.2,28.1,3,26.5,Low
33.4,87.9,4.6,7,26.4,High
45.2,28.6,15.4,5,31.4,High
42.8,55.0,15.6,2,30.7,High
33.4,89.8,15.6,3,26.2,High
31.1,57.5,9.1,3,23.4,Medium
36.4,52.7,3.0,1,37.4,High
37.3,62.0,17.2,3,33.1,High
34.4,26.8,31.3,4,27.7,Low
35.0,14.9,32.3,2,28.2,Low
44.7,60.1,5.5,5,35.1,High
44.9,57.7,6.7,7,34.6,High
39.5,61.9,22.9,4,36.4,Medium
40.5,1.0,6.6,2,35.9,Low
40.0,25.4,13.6,5,36.0,High
32.6,57.5,6.6,3,28.8,Low
37.1,51.3,12.7,8,29.2,High
35.8,74.9,10.6,4,25.0,High
42.6,61.6,24.1,3,30.7,Medium
36.0,81.2,11.7,3,24.5,High
40.0,79.8,7.4,3,37.6,High
33.2,68.5,10.6,3,26.6,Medium
38.9,52.5,19.3,2,30.3,High
35.9,62.2,10.5,2,25.6,Medium
28.7,64.4,5.0,7,28.4,High
39.1,81.4,1.8,3,33.4,High
41.3,47.2,15.8,2,28.9,Medium
22.5,64.3,4.3,6,14.7,Medium
21.8,24.3,11.2,4,9.7,Low
35.7,46.6,1.2,5,25.6,Medium
36.8,60.0,10.3,3,30.6,High
27.6,63.3,9.5,4,18.1,Medium
36.0,68.7,5.9,2,24.7,Medium
33.3,39.2,6.2,2,26.4,Medium
19.7,56.2,20.3,3,13.8,Low
35.3,44.0,31.3,3,30.4,Low
27.2,95.5,15.0,3,16.6,Medium
38.0,21.9,10.7,2,27.3,Medium
30.5,100.0,21.5,3,25.1,Medium
36.5,69.9,28.8,2,32.2,High
42.2,1.0,5.7,3,36.0,Medium
31.1,44.0,17.3,4,23.8,Medium
33.1,60.4,2.1,2,23.0,Medium
42.7,53.9,12.3,3,30.0,High
38.0,19.5,13.7,1,32.0,Low
33.4,29.5,15.7,3,20.5,Low
44.3,57.6,2.9,3,39.6,High
32.5,24.4,7.5,1,22.6,Low
32.4,73.4,38.7,3,20.6,Low
27.7,49.1,3.9,4,22.7,Medium
37.9,68.0,23.3,1,33.2,Medium
26.7,30.7,1.1,2,18.2,Low
43.4,25.2,14.7,2,32.1,Low
30.0,77.7,23.6,2,22.6,Medium
37.2,53.6,4.2,2,26.6,Medium
34.3,18.6,13.9,1,24.3,Low
37.6,36.7,14.2,1,34.0,Low
36.8,59.4,11.3,4,28.8,Medium
34.6,22.5,16.2,3,23.7,Low
31.5,1.0,23.8,2,26.2,Low
35.8,21.8,6.1,0,30.0,Low
42.7,72.1,10.3,7,31.3,High
31.9,16.7,3.5,2,24.4,Low
26.2,76.0,19.7,2,16.8,Low
38.6,61.1,11.0,3,35.8,High
35.8,38.5,7.4,2,26.2,Low
43.5,80.3,15.3,4,37.6,High
37.8,25.2,2.9,3,34.6,High
42.7,41.2,13.5,5,35.5,High
46.1,53.2,7.8,3,35.7,High
32.0,44.8,10.9,0,21.3,Low
33.3,56.0,8.0,3,25.5,Medium
41.7,67.5,13.4,2,35.2,High
34.6,41.3,17.4,4,31.1,Medium
31.2,87.5,15.8,3,21.5,High
32.1,34.3,22.9,3,24.4,Low
29.6,48.6,10.1,5,22.3,Medium
19.9,64.4,7.8,6,13.0,Low
38.5,50.6,8.8,3,28.0,High
28.9,23.1,28.3,2,18.9,Low
23.8,53.9,4.1,2,12.9,Low
40.2,33.3,8.1,2,30.0,High
23.9,92.6,4.2,0,17.1,Medium
41.9,86.2,4.3,1,35.5,High
38.7,57.3,22.7,3,31.1,High
37.1,48.2,6.8,4,29.4,High
25.7,78.3,11.6,3,15.4,Medium
21.2,81.0,4.3,0,13.4,Low
28.9,65.2,4.0,2,21.3,Low
16.2,85.5,17.7,5,7.1,Low
17.6,62.8,32.8,1,8.3,Low
40.0,57.9,5.7,3,34.2,High
48.1,61.0,10.7,1,41.3,High
34.8,41.9,9.2,5,29.7,High
34.2,71.9,9.3,5,28.1,High
29.8,49.8,3.8,4,18.3,Low
40.3,61.4,2.9,3,30.1,High
23.2,48.3,13.3,1,13.3,Low
35.3,64.6,5.8,5,25.1,High
46.9,60.0,2.0,2,46.3,High
35.1,76.5,14.4,4,27.8,Medium
32.0,42.3,6.7,7,23.4,High
44.7,41.5,12.5,2,39.4,High
47.4,70.0,6.1,1,44.1,High
44.5,91.9,13.4,3,37.4,High
33.4,48.6,16.8,3,23.5,Medium
39.9,68.3,21.2,0,29.2,Medium
44.6,35.5,37.7,2,40.7,Medium
30.5,44.2,5.5,7,21.6,Medium
27.8,55.9,9.9,2,24.0,Medium
37.0,61.7,8.5,1,28.0,Medium
26.9,60.1,2.5,1,21.2,Medium
25.6,49.6,13.6,3,16.0,Low
30.1,23.0,11.5,1,21.2,Low
28.1,26.6,7.7,4,15.1,Low
27.2,83.7,7.7,6,19.3,Medium
35.1,46.0,13.1,4,25.8,Low
36.0,54.2,11.0,8,26.1,High
24.4,59.1,8.0,6,17.8,Medium
36.7,100.0,23.3,2,25.4,High
35.3,49.1,32.1,3,20.1,Medium
26.9,77.0,1.3,6,19.7,High
34.2,33.4,4.3,4,28.7,Medium
35.9,43.7,9.1,5,34.9,Medium
36.6,65.5,4.2,3,21.9,High
40.2,68.6,7.9,3,29.1,High
39.7,63.5,28.9,3,31.1,Medium
34.3,55.8,10.3,3,23.7,Medium
27.8,53.2,13.7,3,23.2,Medium
30.7,82.9,3.9,4,18.8,Medium
35.5,87.9,9.0,1,26.9,Medium
43.0,52.7,14.0,2,35.9,High
17.9,54.0,2.7,3,9.6,Low
34.7,48.9,6.2,4,29.3,Medium
33.0,44.1,1.4,3,27.3,High
35.9,71.9,12.6,7,31.7,High
24.4,51.2,3.5,4,15.8,Medium
40.4,59.7,11.2,1,32.0,Medium
33.9,64.0,6.5,2,31.4,Medium
32.2,1.0,16.8,2,28.8,Low
36.8,41.1,27.0,1,25.9,Low
36.3,56.9,39.2,4,26.3,Medium
34.2,71.2,19.0,3,27.4,Medium
30.2,89.1,7.7,5,19.5,High
32.5,55.3,18.2,3,29.6,Medium
34.2,22.4,28.5,3,23.4,Low
46.8,67.1,19.8,0,46.4,High
34.8,52.5,30.8,2,27.2,Medium
38.7,99.0,30.4,5,27.7,High
40.0,82.0,14.4,2,30.9,High
34.2,26.8,21.1,5,22.6,Low
43.6,40.6,25.1,4,36.2,High
22.2,87.5,6.6,2,14.4,Low
36.2,57.3,6.7,5,24.5,Medium
41.7,67.7,8.5,1,30.6,High
37.6,49.3,19.1,2,30.8,Medium
21.5,94.6,3.9,2,12.3,Medium
36.0,58.2,5.6,4,30.1,High
33.7,72.7,12.1,7,22.0,High
34.5,23.2,5.8,3,26.6,Medium
31.8,28.2,25.3,0,22.7,Low
39.9,100.0,19.1,4,32.6,High
33.0,29.7,6.6,1,34.8,Low
43.0,68.6,11.0,4,37.8,High
35.1,75.4,7.0,1,31.6,Medium
29.8,61.3,4.7,1,21.0,Low
47.5,76.5,10.6,4,46.9,High
28.5,14.7,2.4,4,19.6,Low
31.7,81.8,7.6,4,26.8,High
36.3,3.0,18.2,4,27.2,Low
23.6,74.0,6.5,1,15.5,Low
35.4,100.0,5.9,2,27.7,High
29.8,82.8,14.3,4,18.7,Medium
49.8,56.8,8.3,5,38.8,High
32.3,50.1,21.6,2,20.4,Low
27.0,54.7,9.7,3,21.1,Low
36.4,31.3,56.9,3,31.9,Low
34.7,51.0,5.7,3,23.6,Low
39.7,22.8,19.4,3,33.8,Medium
28.0,35.9,36.2,3,24.3,Low
44.7,74.8,18.1,1,40.4,High
36.6,72.8,11.4,0,28.1,Medium
28.9,64.1,1.6,6,21.6,Medium
34.8,58.7,7.2,4,23.6,High
38.5,16.5,11.8,2,34.5,Low
37.5,46.5,14.2,0,34.0,Low
25.5,53.4,0.8,0,18.3,Low
20.5,20.1,2.2,1,18.3,Low
24.5,24.3,6.9,3,18.0,Low
35.5,76.2,14.8,2,24.9,Medium
36.7,62.1,3.6,4,22.3,Medium
15.3,29.7,7.6,1,8.6,Low
36.0,85.1,12.2,5,29.5,High
28.8,76.7,15.8,3,20.5,High
25.5,52.1,6.9,1,15.5,Low
29.6,27.2,10.9,0,18.4,Low
34.4,90.1,14.6,1,28.3,Medium
33.3,92.0,20.1,4,22.2,High
18.3,80.7,6.9,2,11.9,Low
44.2,79.6,8.0,2,31.4,High
38.5,53.8,25.7,7,27.7,High
35.1,57.3,13.4,2,29.5,Low
22.1,85.0,7.1,2,13.7,Low
28.2,60.5,12.6,2,21.5,Low
33.5,36.7,17.3,1,23.8,Low
39.4,34.6,17.1,1,32.3,Medium
41.6,79.1,36.7,4,35.8,High
51.5,100.0,8.2,3,41.9,High
35.1,66.8,18.6,3,26.0,Medium
29.4,100.0,15.9,3,25.3,High
39.3,11.7,14.1,6,27.2,Medium
27.1,27.7,17.7,3,16.4,Low
36.5,43.8,3.7,6,26.2,High
49.0,11.2,39.1,2,41.6,Low
31.9,50.2,11.1,4,27.2,Medium
29.6,80.9,28.1,2,18.1,Medium
24.3,10.2,5.3,4,18.3,Low
35.0,75.3,5.7,5,29.6,High
23.5,28.0,22.2,6,15.0,Medium
26.3,37.0,10.6,2,23.7,Low
24.6,52.1,16.0,1,15.7,Low
41.4,53.7,15.1,1,35.7,Medium
32.9,77.2,29.9,2,25.4,Low
43.5,50.7,39.9,6,33.1,High
35.5,70.2,24.6,1,23.7,Low
30.8,78.3,11.1,3,19.5,Medium
38.3,57.7,21.3,2,26.1,Medium
38.5,100.0,20.3,2,30.6,High
42.4,41.4,26.6,1,41.5,Low
27.8,37.2,10.4,1,20.4,Low
34.1,37.8,12.1,2,24.1,Low
25.9,100.0,16.8,2,19.7,Medium
35.7,73.5,18.1,1,28.9,High
15.1,81.3,9.4,3,10.8,Low
27.0,70.2,4.3,4,16.9,Medium
28.7,53.0,12.7,4,22.7,Low
33.9,58.3,16.7,3,26.7,Medium
41.2,33.2,12.3,4,31.5,Medium
21.8,100.0,9.1,3,14.1,Medium
40.0,52.8,11.7,4,27.2,High
36.4,35.9,20.1,2,29.5,Medium
36.9,22.8,18.4,0,34.3,Low
32.1,93.0,12.3,2,22.0,Medium
39.0,78.1,21.7,6,31.0,High
32.7,66.1,3.7,7,22.6,High
27.8,13.8,6.2,2,21.1,Low
32.6,63.7,10.8,1,23.7,Medium
34.8,49.3,25.4,4,27.6,Medium
26.7,43.9,12.5,3,23.3,Medium
17.0,85.8,8.6,3,7.0,Medium
38.7,25.5,13.1,5,29.0,Medium
28.7,23.1,12.0,4,17.6,Low
16.2,18.4,7.2,4,15.6,Low
34.8,35.0,15.4,5,26.9,High
32.9,24.4,13.1,4,26.2,Low
24.5,75.0,47.1,4,13.7,Low
29.4,35.0,17.6,5,21.0,Low
40.8,59.4,13.9,3,33.9,Medium
23.0,40.9,24.3,3,10.2,Low
30.2,76.7,4.2,1,16.3,Medium
37.0,70.8,6.2,4,24.4,High
23.3,56.1,11.5,2,14.2,Low
46.8,90.3,26.5,4,40.1,High
40.0,42.6,4.0,3,25.9,High
46.0,47.2,14.6,4,33.9,High
33.8,58.5,10.9,2,23.2,Medium
44.6,69.0,8.8,1,37.7,Medium
34.9,12.9,31.2,1,30.3,Low
32.0,80.3,6.4,1,27.6,High
26.1,41.5,23.9,3,18.0,Low
35.8,69.4,17.9,3,26.2,Medium
29.3,38.0,14.6,2,27.2,Medium
29.0,84.5,3.3,2,18.0,Medium
35.0,77.7,1.9,4,31.5,High
46.2,77.8,14.5,2,38.9,High
43.2,64.7,27.1,6,31.5,High
39.7,50.9,7.6,2,25.0,High
33.7,17.6,10.3,2,25.3,Low
34.6,56.2,11.4,3,27.0,High
44.2,80.4,12.7,5,36.5,High
37.5,72.6,19.6,4,29.9,High
15.3,38.7,43.6,3,4.9,Low
51.1,100.0,38.6,2,44.9,High
33.8,78.3,8.5,2,27.6,Medium
34.4,38.5,6.2,4,28.3,Medium
35.4,42.1,12.3,1,24.3,Medium
34.5,32.2,12.8,4,25.0,Low
32.6,52.0,1.2,3,23.5,Low
23.5,89.7,4.1,5,9.9,Medium
25.2,64.9,13.3,3,15.2,Low
46.0,91.5,2.7,1,31.8,High
29.0,89.8,17.5,2,16.8,Medium
41.7,85.2,7.9,5,36.8,High
36.0,92.2,21.2,4,24.9,High
17.8,54.9,17.4,3,5.5,Low
25.2,58.8,9.9,2,21.0,Medium
28.3,24.7,16.3,4,18.4,Low
39.0,68.0,2.5,4,35.5,High
32.2,60.3,9.9,2,23.3,Medium
39.1,99.0,5.3,2,27.7,High
32.0,47.2,6.8,3,26.6,Low
38.4,32.4,14.2,3,28.2,Medium
26.5,23.1,12.2,5,23.0,Low
30.6,85.5,8.0,4,21.5,High
36.2,59.0,22.4,2,27.1,Low
31.9,48.4,20.6,3,23.5,Low
34.2,60.2,8.4,4,28.3,High
34.3,27.1,27.8,5,24.0,Low
39.5,26.2,22.3,0,29.1,Low
34.3,93.1,11.6,3,20.6,High
33.2,59.3,5.9,6,17.3,High
36.3,64.1,1.1,3,31.4,High
37.7,55.2,18.9,6,31.7,High
34.8,41.1,14.7,2,27.8,Low
26.3,41.1,1.9,3,18.1,Medium
39.8,32.3,8.2,2,32.1,Low
38.5,80.1,10.7,2,29.3,High
31.7,65.5,24.0,4,26.1,Medium
37.7,43.2,15.2,2,31.1,Medium
47.3,71.2,15.7,1,46.7,High
32.1,37.1,13.1,4,23.6,Low
33.7,77.5,21.2,2,28.0,Medium
35.8,36.6,9.2,5,29.0,High
54.4,58.4,6.0,2,43.5,High
35.3,40.1,6.4,1,28.9,Medium
29.5,87.5,9.0,3,20.5,High
24.9,86.8,5.1,4,12.8,Medium
31.6,71.1,16.3,6,21.7,Medium
33.7,53.4,15.7,3,21.5,Medium
38.3,44.5,6.9,3,25.1,Medium
34.1,59.7,12.9,1,26.1,Low
34.4,39.6,27.5,3,25.8,Low
35.3,74.6,8.0,2,25.6,Medium
35.1,50.7,30.7,2,31.0,Medium
42.6,57.2,3.2,3,32.6,High
27.4,60.5,12.9,4,16.7,Low
47.2,89.1,59.1,3,44.0,High
43.6,54.0,24.4,3,37.8,High
41.1,94.8,21.6,3,37.0,High
28.1,74.1,13.7,4,18.6,Medium
33.0,74.0,22.5,3,27.0,Low
28.9,41.5,9.8,2,16.7,Medium
28.0,28.7,11.6,0,17.6,Low
32.1,57.0,16.6,3,19.1,Low
33.0,31.6,16.7,3,26.2,Low
31.5,15.6,7.4,5,17.1,Low
34.2,44.7,26.4,3,32.9,Medium
39.8,19.3,27.9,3,30.4,Medium
39.3,76.5,6.1,1,30.4,High
36.7,30.1,4.7,2,25.7,Low
33.4,18.8,34.3,1,26.6,Low
31.2,43.0,11.9,7,20.4,High
36.1,68.0,2.8,5,30.8,High
40.9,45.5,9.3,5,34.3,High
43.2,73.0,7.9,2,34.9,High
25.2,69.0,35.5,2,15.2,Low
33.4,62.0,1.3,2,29.4,Medium
27.8,41.3,11.3,8,18.5,Medium
23.8,64.5,23.3,1,19.8,Low
42.0,2.0,9.9,0,37.0,Low
42.8,52.6,70.0,5,30.8,Medium
32.6,80.8,8.7,5,21.5,High
30.8,41.2,8.3,1,18.7,Low
31.4,62.2,12.3,3,26.2,Medium
21.7,14.9,8.2,4,16.2,Low
41.6,71.3,18.9,3,35.8,High
30.6,48.2,13.6,4,21.7,Medium
32.4,48.0,17.7,4,19.9,Medium
36.1,47.5,9.9,4,27.9,High
19.7,61.4,1.7,2,17.2,Low
34.1,45.3,10.2,0,25.8,Low
34.9,57.7,34.1,3,27.1,Medium
30.1,27.8,6.2,3,18.4,Medium
48.9,45.7,46.9,3,39.8,Medium
25.5,61.5,11.8,2,16.5,Low
37.3,51.2,0.8,4,29.0,High
26.8,62.6,11.7,3,21.9,Low
35.9,68.5,5.0,2,28.1,High
26.3,68.5,30.7,4,17.2,Medium
40.6,69.9,45.3,2,32.2,Medium
36.4,10.4,24.7,2,33.9,Low
22.6,29.2,17.0,1,11.8,Low
35.0,94.9,6.9,2,26.2,High
30.4,76.4,8.0,4,18.9,Medium
32.9,46.4,32.4,4,25.5,Medium
22.3,68.0,32.6,2,13.3,Low
43.8,41.9,10.2,6,40.8,High
27.3,69.3,22.6,2,20.2,Low
32.3,33.9,5.8,3,20.0,Low
27.8,63.5,7.1,3,17.3,Low
32.3,50.8,30.2,5,26.1,Low
33.2,71.4,15.0,3,27.1,Medium
33.4,100.0,30.1,3,22.8,High
43.8,56.8,9.6,3,40.1,High
33.3,13.5,20.7,1,23.5,Low
45.2,59.5,5.8,1,32.5,High
24.1,53.0,19.4,1,19.7,Low
42.3,2.6,8.2,4,33.3,Medium
40.9,38.1,9.9,1,31.7,Low
41.7,71.2,13.2,2,32.2,High
48.9,77.8,7.4,2,40.3,High
16.3,78.1,6.5,8,4.5,Low
19.5,90.9,6.4,4,13.8,Medium
34.4,48.6,9.3,3,28.3,High
19.3,33.5,29.5,1,16.2,Low
20.0,20.8,11.5,0,12.4,Low
32.4,54.9,27.5,2,21.3,Medium
30.5,41.8,3.8,8,22.2,Medium
21.3,36.0,11.9,1,10.3,Low
29.6,18.7,14.3,4,21.9,Low
39.2,46.5,3.2,1,36.4,Medium
37.4,36.8,7.3,1,29.5,High
39.2,39.1,7.1,3,33.8,High
30.7,93.4,1.5,2,24.0,High
42.4,54.4,6.9,2,38.8,Medium
46.7,51.5,3.6,3,36.3,High
35.4,72.7,17.9,4,24.9,Medium
30.8,44.3,36.2,3,21.4,Low
33.7,65.6,14.7,5,28.5,High
25.3,70.0,18.9,1,18.3,Low
31.6,33.5,24.8,4,27.3,Low
38.3,49.4,6.1,3,35.3,High
36.5,22.7,15.5,2,27.7,Low
37.5,30.6,32.1,0,27.1,Low
22.6,38.8,4.1,4,13.4,Low
38.9,62.7,15.1,3,33.9,High
30.2,31.3,2.3,3,19.3,Medium
32.4,57.9,19.2,6,19.6,Medium
28.9,48.7,2.3,1,20.5,Low
44.6,48.4,16.1,2,33.1,High
24.7,71.5,31.3,2,18.6,Low
33.3,92.4,13.7,3,28.1,High
24.8,19.2,21.9,0,24.6,Low
40.8,66.8,0.5,3,31.5,High
34.9,98.9,20.7,3,25.9,High
26.3,76.2,8.4,4,19.6,Medium
34.6,68.1,12.6,1,26.5,Low
28.2,15.1,6.9,4,24.8,Low
39.8,82.3,5.5,3,32.5,High
48.2,91.5,2.7,5,41.0,High
24.7,69.4,11.7,4,18.8,Low
43.8,75.5,9.4,3,35.1,High
42.6,78.0,0.8,3,34.7,High
31.7,70.0,21.1,6,22.2,High
39.0,72.7,9.9,1,31.1,High
35.7,19.3,3.3,2,30.4,Medium
33.7,100.0,9.5,6,23.1,High
30.6,76.3,12.3,4,24.9,Medium
38.9,75.2,21.2,0,26.1,High
30.3,63.0,7.2,4,20.4,Medium
41.0,12.3,20.9,2,25.1,Low
28.0,4.1,13.7,4,22.4,Low
48.6,66.1,34.3,3,41.0,High
26.0,54.1,24.0,2,18.8,Low
53.8,71.7,4.5,4,46.3,High
31.5,48.4,17.0,2,24.0,Medium
39.4,47.2,15.7,2,30.2,Medium
40.9,49.3,13.8,1,30.8,Medium
35.3,45.0,17.7,4,24.9,Medium
41.9,31.7,22.3,1,30.6,Low
29.8,27.6,11.0,1,27.7,Low
25.4,65.7,28.1,3,13.0,Low
34.4,68.6,7.3,6,27.6,High
39.4,1.0,20.6,4,28.3,Low
29.9,50.5,24.0,5,21.6,Medium
36.0,50.0,25.4,4,23.1,Medium
24.8,65.0,13.0,3,11.9,Medium
35.7,65.7,27.2,3,24.5,Medium
31.0,70.2,17.1,0,18.0,Medium
35.3,47.5,14.3,2,30.2,Medium
34.8,39.4,14.1,2,20.3,Medium
27.4,17.2,7.8,4,20.1,Low
35.0,52.6,14.2,7,29.2,High
30.3,20.5,10.5,5,26.6,Low
40.5,39.5,16.2,2,33.4,Medium
40.6,24.4,10.2,2,39.7,Low
35.4,84.8,26.8,3,28.3,High
34.7,26.8,69.3,6,26.8,Low
39.2,36.0,5.3,4,29.5,Medium
40.6,67.1,6.7,3,34.2,High
44.9,80.1,8.9,4,40.1,High
32.3,38.9,24.8,0,24.0,Low
25.2,88.5,38.4,5,14.8,Medium
40.7,48.7,15.3,2,32.0,High
45.1,80.6,8.4,2,43.1,High
34.5,56.0,18.1,4,24.3,High
33.7,26.0,9.9,3,21.3,Low
45.2,35.8,16.3,2,34.3,High
26.4,52.4,5.1,6,14.7,Medium
31.9,78.1,11.4,3,20.7,Medium
29.5,67.1,10.4,3,21.6,Medium
34.2,82.8,3.0,1,26.7,Medium
41.3,39.6,6.4,2,31.4,High
25.3,20.0,5.2,5,16.5,Low
41.2,68.2,4.9,4,31.2,High
28.2,64.9,5.9,0,22.0,Low
37.1,51.6,6.2,2,29.4,Medium
18.0,43.9,17.2,1,8.6,Low
19.7,45.9,13.4,0,10.8,Low
32.9,38.3,5.0,3,30.3,Medium
42.9,62.5,8.3,4,30.3,High
41.4,69.0,9.5,4,28.0,High
22.9,83.7,5.1,2,16.1,Medium
41.8,55.2,16.2,5,35.5,High
37.7,62.3,8.9,2,31.4,Medium
37.1,18.6,4.1,5,29.7,Medium
50.0,57.4,13.4,6,42.2,High
29.6,68.4,9.1,0,23.4,Medium
40.8,37.3,9.5,3,27.0,Medium
34.3,86.1,13.3,6,25.4,High
45.4,37.3,14.0,4,35.0,High
36.4,60.7,8.0,1,25.4,Medium
30.4,58.9,10.6,3,18.7,Low
29.4,35.8,6.4,2,19.3,Low
35.6,51.5,9.2,4,28.0,Medium
28.5,56.2,25.1,3,20.6,Low
13.6,57.1,8.6,2,3.0,Low
43.2,21.0,5.8,0,31.9,Low
41.9,62.7,21.7,5,38.4,High
34.0,76.9,2.6,3,21.9,High
39.0,74.4,23.0,4,24.0,Medium
39.4,71.7,17.7,2,32.7,Medium
34.4,33.4,9.8,6,26.3,Low
21.8,70.1,15.4,2,10.5,Low
36.4,21.8,9.2,4,32.0,High
32.2,51.0,28.0,5,22.7,Medium
48.1,30.1,9.7,3,38.9,Medium
38.6,76.5,5.6,1,35.6,Medium
38.6,57.2,7.2,4,34.8,Medium
44.4,12.0,9.3,5,30.2,Medium
34.8,47.5,10.8,1,25.4,Low
47.9,23.2,8.2,1,39.1,Medium
26.8,42.7,24.4,0,14.0,Low
33.2,47.4,11.6,3,20.4,Medium
43.4,69.3,5.3,1,39.0,High
25.4,74.8,15.5,3,18.8,Low
31.5,23.7,1.7,4,24.1,Medium
37.4,48.5,10.9,2,27.9,Medium
37.7,46.3,7.2,4,32.0,High
29.5,26.8,5.7,1,14.9,Low
44.2,48.8,6.5,2,42.2,Medium
27.0,74.1,14.1,4,23.8,High
35.5,31.9,7.2,1,28.8,Medium
29.4,73.9,10.1,5,20.7,High
21.1,24.8,26.0,5,6.0,Low
29.1,89.8,10.7,2,20.1,Medium
31.8,54.3,11.0,3,22.8,Medium
24.9,38.4,19.0,3,14.2,Low
42.7,68.8,20.6,1,34.4,High
35.2,100.0,42.1,1,27.7,Medium
36.1,84.8,13.5,1,29.6,Medium
33.4,53.6,11.2,4,25.3,Medium
33.2,83.4,7.3,1,21.0,Low
38.0,100.0,14.4,3,30.8,High
30.5,46.7,7.6,6,22.9,Medium
18.2,58.6,10.3,4,11.5,Low
21.0,37.0,5.3,3,13.3,Low
36.2,46.5,10.2,1,26.7,Medium
32.0,48.9,5.1,2,27.2,Medium
52.6,45.3,8.1,0,42.3,High
40.3,80.9,10.4,2,31.8,High
36.8,13.6,22.2,4,26.7,Low
22.6,55.6,12.4,5,12.5,Medium
29.4,53.7,14.9,1,23.7,Low
40.9,44.6,10.7,3,34.0,High
35.4,73.1,1.3,2,31.1,High
27.4,72.6,4.1,2,21.0,Medium
25.7,56.0,1.0,4,18.6,Medium
37.8,61.9,8.0,5,24.6,High
29.6,53.9,3.4,5,19.5,Low
30.8,68.7,8.9,2,26.3,Medium
32.6,89.6,20.5,4,28.1,Medium
43.7,78.5,34.2,3,28.6,Medium
32.3,100.0,15.5,1,23.4,Medium
43.8,73.5,9.3,5,40.7,High
31.3,14.6,29.7,1,25.6,Low
23.9,69.2,31.9,3,20.5,Low
32.1,38.7,3.3,10,24.5,High
34.0,83.9,18.5,6,25.5,High
22.7,49.0,6.0,2,10.8,Low
26.8,25.8,16.9,4,22.6,Low
38.0,62.4,20.7,4,31.8,High
30.5,48.9,25.7,4,21.5,Medium
39.9,64.3,9.7,2,29.8,High
24.2,62.7,22.6,3,12.8,Low
28.1,63.0,6.1,4,25.6,Low
39.1,63.2,7.3,1,30.5,Medium
34.8,74.2,19.0,2,25.3,Medium
22.3,58.9,6.3,2,11.7,Low
35.8,52.3,7.1,2,28.0,High
43.9,49.4,33.3,3,34.4,Medium
32.6,47.2,20.1,6,20.3,Medium
30.1,49.1,6.1,4,22.5,Medium
41.3,73.9,1.9,4,32.8,High
30.0,84.3,14.3,2,22.2,Medium
37.9,72.5,20.1,3,30.9,Medium
32.0,61.8,11.2,4,27.9,High
26.6,57.1,18.3,0,19.6,Low
30.0,60.3,17.4,1,19.9,Low
18.2,60.5,20.1,1,8.3,Low
39.5,42.0,55.5,3,31.8,Medium
38.7,39.3,9.2,1,30.6,Low
35.7,57.0,9.6,2,33.0,Medium
29.8,36.3,10.6,5,18.5,High
39.5,37.7,2.1,2,37.5,High
38.4,40.2,8.0,4,34.3,High
39.5,81.1,0.9,0,31.5,High
36.7,87.9,6.4,5,27.0,High
32.3,55.1,11.1,3,19.9,Medium
32.4,56.4,26.6,2,21.5,Low
19.9,70.9,9.1,1,9.7,Low
25.4,35.3,1.8,2,16.1,Low
37.0,57.7,13.3,3,37.2,High
44.7,98.7,6.6,2,35.3,High
39.8,53.7,24.8,3,28.5,High
32.3,52.7,6.7,5,28.8,Medium
28.3,53.2,70.0,3,19.7,Low
38.8,49.8,7.1,1,35.5,High
35.3,64.4,4.1,2,24.9,Medium
28.2,61.8,1.7,3,23.1,Medium
35.6,10.0,17.7,5,20.5,Low
39.3,67.8,30.8,6,28.7,High
22.8,33.8,19.2,3,14.3,Low
33.3,69.7,5.1,4,25.2,High
43.0,55.8,23.2,3,32.6,High
41.3,58.1,9.9,4,31.2,Medium
33.8,59.7,19.6,1,24.9,Medium
27.0,43.1,14.4,4,22.3,Low
24.1,41.9,6.4,0,13.7,Low
40.2,71.5,4.3,0,33.8,Medium
30.3,43.6,6.9,4,26.9,Medium
38.4,31.7,3.4,0,30.7,Low
42.1,65.6,21.1,4,35.3,High
28.6,64.6,22.8,1,19.9,Low
31.6,54.2,42.8,0,24.4,Low
42.1,59.8,6.6,3,35.8,High
32.6,57.6,24.0,5,23.1,Medium
38.0,68.4,15.4,2,28.4,Medium
31.7,73.4,12.7,6,28.8,High
25.9,66.5,5.4,1,18.7,Medium
37.6,74.7,70.0,5,29.1,Medium
44.6,90.7,30.8,0,39.2,High
36.9,65.2,31.0,1,27.5,Low
38.3,53.8,17.5,5,30.2,High
38.4,20.6,5.0,3,30.9,Medium
45.6,26.4,1.4,3,39.7,High
31.8,63.2,13.7,2,25.0,Low
18.5,49.4,9.3,0,7.3,Low
42.8,44.2,12.8,2,30.7,Medium
23.7,67.6,14.0,3,18.1,Low
30.6,70.7,20.5,4,23.2,Medium
28.4,62.4,14.0,5,23.3,High
28.4,46.4,1.3,6,20.7,High
40.4,98.4,9.2,3,31.6,High
38.9,53.2,5.4,1,30.7,Medium
28.1,75.2,18.5,1,28.0,Medium
42.7,50.2,10.1,4,31.0,High
32.3,31.9,7.1,2,25.7,Medium
47.1,56.8,3.3,2,42.7,High
31.3,100.0,15.9,2,25.8,High
30.9,76.6,14.8,3,19.7,Medium
31.5,52.9,10.6,6,21.3,Medium
27.7,67.5,8.8,5,19.8,High
37.9,48.0,8.0,1,30.1,High
29.2,70.3,2.4,6,25.0,High
32.1,97.7,3.9,4,21.1,High
37.3,43.4,25.0,2,26.6,Medium
47.9,61.0,15.2,3,36.0,High
29.3,63.4,13.3,3,20.7,Medium
30.2,46.7,10.7,3,18.6,Low
29.7,45.6,17.2,3,24.4,Medium
37.2,58.9,22.7,1,29.0,Low
30.6,41.0,3.5,3,19.8,Low
27.8,77.7,5.6,2,17.6,Low
34.7,51.4,15.8,4,21.9,Medium
38.1,52.3,25.9,4,31.9,High
30.6,34.5,68.4,2,20.0,Low
34.7,37.0,17.7,1,30.3,Low
35.8,44.4,9.9,6,33.3,Medium
34.0,44.4,20.3,4,24.9,Medium
36.3,32.5,11.2,5,22.9,Low
28.1,73.7,14.5,2,15.6,Medium
26.7,86.7,19.4,1,21.3,Low
28.4,51.7,19.9,3,20.4,Low
17.6,35.2,23.2,2,13.0,Low
25.7,36.8,20.9,5,17.3,Low
38.9,59.9,16.2,3,29.0,High
38.7,57.4,11.4,4,31.8,High
24.8,20.9,36.1,4,16.1,Low
22.1,8.8,21.1,0,16.1,Low
34.2,57.1,44.3,1,27.9,Low
37.7,71.2,5.8,2,32.5,Medium
28.5,81.5,11.7,3,23.1,Medium
29.9,41.5,17.4,3,16.6,Medium
39.4,80.1,3.6,1,29.8,High
45.8,49.7,20.8,3,43.2,High
29.9,29.4,7.1,3,20.5,Low
37.9,95.0,5.5,0,28.4,High
33.7,19.5,20.2,3,20.2,Low
41.6,51.3,25.2,4,37.3,Medium
26.1,40.9,12.1,5,16.3,Medium
34.1,63.5,9.5,4,26.4,Medium
29.5,76.1,9.3,2,20.7,Low
33.5,15.2,6.0,5,23.5,Low
40.2,41.3,18.6,4,38.7,High
33.9,76.1,5.1,1,24.3,High
28.7,36.3,9.1,2,19.0,Low
40.4,21.1,19.0,3,31.6,High
37.6,45.5,40.7,2,32.8,Low
35.7,41.9,7.5,2,28.1,Medium
25.6,72.5,15.9,4,13.3,Medium
37.5,56.8,7.0,1,29.6,Medium
29.4,39.1,4.2,3,19.1,Low
27.1,76.4,11.6,1,17.5,Medium
27.5,55.1,23.5,3,16.1,Low
38.1,24.8,23.9,3,25.2,Low
37.2,40.5,17.0,3,35.4,Low
34.1,44.0,10.5,6,28.1,High
18.9,98.6,4.6,2,10.8,Medium
41.5,51.2,6.9,5,27.2,High
39.9,26.9,14.8,2,28.7,Medium
30.1,51.8,9.1,2,20.5,Medium
43.5,70.3,10.0,3,33.8,High
27.1,53.4,6.5,6,22.0,Medium
34.6,79.0,8.4,8,25.0,High
34.7,71.7,7.2,3,31.4,High
35.7,70.1,8.5,2,27.2,Medium
24.3,70.0,8.5,7,14.8,Medium
23.0,83.2,16.1,3,12.3,Medium
33.4,78.7,11.0,5,29.8,High
27.9,30.9,4.8,3,20.9,Low
36.3,31.2,11.4,3,32.1,Medium
34.9,68.1,7.9,1,22.9,Low
43.3,35.4,1.6,5,30.1,High
43.1,30.6,8.4,3,32.3,High
34.4,74.6,2.1,2,30.1,Medium
44.4,45.7,12.0,4,36.5,High
35.5,70.8,10.1,1,25.8,Medium
33.7,68.2,18.6,4,24.9,Medium
45.9,55.7,7.8,1,36.3,Medium
27.4,74.2,1.9,1,18.7,Medium
23.2,66.1,9.2,2,14.3,Medium
32.4,74.1,20.7,2,27.4,High
35.3,24.6,21.1,5,24.7,Low
38.4,51.5,10.0,1,35.7,High
26.0,24.6,19.4,4,15.3,Low
32.9,47.8,13.1,4,31.9,Medium
25.5,32.8,19.6,6,13.9,Low
32.0,33.2,54.2,4,24.0,Low
43.4,56.1,2.5,6,36.5,High
35.0,90.4,7.3,2,23.5,Medium
27.3,62.4,18.1,2,17.1,Low
20.2,60.7,10.6,2,13.6,Low
31.4,23.7,4.7,2,18.7,Medium
33.9,92.6,11.7,3,25.8,High
34.0,59.6,12.2,2,26.0,Medium
24.7,79.5,14.2,6,15.8,Medium
35.3,45.4,20.9,2,26.4,Low
21.4,69.6,15.8,3,13.0,Low
34.8,23.9,10.7,2,24.2,Low
32.9,62.1,4.0,3,25.8,High
38.6,71.1,33.3,6,27.9,High
41.7,91.9,4.0,3,36.6,High
17.7,99.8,6.4,4,9.3,Medium
38.7,73.0,8.3,2,29.5,Medium
41.4,28.9,18.3,3,35.5,Medium
38.8,44.5,13.7,2,31.4,Medium
30.2,44.9,9.7,2,20.3,Low
41.7,81.8,0.9,1,36.2,High
30.1,54.7,27.3,4,19.8,Low
26.4,61.5,13.5,4,16.8,Medium
33.9,99.6,15.2,2,26.2,High
33.2,52.5,20.8,1,26.4,Medium
40.1,32.7,6.1,3,34.7,High
29.2,66.6,8.6,2,15.9,Medium
35.0,35.1,23.1,3,28.1,Medium
26.0,38.1,27.6,4,22.2,Low
43.4,54.5,12.5,2,38.9,High
38.1,100.0,35.9,4,29.3,High
18.1,48.0,47.7,6,11.9,Low
42.3,68.8,3.0,4,38.7,High
35.1,49.9,1.8,3,29.9,Medium
34.6,58.7,9.9,5,23.4,High
46.6,85.6,24.4,1,35.8,High
22.6,71.5,8.2,1,18.9,Low
37.0,55.8,4.1,4,35.6,High
31.5,49.3,4.9,4,18.8,Medium
27.6,88.5,3.3,3,23.6,High
43.4,93.7,6.3,4,36.9,High
27.9,57.0,28.7,2,19.9,Low
29.9,74.5,9.5,3,26.7,Low
36.1,79.3,30.1,4,27.2,High
42.4,39.2,16.6,4,38.4,High
31.8,51.3,11.2,3,25.5,Low
39.7,71.4,5.1,3,25.4,High
45.8,61.5,6.8,3,38.8,High
46.4,41.5,10.2,2,38.7,High
42.7,42.0,11.1,1,38.7,Medium
42.7,72.6,11.2,5,42.0,High
40.9,34.6,9.9,0,29.8,Low
24.7,47.0,9.0,6,14.0,Low
36.9,36.9,10.7,5,27.8,High
37.0,66.7,2.7,6,29.2,High
38.0,80.6,4.2,2,29.5,High
27.9,1.0,18.3,3,15.3,Low
38.1,32.1,9.9,1,27.7,High
41.2,47.3,28.5,3,30.8,Medium
36.0,74.6,18.5,2,27.6,Medium
26.6,23.9,4.0,3,22.3,Low
29.9,71.3,21.5,3,23.9,Medium
36.8,87.3,4.9,5,38.7,High
35.0,57.1,9.2,1,28.2,Medium
24.0,63.8,30.0,2,19.4,Low
36.3,53.9,12.6,3,22.4,Low
26.3,21.0,25.7,2,17.7,Low
26.9,44.3,7.6,5,13.3,Low
26.2,75.6,12.0,3,21.1,Medium
23.6,73.5,4.7,2,12.1,Low
19.0,70.4,4.0,3,9.7,Low
24.5,51.7,14.9,4,13.5,Low
35.0,69.6,13.7,3,27.7,Medium
35.5,56.2,6.9,2,27.8,High
31.7,17.4,1.8,3,22.0,Low
31.7,35.5,4.3,6,23.2,Medium
34.4,41.1,7.7,3,27.8,Medium
29.4,27.2,10.5,3,25.6,Medium
28.9,53.1,10.2,1,16.4,Low
35.9,71.4,4.8,3,33.1,High
41.9,95.4,16.4,0,32.7,High
28.0,41.0,12.9,1,19.7,Low
34.6,41.4,15.3,3,34.4,Medium
27.3,75.3,19.9,3,18.6,Low
37.1,40.8,31.8,1,29.1,Low
51.6,79.7,7.5,2,43.3,High
38.1,55.5,27.9,1,28.5,Low
36.7,47.9,4.8,7,33.2,High
37.0,50.0,19.6,2,26.8,Medium
35.0,93.5,7.0,1,29.4,High
32.0,53.6,10.2,2,25.2,Low
24.8,27.1,2.9,4,17.0,Low
34.0,95.4,9.2,0,22.1,Low
33.4,72.3,7.5,1,25.8,High
33.1,59.8,6.8,4,27.8,High
35.6,1.0,5.6,1,23.8,Low
37.9,40.9,10.9,0,33.1,Low
36.9,53.3,4.2,5,30.4,High
32.1,26.1,8.8,2,20.1,Low
36.9,44.5,7.1,4,27.1,Medium
28.4,32.3,17.4,5,22.5,Low
22.7,61.9,13.1,3,17.8,Low
30.3,73.4,4.5,1,20.5,Medium
34.0,71.9,8.0,4,30.1,High
21.9,71.8,11.3,5,9.9,Low
34.7,40.4,15.2,3,26.0,Low
35.2,92.9,25.2,4,29.6,High
39.8,60.9,19.7,3,30.0,Medium
36.5,11.7,56.0,5,22.2,Low
24.8,67.4,16.3,2,14.7,Low
36.1,37.1,10.4,1,28.8,Medium
34.2,49.7,31.8,3,24.5,Low
36.9,60.8,10.9,1,23.3,Medium
41.4,63.8,5.7,3,29.7,High
29.1,78.4,7.8,1,21.3,Medium
31.9,59.4,14.9,3,23.7,Medium
33.8,84.2,9.5,3,24.2,High
30.8,46.0,6.2,5,22.8,Medium
20.4,78.7,8.9,2,14.4,Low
40.0,26.6,23.0,3,28.7,Low
19.3,26.4,11.4,2,9.8,Low
36.1,65.9,5.0,6,24.7,High
25.0,28.3,5.9,1,20.6,Low
26.9,74.6,9.6,2,19.3,Low
38.4,63.8,21.3,3,31.6,High
42.7,77.4,33.2,5,36.3,High
36.2,70.5,1.0,2,29.0,Medium
32.1,79.7,10.3,1,26.9,Medium
32.8,78.7,3.3,5,20.5,High
42.8,60.1,27.5,7,36.3,High
42.2,53.2,10.8,7,35.4,High
37.5,79.7,10.7,3,29.3,High
42.3,94.4,4.6,3,30.9,High
30.7,49.3,17.6,2,28.4,Low
38.9,80.0,18.5,1,29.2,Low
25.1,50.2,7.0,1,19.7,Low
30.5,47.6,16.5,2,25.9,Low
31.3,68.5,5.9,2,25.3,Medium
42.1,72.9,4.9,3,36.4,High
32.5,68.0,24.0,3,23.3,High
40.7,58.6,8.8,2,39.7,High
30.0,59.2,5.9,6,24.8,High
39.2,26.8,23.7,4,28.0,Medium
37.8,57.8,6.0,3,26.1,High
18.6,85.0,28.7,2,12.2,Low
41.0,80.6,10.8,3,36.3,High
30.2,41.9,4.6,1,24.2,Low
25.4,68.5,44.5,1,16.6,Low
27.9,66.0,3.0,4,17.9,Medium
30.1,92.4,16.1,2,21.9,High
28.1,75.8,0.6,4,18.9,High
27.8,62.7,35.8,3,18.4,Low
32.3,70.4,8.8,4,24.2,Medium
37.0,40.2,9.8,5,28.0,High
42.1,61.9,2.8,2,26.8,Medium
45.2,100.0,12.1,2,39.0,High
49.5,56.8,22.1,0,45.6,Medium
36.2,47.0,8.2,5,22.5,Medium
33.0,83.4,7.4,4,19.5,Medium
39.0,48.0,7.9,6,25.4,High
26.0,35.4,13.2,1,19.3,Low
32.4,89.2,10.9,2,22.1,Medium
36.8,45.4,26.2,3,27.1,Low
27.5,53.8,5.7,3,25.0,Medium
40.9,50.1,13.1,1,34.3,High
37.3,97.4,28.6,3,31.3,Medium
31.4,10.9,0.9,2,24.8,Low
36.8,68.3,15.0,1,26.3,Medium
32.5,27.4,8.0,4,26.8,Medium
21.8,78.8,8.1,4,14.6,Medium
41.7,43.2,15.3,2,31.6,High
33.5,49.2,20.4,2,28.5,Medium
36.0,49.7,12.8,0,31.1,Low
38.6,57.3,4.4,5,32.4,High
21.3,34.5,6.8,2,13.1,Low
33.1,78.6,11.4,1,22.7,High
29.0,41.7,10.3,2,20.6,Low
43.8,45.9,10.0,2,43.3,High
33.7,32.9,15.8,5,26.2,Medium
33.0,77.6,23.9,5,24.8,High
31.1,51.1,1.6,1,24.8,Medium
45.0,89.0,24.8,2,37.3,High
29.0,1.0,15.6,1,24.3,Low
26.9,72.9,35.0,2,22.1,Low
28.3,28.9,14.8,2,22.9,Low
29.6,39.0,5.5,4,22.7,Low
33.7,54.9,16.1,2,27.9,Medium
38.8,69.7,11.9,0,28.2,Low
28.2,100.0,5.4,0,18.6,Medium
44.3,38.6,8.7,2,33.5,High
36.2,40.4,10.2,3,28.0,Medium
23.9,41.1,38.9,1,17.8,Low
20.6,46.4,17.0,5,13.2,Low
34.1,77.9,4.6,2,26.5,Medium
29.3,56.9,21.1,4,19.4,Medium
27.8,91.5,5.7,4,20.9,High
29.7,85.1,7.8,3,22.4,High
29.8,70.4,10.2,2,23.2,Medium
35.7,47.4,11.9,5,25.9,High
37.2,15.3,6.3,3,22.6,Medium
33.3,52.9,31.9,3,22.7,Low
35.6,38.3,18.0,3,28.0,Medium
27.0,53.6,33.5,5,17.2,Low
31.6,48.0,10.2,2,29.4,Medium
35.3,46.7,4.5,3,27.2,Medium
34.2,54.7,6.3,1,26.8,Low
39.3,16.6,3.3,0,31.3,Low
34.5,44.0,4.5,1,24.0,Low
19.7,82.9,7.3,5,14.6,Medium
29.9,77.2,20.8,2,18.1,Medium
45.1,54.6,19.7,3,35.0,High
29.6,18.5,11.4,4,19.3,Low
32.5,48.4,6.2,3,24.4,Medium
19.0,43.0,19.7,2,11.7,Low
26.6,58.9,15.2,3,18.9,Low
29.0,58.4,21.9,8,21.6,High
47.5,65.9,3.7,2,39.4,High
34.0,24.3,12.9,4,24.9,Low
32.8,13.6,20.1,6,20.9,Medium
31.7,45.4,34.6,0,25.5,Low
24.8,32.0,26.6,4,16.3,Low
41.4,59.2,3.7,1,37.1,High
21.8,56.5,25.1,4,12.8,Low
33.0,27.5,15.5,2,30.0,Low
19.0,61.2,24.5,3,13.7,Low
29.9,70.2,19.4,1,22.9,Medium
17.7,90.4,4.2,1,14.5,Low
28.4,30.0,14.4,3,22.7,Low
40.3,50.5,16.7,6,30.0,Medium
23.7,41.9,17.9,3,22.4,Low
29.8,96.7,19.8,3,21.3,High
40.1,16.3,12.1,4,29.6,Low
49.2,71.5,29.2,3,35.4,High
35.6,46.0,6.4,1,30.5,Medium
30.7,32.8,28.3,3,22.6,Low
31.8,50.6,7.0,0,19.8,Medium
29.1,59.5,26.2,2,23.7,Low
32.4,13.8,16.4,2,23.4,Low
54.7,49.1,0.8,1,43.3,High
40.7,48.1,18.9,4,29.0,Medium
38.1,20.1,9.2,2,30.4,Low
36.5,73.2,26.6,3,29.0,High
34.8,32.8,13.1,3,28.0,Medium
34.9,82.7,4.4,4,27.0,High
45.4,42.2,17.7,1,32.2,Medium
35.0,7.7,19.3,3,25.9,Medium
32.5,88.1,23.3,3,30.2,Medium
26.7,27.6,4.6,3,19.6,Low
35.0,41.7,3.6,2,20.3,Low
29.8,39.2,14.4,4,20.8,Low
32.8,42.9,21.0,1,26.1,Low
27.3,58.5,46.1,4,25.5,Low
34.4,80.5,12.6,6,22.5,High
29.4,10.6,10.8,2,13.6,Low
25.1,50.7,12.2,6,14.3,High
42.8,77.7,17.5,1,34.8,High
23.8,56.0,23.8,5,17.9,Low
28.5,61.5,19.2,1,20.7,Low
36.6,78.3,29.5,1,29.5,Medium
41.0,21.3,29.0,2,30.4,Low
33.8,58.7,5.0,2,23.7,Medium
33.1,73.0,3.2,5,24.2,High
24.8,64.8,6.5,3,15.6,Medium
29.2,41.9,4.0,1,23.7,Low
22.2,15.5,8.6,4,9.1,Low
32.8,61.4,19.2,3,27.6,Medium
37.4,42.4,20.5,2,31.2,Medium
36.7,68.1,23.1,3,26.2,High
21.6,37.5,18.3,3,14.6,Low
38.3,85.3,4.2,3,30.2,High
43.0,77.7,7.1,4,35.4,High
31.4,27.4,9.1,4,21.5,Low
45.0,91.3,15.4,4,40.2,High
30.8,25.5,7.2,1,20.9,Low
23.2,68.3,10.1,3,19.0,Low
33.0,49.5,2.8,4,18.5,High
31.9,52.1,21.8,4,26.0,Medium
41.4,79.0,19.9,4,33.8,High
27.0,63.0,44.8,4,22.7,Low
36.8,27.5,12.7,2,31.1,Low
22.0,43.5,8.9,3,19.7,Low
30.2,65.5,4.3,5,24.5,High
31.3,78.6,20.0,4,24.7,Medium
30.5,73.7,25.8,4,18.8,Medium
23.0,50.4,5.2,2,11.4,Low
30.2,47.2,5.8,2,20.6,Low
34.2,99.0,10.8,4,31.0,High
41.4,74.8,12.6,2,33.3,High
28.6,50.7,29.9,3,19.0,Low
26.9,55.8,5.1,5,22.3,Medium
49.8,31.9,18.5,2,45.2,High
19.1,47.5,31.3,2,11.2,Low
28.7,42.2,8.7,3,16.8,Medium
26.6,46.7,14.7,3,16.3,Low
22.2,79.5,11.6,1,18.4,Medium
33.4,26.9,2.3,3,24.1,Low
41.6,50.8,10.4,3,31.7,High
41.3,34.2,12.3,3,34.0,High
38.0,60.6,13.8,0,32.0,Medium
42.3,84.7,2.1,4,35.3,High
32.3,70.7,8.3,5,20.5,High
34.0,59.9,21.1,2,26.3,Medium
35.7,77.2,10.4,4,25.0,High
42.9,74.8,21.6,1,35.3,High
31.2,45.5,7.6,1,21.1,Low
42.4,17.4,29.3,2,27.2,Low
45.1,80.6,21.6,1,42.6,High
36.2,29.1,2.6,3,29.5,High
39.7,29.4,21.6,7,29.7,High
25.7,49.1,12.9,2,21.9,Low
38.0,42.2,5.0,3,27.8,High
38.0,29.1,10.9,4,26.5,Medium
35.8,53.1,9.4,3,32.7,Medium
40.1,48.5,7.7,6,28.4,High
35.2,65.6,6.2,4,29.8,High
31.7,55.3,4.2,1,18.8,Low
33.2,62.1,1.7,2,24.9,Medium
33.4,51.7,19.4,5,23.6,Medium
33.9,62.3,7.7,3,29.5,Medium
31.4,45.9,23.1,5,26.6,Low
31.1,52.2,11.5,2,27.2,Medium
38.5,36.3,15.1,4,31.2,Medium
34.3,35.8,9.1,6,27.0,Medium
25.9,56.1,0.8,3,13.7,Low
37.9,95.3,32.3,2,31.6,High
27.7,64.4,21.7,2,20.8,Medium
47.2,44.2,33.8,3,38.2,High
26.9,22.7,21.9,1,16.5,Low
47.5,70.6,9.5,1,40.4,High
37.2,80.3,14.9,3,25.6,Medium
31.0,66.3,13.4,1,24.5,Medium
28.5,65.0,7.1,1,22.8,Low
38.1,24.0,23.4,5,28.3,Medium
31.4,57.8,40.7,1,30.0,Low
28.9,42.0,39.1,4,19.2,Low
29.6,68.5,17.1,1,20.3,Medium
33.8,31.4,5.5,4,24.4,Low
34.5,53.4,19.3,3,26.2,Medium
42.5,71.5,70.0,7,30.4,High
32.3,39.1,10.1,8,22.5,Medium
38.0,46.8,23.6,4,27.6,Medium
31.0,74.1,19.1,2,18.4,Medium
27.6,93.8,14.7,1,19.2,Low
29.0,70.9,14.5,3,17.2,Medium
11.9,56.6,12.0,3,5.6,Low
34.2,41.4,10.9,4,23.2,Low
31.0,50.0,6.5,2,22.0,Low
32.4,69.5,25.7,0,25.1,High
30.1,43.6,14.0,2,19.5,Low
34.3,45.0,25.4,4,29.3,Medium
43.6,26.7,18.5,2,38.5,Medium
38.6,99.4,18.3,1,31.6,High
27.9,76.3,10.8,3,20.3,Medium
44.3,46.3,2.1,5,36.4,High
51.2,84.8,18.5,4,40.0,High
33.8,63.6,14.8,2,26.8,Medium
33.3,34.8,6.2,4,21.6,Low
39.8,43.1,2.2,5,30.5,High
38.6,32.8,22.6,4,30.9,Medium
31.0,62.5,15.3,3,25.9,Medium
30.5,100.0,4.1,7,27.7,High
30.9,54.9,9.0,5,22.5,Medium
42.8,41.2,9.1,3,40.4,High
31.6,51.3,24.8,2,18.8,Low
34.0,92.4,38.8,2,22.7,High
40.9,71.5,20.3,4,34.3,Medium
42.9,58.7,19.7,4,37.8,High
27.7,20.5,21.1,2,23.4,Low
25.4,60.2,31.3,4,19.0,Low
36.4,39.0,18.3,4,29.2,Medium
34.7,85.7,22.0,2,32.0,High
39.3,33.5,36.0,2,33.0,Low
24.0,36.6,6.4,7,17.1,Medium
31.7,67.7,13.4,2,20.8,Low
35.5,56.8,14.5,4,26.7,High
27.2,37.2,9.0,1,20.9,Low
37.5,30.7,22.4,1,31.1,Low
42.4,95.2,14.0,3,37.9,High
27.3,53.1,23.0,6,16.2,Medium
39.6,57.3,30.0,2,31.7,Medium
33.2,57.4,3.0,1,25.4,Medium
29.7,14.4,10.5,4,23.7,Low
30.8,73.7,8.9,4,26.0,High
40.4,41.2,21.0,4,30.7,Medium
31.0,41.0,8.3,4,20.0,Low
31.3,56.1,10.6,1,25.3,Low
41.2,8.3,21.5,3,37.9,Low
39.6,16.4,9.9,2,30.8,Medium
30.8,73.5,19.5,4,27.1,High
47.0,69.6,43.8,3,36.2,High
40.2,37.4,20.7,4,35.2,Medium
44.8,79.5,7.4,3,34.2,High
46.4,84.8,12.1,4,39.1,High
30.0,25.3,1.6,1,18.7,Low
29.2,62.5,8.2,2,24.9,Medium
21.3,43.4,22.2,2,18.2,Low
44.3,1.2,11.9,2,36.0,Medium
22.5,25.9,8.9,3,10.9,Low
35.9,63.0,6.6,4,26.4,Medium
26.0,34.7,9.6,3,18.3,Low
33.2,79.3,3.1,3,24.0,Medium
33.9,59.1,12.5,4,30.6,Low
46.6,100.0,21.6,6,37.3,High
38.5,19.7,23.1,4,30.4,Low
54.6,92.5,8.8,1,48.1,High
35.4,78.6,18.4,8,32.2,High
36.1,51.5,43.5,0,26.2,Low
26.4,86.9,23.2,2,20.7,Medium
29.3,52.4,25.9,3,24.1,Medium
23.9,89.7,6.6,5,9.9,Medium
33.7,36.8,11.6,2,24.9,Medium
28.5,58.6,21.5,0,23.4,Low
31.2,52.7,10.3,6,20.3,High
25.0,26.6,5.1,5,17.2,Low
28.5,35.5,7.3,4,17.0,Low
34.2,59.8,10.7,8,30.7,High
20.1,50.9,6.1,1,11.3,Low
46.7,62.0,19.3,4,40.3,High
43.5,36.3,7.3,3,35.9,High
50.3,32.3,21.1,2,37.6,Medium
27.1,42.7,13.8,2,17.7,Low
30.5,60.4,13.9,2,28.4,Low
48.5,50.4,2.8,1,39.0,High
46.4,45.6,2.4,4,42.7,High
30.7,69.9,5.7,7,24.6,High
25.8,64.8,4.4,6,19.4,High
47.0,65.0,7.0,4,38.3,High
29.0,53.3,16.5,2,20.8,Low
38.5,39.3,12.6,5,32.0,High
38.2,27.3,31.1,3,30.9,Low
31.8,47.9,15.3,1,18.8,Low
25.1,57.5,10.7,4,17.1,Low
41.6,74.2,10.0,3,39.0,High
24.6,48.7,9.2,3,20.4,Low
23.5,29.0,57.1,4,18.5,Low
34.3,25.2,10.7,4,19.9,Low
24.5,59.5,17.9,0,19.4,Low
36.6,72.6,5.1,6,31.3,High
44.6,25.9,31.9,3,36.0,Medium
41.3,80.4,8.5,1,28.8,High
46.0,29.7,11.9,1,39.0,Low
39.6,39.3,7.5,2,33.6,High
31.9,77.5,13.9,1,19.8,Medium
24.7,44.4,5.2,3,16.5,Medium
25.9,51.9,6.9,2,17.2,Low
38.9,63.7,15.3,2,28.3,Medium
39.2,81.2,8.4,4,30.8,High
29.1,53.1,16.5,2,18.9,Low
32.6,57.4,20.2,5,26.0,Medium
38.7,51.3,11.2,0,32.5,Medium
30.9,24.4,10.0,4,21.9,Medium
46.6,83.3,30.9,2,35.7,High
36.1,1.0,7.8,0,29.0,Low
39.2,61.7,28.3,2,33.0,High
33.4,80.2,10.9,2,20.3,Medium
36.9,83.6,13.3,0,27.1,High
23.4,36.7,5.7,4,14.9,Low
33.8,63.8,29.2,0,29.9,Low
28.6,35.9,5.0,3,19.1,Low
51.6,39.9,6.8,5,47.2,High
35.2,80.1,7.5,3,24.5,High
32.7,56.7,20.1,9,20.1,High
36.8,60.7,3.4,3,25.0,High
36.3,73.9,16.1,4,24.3,Medium
34.0,78.5,11.2,1,28.3,Medium
38.7,51.0,7.6,4,28.0,High
38.1,18.4,10.0,1,31.2,Low
34.6,48.5,28.5,4,23.2,Medium
44.6,68.6,6.5,3,35.9,High
22.9,20.6,9.9,4,15.6,Low
31.0,44.1,3.7,3,23.9,Low
31.2,46.0,1.8,2,21.8,Low
33.8,60.2,19.0,4,27.4,High
32.0,40.9,3.7,3,28.8,Medium
30.2,56.0,47.0,0,19.0,Low
42.7,29.7,6.4,1,35.7,Medium
27.0,65.5,9.2,1,14.7,Low
37.3,64.4,27.5,3,26.2,Medium
30.3,100.0,23.3,0,21.3,Medium
36.7,32.8,26.8,5,24.1,Medium
43.2,45.9,8.4,9,36.6,High
11.8,83.9,5.7,6,1.2,Medium
28.2,19.9,17.3,3,19.8,Low
28.2,100.0,9.8,3,25.7,High
32.9,44.1,15.3,1,26.1,Low
40.4,21.3,10.3,1,34.9,Medium
46.9,64.5,19.0,5,40.7,High
40.3,56.2,10.5,2,35.0,Medium
33.0,33.1,20.5,2,30.9,Low
30.4,40.4,13.7,3,21.2,Medium
44.6,69.9,9.9,6,38.5,High
23.6,26.1,19.6,2,16.0,Low
36.8,69.4,4.5,6,26.8,High
42.4,40.4,14.0,2,34.8,Medium
31.9,100.0,27.1,3,21.7,Medium
36.2,88.7,7.6,1,26.8,High
24.6,26.8,13.9,2,17.7,Low
37.5,46.1,4.2,5,28.7,High
34.5,74.7,5.0,3,24.2,High
37.8,1.0,31.4,2,30.5,Low
30.9,34.8,11.2,1,21.0,Low
26.2,44.4,29.0,1,15.7,Low
41.7,21.3,28.8,3,35.0,Low
41.9,55.3,15.9,3,31.8,Medium
38.0,45.8,16.3,2,31.2,Medium
36.8,36.6,13.2,1,26.4,Low
17.1,85.7,3.1,2,12.3,Medium
42.4,73.6,21.1,3,33.7,High
37.3,73.3,10.0,7,28.7,High
42.9,55.7,7.1,8,33.1,High
25.7,62.3,0.8,3,17.5,Low
38.6,92.7,5.9,0,31.2,Medium
38.1,29.1,10.6,1,33.6,Medium
10.0,32.4,10.5,4,2.8,Low
33.3,79.2,22.7,4,27.2,High
34.0,66.8,23.7,2,23.1,Low
27.2,42.4,2.9,2,17.5,Medium
37.3,64.9,15.0,3,35.0,High
35.6,30.1,23.1,4,22.1,Low
29.5,63.9,23.0,1,19.4,Low
30.3,40.1,8.1,5,23.1,High
22.3,88.6,7.5,6,12.5,Medium
37.1,62.0,19.9,2,32.1,High
36.2,55.3,5.9,4,30.8,High
33.1,48.8,6.0,3,29.4,High
32.0,61.7,9.1,2,24.3,Low
39.2,73.8,9.8,1,28.2,High
35.1,48.9,8.4,3,25.6,High
39.8,98.4,10.0,3,31.4,High
35.4,51.6,4.7,2,27.0,Low
40.5,67.1,19.4,3,26.7,High
40.0,62.6,8.5,2,28.3,High
40.7,3.3,7.8,2,35.1,Low
29.8,77.7,14.0,6,25.6,High
38.7,100.0,8.3,2,30.7,High
34.0,64.0,16.5,4,27.0,Low
33.1,63.5,6.0,6,22.1,High
30.7,60.8,12.7,2,24.7,Medium
36.4,32.8,14.8,5,24.7,Low
20.4,56.0,5.5,1,11.3,Low
36.4,59.7,7.3,5,30.8,High
36.4,72.7,5.9,2,31.9,High
41.5,64.2,0.3,3,33.0,High
34.9,67.0,16.3,3,28.5,Medium
43.6,46.4,19.0,2,33.0,Medium
31.3,80.2,3.2,0,23.8,Medium
30.4,86.9,36.0,3,31.2,Medium
45.2,61.7,12.5,3,37.1,High
30.0,62.9,13.5,5,26.9,High
18.5,40.8,50.7,2,13.0,Low
45.3,68.3,46.4,1,41.3,High
45.9,54.8,19.3,5,38.4,High
32.9,44.8,3.9,3,29.8,High
33.6,48.0,5.5,2,29.3,Low
30.5,58.1,17.4,2,18.6,Medium
47.1,57.4,7.8,2,38.8,High
44.8,85.9,4.5,2,37.9,High
30.2,42.6,5.3,2,24.3,Low
35.0,65.7,10.8,5,29.9,High
46.6,32.9,13.6,3,33.1,High
48.4,32.0,4.6,3,41.7,High
37.0,13.8,5.6,3,34.8,Medium
38.0,78.8,4.6,2,33.0,High
34.4,76.1,17.6,4,23.2,High
30.7,1.0,6.3,4,18.6,Low
39.1,58.6,3.6,4,36.6,High
46.1,45.4,5.8,3,40.7,High
28.8,61.5,20.3,2,24.8,Medium
36.4,57.1,8.7,4,33.5,High
36.1,50.1,44.8,1,26.4,Low
25.6,31.9,20.2,4,17.0,Low
35.2,40.6,13.8,1,28.0,Low
33.8,40.5,26.4,3,27.1,Medium
32.0,46.5,13.1,7,22.4,Medium
44.8,72.8,7.9,2,35.4,High
32.1,93.2,22.8,4,23.5,Medium
28.7,37.8,9.9,5,19.8,Low
39.8,69.7,32.9,6,24.9,Medium
37.0,11.6,10.6,3,33.2,High
35.6,17.4,18.7,2,30.9,Low
40.0,58.6,11.1,2,29.5,High
34.1,72.6,6.7,3,23.3,Medium
32.8,66.4,12.4,3,16.1,Medium
29.7,44.2,27.7,2,24.0,Low
41.0,84.3,28.7,2,30.7,High
45.0,41.9,10.4,3,37.6,High
51.3,46.9,5.1,1,41.2,High
39.7,61.4,0.9,2,38.0,High
47.4,65.3,23.9,2,39.6,High
30.5,30.3,23.8,4,22.9,Low
28.8,31.1,11.5,2,23.8,Low
26.7,73.4,20.8,6,17.7,Low
35.1,46.0,14.2,4,30.1,Medium
32.6,70.8,15.8,2,24.5,High
46.8,27.9,17.7,4,40.0,High
32.2,46.7,4.5,3,25.8,Medium
32.7,79.6,12.1,1,24.0,Medium
40.8,80.6,24.8,1,31.6,High
42.7,43.2,14.6,0,36.3,Medium
38.7,8.8,2.0,2,33.2,Low
40.4,69.9,16.1,4,32.9,High
40.5,59.9,18.2,3,31.3,High
48.8,62.3,8.3,2,38.9,High
22.0,29.1,4.2,1,15.5,Low
30.5,52.6,13.9,4,25.8,Low
45.8,57.2,18.4,2,38.9,Medium
34.4,89.3,6.0,4,26.3,High
40.1,81.6,15.0,1,38.5,High
17.7,78.7,2.2,3,10.1,Low
29.6,60.1,24.7,1,25.0,Low
21.9,35.9,7.3,2,14.9,Low
29.9,50.0,16.7,3,23.0,Medium
32.2,27.3,21.1,3,26.2,Low
36.6,52.7,10.9,4,30.0,Medium
43.7,36.3,24.3,2,32.2,Medium
39.6,54.8,7.7,2,32.5,High
38.9,53.2,20.8,2,21.8,Low
31.2,34.1,25.9,2,25.0,Low
26.1,67.4,14.9,5,21.8,Medium
33.4,27.0,1.6,3,22.4,Low
28.5,100.0,19.9,4,23.6,High
27.8,82.3,8.7,4,21.4,High
24.3,28.6,14.2,3,23.0,Low
34.7,61.0,19.5,3,27.4,Medium
35.3,51.6,11.4,3,21.0,Medium
42.8,51.9,25.9,2,33.3,Medium
43.1,44.8,20.0,2,35.6,Medium
38.7,75.3,12.2,4,32.6,High
54.1,37.8,14.0,3,50.4,High
29.9,79.6,17.8,1,15.8,Medium
31.8,89.7,26.0,0,30.0,Medium
32.8,36.0,5.5,2,22.2,Low
32.4,73.8,22.8,2,24.6,Medium
22.8,70.9,13.9,2,13.9,Low
30.1,12.5,30.7,3,17.1,Low
37.2,92.4,5.5,1,32.7,High
42.1,44.7,10.2,1,32.6,Medium
25.3,57.9,52.9,2,21.4,Low
26.1,86.1,7.6,7,11.3,High
27.5,72.1,21.4,2,19.9,Medium
37.6,50.6,15.6,2,33.6,High
27.8,72.7,26.5,3,20.6,Medium
24.7,80.5,29.7,4,15.6,Medium
24.5,56.0,8.4,5,11.3,Low
32.6,39.8,26.1,3,25.6,Medium
34.3,62.6,16.7,2,28.5,Medium
40.1,37.1,14.9,2,28.9,Medium
39.2,78.2,17.7,2,31.1,High
41.9,35.5,22.1,2,34.0,Medium
34.2,39.2,8.9,4,25.5,Medium
28.4,77.0,4.1,1,26.4,Medium
36.3,55.3,11.8,4,28.8,Medium
25.2,64.6,3.2,6,19.1,Medium
37.7,70.0,9.3,2,31.8,High
37.1,39.6,13.2,5,28.4,High
43.0,44.3,10.2,5,42.7,High
41.1,87.3,18.9,4,36.4,High
38.1,69.4,16.4,3,30.1,High
22.3,47.1,51.7,4,12.9,Low
31.3,61.2,6.4,2,23.7,Medium
38.8,50.9,4.5,4,34.9,Medium
44.7,74.1,6.2,2,37.9,High
39.2,58.8,6.9,3,28.3,High
25.0,52.7,7.7,3,13.8,Low
46.1,31.1,9.8,5,39.7,High
35.0,69.3,47.8,3,30.8,Medium
38.0,47.5,1.4,1,24.8,Low
38.6,76.6,11.6,1,23.0,High
29.9,16.3,6.3,3,20.4,Low
28.6,43.7,15.0,0,20.8,Low
36.2,68.7,10.4,2,31.9,Medium
28.7,54.8,10.9,4,20.1,Medium
30.6,41.4,9.6,0,22.5,Medium
32.1,80.2,4.7,1,26.7,High
21.6,76.1,13.7,0,16.1,Low
39.1,38.2,2.3,4,33.3,High
42.9,51.7,12.6,0,31.3,Medium
38.3,33.8,19.5,4,29.0,Low
20.4,49.6,17.7,2,8.8,Low
37.2,50.5,4.4,1,29.8,High
42.2,45.2,7.0,1,33.4,High
31.2,70.6,15.6,3,23.9,Medium
36.5,71.1,31.0,3,32.5,High
38.3,80.6,38.0,4,29.0,Medium
28.5,63.5,19.0,5,22.7,High
28.3,19.1,14.3,2,19.2,Low
20.4,55.1,7.1,0,17.3,Low
30.3,72.0,14.2,1,20.0,Low
28.0,57.8,6.8,4,18.6,Medium
32.4,73.6,21.5,1,27.1,Medium
40.6,79.4,15.5,4,32.2,High
39.7,23.5,22.5,4,31.7,Low
26.0,69.8,8.1,3,12.2,Medium
31.9,63.7,5.5,3,24.9,Medium
34.9,91.3,6.0,3,26.5,High
16.0,41.8,14.8,2,11.8,Low
33.6,80.8,15.9,2,24.8,Medium
32.3,53.2,7.8,3,21.2,Medium
32.4,59.5,4.2,6,21.3,High
36.3,55.6,33.6,2,27.9,Low
26.1,92.9,18.6,3,17.5,Medium
37.5,35.3,29.2,5,28.6,Medium
35.3,61.0,6.1,6,26.4,High
44.5,80.6,8.2,7,35.9,High
34.1,99.6,4.8,0,31.7,Medium
43.9,33.5,20.6,2,33.6,Medium
44.6,77.2,12.7,2,36.3,High
36.6,49.2,8.5,3,29.5,Medium
33.4,75.3,21.0,4,29.6,High
29.2,40.4,10.7,7,18.7,Low
36.1,83.4,6.7,2,22.2,Medium
46.6,47.7,31.3,4,35.0,High
36.2,76.4,4.1,3,29.9,High
36.6,54.0,1.1,3,33.8,High
44.9,25.0,2.5,6,41.0,High
46.9,60.5,2.7,7,38.9,High
34.0,32.1,14.0,6,24.6,Low
37.0,47.8,15.3,1,26.2,Low
28.0,100.0,8.6,6,19.4,High
35.7,62.1,14.3,5,30.0,High
37.8,56.6,12.9,3,29.7,Medium
34.1,27.6,4.0,0,28.0,Low
29.6,13.6,18.1,1,20.4,Low
28.5,37.0,26.2,4,17.6,Low
40.6,42.1,28.5,1,34.0,Low
37.1,34.4,8.7,5,28.3,High
34.6,39.9,22.5,3,27.0,Low
24.7,22.0,25.2,2,17.7,Low
33.8,46.7,9.7,4,27.6,Medium
31.6,14.6,40.7,2,21.7,Low
24.3,58.3,38.1,5,13.1,Low
41.0,32.2,2.0,6,31.6,High
39.3,50.4,12.3,1,30.2,Medium
35.3,63.3,17.7,2,26.9,Medium
23.4,30.6,3.0,2,18.3,Low
40.3,27.7,5.2,4,28.0,Medium
35.5,60.4,13.0,1,27.7,Medium
35.1,33.5,14.2,3,27.6,Medium
35.3,39.2,6.9,8,25.0,High
28.8,43.1,6.9,4,20.9,Low
34.2,81.1,19.6,2,26.4,Medium
41.8,92.6,5.3,1,37.0,High
23.4,33.5,18.3,3,17.8,Low
41.0,31.7,9.1,3,33.5,Medium
36.8,21.7,8.8,2,25.0,Low
38.2,68.0,10.4,5,33.6,High
32.8,68.2,15.3,2,28.2,Medium
32.9,80.8,12.1,5,27.6,High
24.9,100.0,16.2,2,14.8,High
31.6,52.5,3.4,3,24.4,Medium
36.2,25.7,16.8,2,30.9,Low
44.5,75.8,14.0,2,34.5,High
35.8,34.5,20.9,2,30.7,Low
24.6,24.0,9.0,6,16.3,Low
33.7,87.4,7.8,1,29.6,High
29.9,1.7,13.0,3,17.7,Low
33.6,78.7,6.2,3,22.1,High
34.7,63.7,5.7,1,26.7,Medium
47.9,44.0,11.0,5,35.1,High
36.7,67.5,5.1,3,30.6,High
36.6,66.2,21.1,1,32.0,Medium
37.3,38.0,14.9,8,24.7,High
29.9,45.8,16.0,6,24.8,Medium
44.6,100.0,16.3,3,36.9,High
36.7,73.1,14.4,4,21.7,Medium
32.3,100.0,4.1,1,26.5,Medium
38.2,50.3,17.4,1,30.4,Medium
43.8,39.3,5.7,3,32.9,High
36.4,64.3,13.8,6,26.6,High
34.1,42.8,10.3,3,29.8,Medium
34.4,58.2,4.9,1,23.6,Low
39.2,34.8,1.0,4,32.1,Medium
37.3,52.4,6.6,2,27.0,Low
35.7,26.8,2.6,3,32.2,High
32.9,50.6,1.9,5,18.7,Medium
36.2,65.5,4.4,4,29.1,High
24.2,61.1,6.0,3,14.7,Medium
42.9,66.7,14.8,4,37.7,High
34.6,38.7,14.6,1,31.8,Low
26.6,50.4,24.2,3,19.9,Medium
31.9,30.2,21.5,0,21.4,Low
39.6,69.7,26.4,2,28.9,High
44.9,100.0,20.8,3,38.8,High
37.7,51.4,13.4,5,24.9,High
38.7,43.5,7.6,3,33.9,Low
31.5,3.2,14.2,6,24.4,Low
47.6,40.8,16.0,2,38.3,High
32.9,71.7,31.8,4,28.2,Medium
34.6,62.1,28.8,2,35.6,Medium
34.7,75.4,16.5,2,24.3,High
45.4,93.1,5.7,3,37.0,High
36.6,46.0,1.0,1,28.4,Medium
40.0,34.0,56.2,6,35.1,High
30.4,71.1,9.8,0,22.4,Medium
37.3,56.8,23.2,1,31.0,Low
30.6,31.9,6.3,0,25.1,Low
30.1,27.1,9.0,2,19.0,Low
38.7,74.2,4.6,1,33.5,High
32.0,59.3,11.6,5,24.3,Medium
29.7,26.7,26.9,3,21.5,Low
42.8,58.8,14.6,3,37.1,Medium
28.5,30.5,6.0,0,21.8,Low
47.5,69.9,15.6,4,37.9,High
41.5,76.0,9.9,0,29.9,Medium
46.1,76.5,15.8,2,38.3,High
29.2,62.8,3.2,8,19.8,High
38.9,60.4,6.7,3,32.7,High
35.6,52.0,25.8,3,29.1,Medium
40.6,36.1,4.4,4,35.2,High
30.2,81.3,6.4,3,21.1,Medium
41.7,69.4,14.2,6,36.0,High
38.4,37.0,56.7,1,31.9,Low
32.9,20.1,7.0,2,25.8,Low
23.4,43.1,14.7,2,19.7,Low
41.1,84.4,4.7,2,35.5,High
33.1,66.0,10.5,2,24.4,Medium
28.3,60.2,21.8,4,22.2,Low
30.8,84.1,0.9,2,17.1,Medium
38.5,9.7,4.1,4,27.7,Low
33.0,53.2,53.4,5,21.9,Low
35.1,82.0,29.5,0,30.8,Medium
36.0,32.9,23.3,0,30.0,Low
27.1,35.7,2.1,3,20.4,Low
38.1,50.4,9.1,4,30.5,Medium
38.5,43.3,6.6,6,25.4,High
48.8,46.5,26.0,7,45.8,High
38.7,58.6,11.1,3,31.1,Medium
36.4,42.6,15.6,3,30.2,Medium
22.5,47.8,8.8,7,14.5,Medium
38.7,36.8,7.4,3,30.6,High
47.0,50.7,6.6,4,40.7,High
30.3,59.3,7.0,1,22.5,Low
23.6,57.5,8.8,1,15.7,Low
29.1,41.6,13.0,6,24.3,Medium
39.3,38.5,8.8,5,25.0,High
31.3,46.6,8.5,2,23.7,Low
28.7,45.9,11.5,2,15.5,Low
36.1,30.3,11.6,2,25.9,Low
35.6,33.7,8.4,7,27.7,Medium
43.8,66.2,18.3,3,37.0,High
31.0,3.3,6.8,1,22.3,Low
34.8,67.7,4.5,2,32.7,Medium
19.4,62.5,5.3,4,16.0,Low
30.3,74.4,14.1,2,24.7,Medium
36.0,53.1,8.9,5,32.3,High
32.2,80.5,4.5,1,24.4,Low
18.4,75.0,2.6,5,10.3,Low
38.3,100.0,19.1,3,25.0,High
37.7,100.0,3.0,3,28.7,Medium
27.6,37.3,34.9,1,19.2,Low
38.9,100.0,9.1,2,30.6,High
25.0,88.4,10.9,1,16.3,Medium
28.9,50.0,19.3,4,22.1,Medium
43.8,27.0,8.5,4,36.4,Medium
43.1,44.3,21.3,4,37.6,High
38.8,46.3,7.8,4,36.1,High
29.7,67.4,24.7,7,23.0,High
37.1,35.1,15.1,3,28.4,Low
37.5,54.1,19.1,2,26.4,Medium
21.8,70.3,17.4,4,14.9,Low
26.6,33.6,32.1,3,21.6,Low
41.6,52.2,8.4,3,33.6,High
15.9,37.4,28.6,3,10.4,Low
34.6,94.3,43.3,5,30.7,High
33.7,39.7,23.3,2,29.0,Low
28.4,62.0,16.1,2,19.8,Low
34.1,30.6,2.5,2,25.5,Low
34.0,36.7,15.2,3,24.3,Low
35.0,46.5,7.0,1,26.3,Medium
33.0,27.1,5.3,4,21.5,Medium
37.9,58.3,8.1,1,25.3,Medium
39.2,21.6,8.8,5,29.3,Medium
28.0,56.2,30.8,0,21.9,Low
41.0,56.5,8.3,5,31.9,High
32.8,58.2,5.6,2,25.8,Low
19.6,72.9,2.6,4,10.9,Low
30.8,77.3,15.5,2,23.0,Medium
33.6,35.9,15.7,1,25.9,Low
23.8,63.7,18.4,2,15.0,Medium
33.1,55.2,4.5,4,19.5,High
31.7,76.1,8.3,4,21.8,High
36.3,43.9,5.0,2,27.8,Medium
30.9,17.1,6.5,5,22.8,Low
33.1,50.4,8.1,5,21.0,High
40.8,54.1,13.9,5,35.3,High
36.1,80.7,3.0,2,26.1,Medium
36.0,73.9,4.4,3,20.2,High
31.6,27.5,13.4,1,22.3,Low
27.1,80.4,3.0,3,20.9,High
37.9,34.6,29.6,5,32.9,Medium
26.8,36.3,5.1,2,19.6,Low
45.1,58.3,1.6,3,33.8,High
26.6,59.2,6.1,4,16.1,Medium
32.4,51.8,7.1,1,25.0,Medium
40.9,51.9,9.9,1,30.3,Medium
33.5,26.5,7.0,2,22.3,Low
36.7,52.7,10.3,2,28.5,Low
35.1,81.7,29.0,3,28.6,High
23.6,53.1,8.6,2,9.0,Low
27.2,94.4,17.3,2,23.4,Medium
32.2,55.0,22.5,1,23.6,Low
33.3,36.5,14.7,6,26.2,High
39.1,35.3,3.3,2,29.3,High
34.5,78.9,37.6,1,25.3,Medium
33.0,61.4,11.9,1,27.2,Medium
31.3,24.1,7.6,3,25.5,Low
39.7,58.2,6.7,1,31.9,High
29.3,66.8,30.3,4,18.1,Medium
26.0,26.5,28.1,5,19.7,Low
32.8,49.9,10.8,2,25.7,Medium
39.9,36.3,5.6,2,30.5,Medium
29.9,45.1,10.7,3,17.5,Low
35.5,33.1,11.3,1,26.8,Medium
27.5,12.3,18.7,4,25.5,Low
28.7,24.4,17.7,3,25.1,Low
44.1,76.8,19.6,2,39.1,High
19.5,42.4,13.9,3,15.0,Low
28.8,94.8,2.6,4,16.6,High
21.8,31.9,31.2,1,13.3,Low
28.5,60.5,22.4,2,17.6,Low
39.7,60.2,29.7,1,32.5,Medium
44.5,54.6,7.6,5,37.1,High
25.2,80.5,12.3,1,18.9,Low
39.0,27.0,5.9,2,31.4,Medium
24.7,79.4,17.5,1,17.6,Low
29.4,47.3,14.4,5,20.0,High
35.8,64.7,14.9,1,28.6,Medium
21.6,51.6,8.1,5,13.2,Medium
29.2,87.4,18.2,7,20.3,High
33.4,35.3,12.2,8,25.4,High
19.5,22.1,10.1,3,5.2,Low
28.2,70.6,10.8,7,21.8,High
30.4,58.2,23.9,2,23.9,Low
28.9,62.6,17.9,3,24.0,Medium
30.3,82.6,13.6,1,21.8,Medium
36.2,60.1,34.0,2,25.7,Medium
35.4,48.9,6.7,1,27.1,Low
42.9,54.4,4.2,5,28.1,High
32.2,98.2,32.2,1,25.5,Medium
23.4,62.2,30.9,1,19.3,Low
19.2,72.0,0.8,4,12.0,Medium
43.3,37.4,6.6,3,40.0,High
33.6,73.6,13.3,5,24.1,Medium
36.1,46.2,12.3,5,32.3,High
39.7,16.7,3.5,0,32.6,Medium
35.4,59.7,4.7,1,29.8,Medium
42.4,57.8,17.3,3,35.1,Medium
39.2,62.9,65.2,4,34.1,Low
40.9,49.2,12.1,2,35.4,High
28.3,78.1,3.5,1,19.9,Medium
39.4,61.8,11.3,1,29.6,High
37.0,47.7,39.9,4,33.1,Low
27.2,78.6,5.1,6,15.6,High
45.1,63.1,26.2,2,38.1,High
33.3,58.2,7.2,1,25.5,Low
21.7,44.4,34.2,4,13.1,Low
39.0,98.5,12.3,6,32.4,High
37.5,33.2,10.1,2,25.4,Low
32.0,47.2,14.3,2,24.7,Low
38.0,47.3,17.2,3,33.8,High
28.2,50.9,12.5,4,14.8,Low
37.3,68.2,10.0,5,23.5,Medium
39.3,64.4,14.0,5,33.7,High
36.4,67.3,3.8,5,26.2,High
34.1,53.1,3.3,0,20.2,Medium
32.9,80.4,19.7,5,24.1,Medium
44.0,38.0,15.3,8,34.9,High
30.2,36.4,3.2,2,18.8,Low
34.7,28.2,19.0,2,22.7,Low
33.3,45.3,3.8,6,23.3,Medium
36.4,57.2,13.0,0,32.4,Medium
42.8,42.7,9.6,6,38.2,High
42.5,44.0,3.7,1,35.3,High
38.6,79.4,2.1,1,26.5,Medium
35.8,39.9,6.9,7,31.4,High
36.9,48.0,18.4,3,29.4,Medium
43.9,63.4,20.5,2,32.8,Medium
26.4,18.3,33.3,2,20.8,Low
31.9,28.6,13.7,2,25.4,Low
29.2,71.7,17.4,4,25.9,High
38.7,14.4,20.1,6,32.8,Medium
32.4,22.5,4.2,3,27.1,Low
22.9,18.5,11.6,0,15.2,Low
29.7,47.3,17.0,1,24.9,Low
35.1,26.9,9.3,8,23.8,High
37.3,36.3,23.2,4,32.5,Medium
32.9,80.4,20.5,0,26.2,Medium
27.4,50.5,7.8,3,21.6,Medium
44.0,59.8,9.6,1,37.4,High
37.6,62.8,5.7,1,21.3,Low
37.1,78.4,11.7,4,31.6,High
35.9,44.4,13.7,4,26.3,Medium
26.2,53.3,14.5,1,21.5,Low
34.8,49.9,22.1,3,23.2,Medium
17.9,32.9,1.5,2,9.4,Low
36.9,51.5,9.6,2,28.0,High
10.9,61.7,5.1,0,1.1,Low
28.6,74.1,11.6,2,16.7,Medium
34.3,35.6,9.8,4,21.4,High
35.8,78.9,22.3,2,23.6,Medium
25.1,46.3,11.3,4,20.2,Low
29.3,82.1,7.8,7,18.6,High
25.0,54.4,4.5,6,17.4,High
42.1,61.1,16.0,2,30.1,High
29.1,46.6,15.5,1,27.2,Low
33.5,89.4,12.8,2,24.9,Medium
35.5,35.3,5.6,3,31.5,Medium
38.7,77.6,5.0,0,28.9,Medium
37.5,30.6,2.4,1,31.3,Low
38.1,40.1,30.5,5,33.3,Medium
25.8,92.3,22.7,4,23.5,High
36.9,68.9,5.4,1,31.0,Medium
24.3,60.9,3.2,1,15.6,Low
36.8,59.4,17.9,2,27.5,Medium
42.8,79.5,15.2,4,35.4,High
26.3,63.1,28.4,4,19.5,Low
24.0,55.7,16.7,3,14.5,Low
45.6,65.2,7.9,3,29.7,High
29.9,50.7,6.9,2,20.7,Low
38.0,46.2,4.5,3,33.1,Medium
22.7,39.3,12.3,6,18.6,Medium
40.4,31.8,3.3,4,33.1,Medium
41.5,65.1,25.7,1,31.4,Medium
45.1,51.4,35.7,3,39.5,High
46.5,19.2,17.0,2,41.1,Medium
27.6,46.3,22.0,5,22.5,Medium
42.7,61.4,7.1,5,37.7,High
37.5,39.8,12.0,7,27.5,Medium
33.6,61.4,9.2,2,27.1,Medium
35.7,5.8,22.4,6,25.7,Low
48.5,89.3,2.7,3,41.7,High
27.6,61.0,9.5,5,24.2,Low
35.3,12.7,8.9,2,20.5,Low
42.1,1.0,5.7,3,35.5,Low
36.2,60.3,0.5,5,25.7,High
24.8,34.3,24.7,2,17.2,Low
34.7,61.7,4.7,0,21.9,Medium
21.9,73.5,10.5,1,10.6,Low
31.2,37.9,13.6,4,17.5,Low
25.3,71.2,28.8,4,16.9,Low
29.6,74.8,5.9,3,23.6,Medium
41.1,64.9,2.2,5,34.7,High
30.4,84.1,1.0,6,19.8,High
33.6,34.8,20.6,1,29.5,Low
45.4,25.0,4.3,3,38.7,High
36.0,18.8,3.9,2,30.0,Medium
33.6,56.4,1.1,4,28.6,Medium
31.9,64.7,46.7,3,24.2,Low
36.6,68.9,7.8,4,23.6,High
43.3,53.8,16.9,3,34.0,High
27.3,61.9,9.3,6,18.8,Medium
36.6,62.2,8.1,4,30.9,High
25.1,64.6,24.9,3,12.9,Low
21.2,66.3,2.9,2,18.6,Medium
36.1,74.9,18.4,3,27.9,High
35.1,27.7,25.4,5,26.5,Low
20.6,38.9,4.4,3,14.2,Low
27.7,65.7,7.0,4,17.0,Medium
30.1,18.6,7.6,4,20.8,Medium
37.0,52.0,43.5,2,29.7,Medium
44.0,77.5,7.1,1,35.6,Medium
25.0,88.4,14.3,2,18.0,Medium
32.2,69.1,2.3,4,20.1,Medium
46.1,63.7,1.8,5,36.8,High
42.9,75.7,10.4,2,32.9,High
17.9,64.2,12.4,1,12.5,Low
31.4,69.2,8.7,4,23.9,High
36.8,96.5,4.9,2,32.1,High
39.1,56.2,20.3,1,28.6,High
41.9,49.8,10.8,4,36.7,Medium
21.8,84.1,31.5,2,12.2,Low
35.5,52.3,23.6,3,25.3,Medium
35.7,65.6,16.5,2,28.2,Medium
