temperature_c,humidity_pct,wind_speed_kmh,vegetation_dryness,rainfall_mm_7d,wildfire_risk
13.3,74.9,4.2,1.5,10.6,Low
23.6,49.6,22.3,1.3,3.5,Low
31.3,50.8,1.4,2.9,36.8,Low
32.1,84.6,24.4,7.1,27.7,Medium
39.2,16.2,31.0,3.4,15.1,High
20.1,15.9,30.4,10.0,22.9,High
33.6,62.9,6.6,4.1,18.3,Low
27.4,36.0,22.8,1.3,20.4,Medium
28.4,64.0,31.3,7.9,46.1,High
23.9,43.8,20.6,4.0,33.0,Low
29.5,63.3,16.8,4.2,31.7,Low
26.7,25.6,33.7,7.4,37.6,High
24.8,58.5,11.9,2.2,26.8,Low
23.3,34.0,10.0,5.2,5.8,Medium
31.4,60.8,5.7,1.6,27.8,Low
16.0,97.0,17.4,5.2,24.7,Low
26.3,27.3,1.8,0.4,3.2,Low
21.1,37.2,65.2,2.6,33.6,High
26.9,42.2,20.3,7.5,14.0,High
27.0,52.1,39.6,8.6,22.5,High
35.8,1.0,8.1,2.5,20.9,High
33.9,45.7,23.0,2.5,16.8,Medium
30.6,40.2,6.7,5.3,15.8,Medium
29.6,40.3,23.7,2.7,5.0,Medium
26.3,51.5,22.5,7.6,15.6,High
26.1,52.8,19.8,1.1,6.9,Low
12.3,52.4,17.8,3.2,7.8,Low
34.6,21.3,10.3,10.0,16.7,High
30.4,39.5,29.4,6.1,12.6,High
38.8,38.6,7.2,6.6,18.6,Medium
23.0,56.6,68.5,4.5,6.0,High
39.3,23.7,15.3,0.9,67.4,High
26.3,49.3,12.3,9.3,5.1,High
22.8,80.4,11.8,5.5,23.1,Low
41.9,1.0,37.3,7.7,15.5,High
31.3,41.3,5.3,4.2,12.6,Medium
43.0,1.3,21.8,4.9,19.1,High
29.5,45.0,15.2,3.9,50.7,Low
35.3,63.4,25.7,5.6,55.6,Medium
37.3,33.8,49.3,3.7,8.3,High
25.5,65.4,22.6,2.6,12.1,Medium
31.1,74.9,9.4,4.4,31.1,Low
29.4,53.8,22.2,6.5,28.2,Medium
35.5,33.7,10.1,8.3,6.1,High
18.4,56.8,35.1,1.2,27.4,Low
33.4,82.0,25.7,7.5,80.1,Medium
36.3,15.7,2.8,3.0,7.0,High
21.9,69.4,12.1,2.2,12.1,Low
20.1,16.6,30.7,2.3,12.4,Medium
13.1,11.6,12.7,10.0,10.0,High
46.7,17.9,7.7,7.1,11.5,High
21.4,44.1,10.3,1.8,12.6,Low
40.8,72.8,14.1,3.5,15.8,Low
26.1,1.0,11.8,1.2,10.3,Medium
37.9,66.8,14.9,1.3,36.8,Low
33.2,41.6,27.7,1.2,17.2,Low
46.9,20.7,22.7,2.1,28.0,High
41.0,58.0,8.1,7.1,9.6,High
29.9,34.6,6.7,8.0,21.1,Medium
30.8,94.7,16.7,2.4,37.9,Low
34.1,56.0,6.4,3.8,28.7,Low
52.1,46.2,6.4,7.3,37.7,High
28.6,59.3,18.3,5.1,95.9,Low
16.4,74.6,25.8,6.0,47.8,Low
30.2,76.7,46.1,3.5,48.2,Medium
22.2,65.4,9.1,9.3,4.1,Medium
29.9,75.3,9.4,9.8,5.6,Medium
38.4,71.5,5.7,7.0,9.8,Medium
32.5,65.0,28.7,3.3,5.7,Medium
22.7,36.3,13.8,1.3,81.9,Low
26.2,72.7,8.3,9.9,2.7,Medium
18.4,35.6,27.3,5.9,7.3,High
39.5,50.8,23.8,5.3,36.0,High
35.4,36.7,31.0,7.0,3.4,High
18.2,59.8,3.4,5.1,44.5,Low
50.7,73.2,38.9,4.3,1.6,High
26.0,36.0,19.0,10.0,41.7,High
30.7,13.9,40.1,8.3,56.3,High
25.0,67.2,19.8,9.7,14.4,High
31.8,67.8,7.7,9.4,52.8,Medium
28.8,79.4,9.7,0.0,44.4,Low
15.4,64.7,4.3,7.3,39.4,Low
38.6,65.2,20.3,6.4,38.7,High
20.5,29.2,2.9,3.3,16.5,Low
36.3,61.2,31.2,10.0,55.8,High
25.9,92.2,12.7,5.4,81.6,Low
28.6,32.8,9.0,3.6,5.3,Medium
32.3,18.2,4.2,4.6,9.5,High
29.2,48.1,18.7,6.7,16.0,Medium
34.7,65.6,8.2,6.3,31.9,Medium
21.6,49.8,14.8,3.5,32.2,Medium
37.3,84.2,17.5,7.4,13.5,Medium
18.7,26.1,2.5,5.1,40.0,Medium
19.8,11.7,8.4,4.3,21.6,High
33.2,76.4,28.1,4.4,38.7,Low
37.4,14.0,19.1,1.7,26.8,Medium
30.6,52.0,15.2,2.3,8.7,Low
41.4,75.8,9.3,2.1,20.7,Low
20.5,49.8,34.7,0.0,6.3,Low
17.5,29.6,4.1,6.0,6.6,Low
35.5,73.0,9.2,2.2,11.6,Low
29.1,48.8,13.6,3.8,57.1,Low
35.3,40.1,3.4,4.2,17.7,Medium
18.7,81.2,3.0,2.2,12.6,Low
24.0,36.7,11.1,4.0,32.9,Medium
43.7,31.8,30.5,5.2,4.6,High
26.2,25.1,32.9,3.1,24.4,Medium
40.8,71.8,30.8,2.4,45.8,Medium
35.0,54.4,6.6,3.3,21.6,Medium
25.4,34.3,22.2,7.7,50.9,High
40.7,13.3,6.8,3.4,16.0,High
30.9,76.0,35.4,5.5,5.0,Medium
28.1,34.6,3.9,3.6,25.6,Low
27.3,5.0,17.9,4.7,39.7,High
31.9,46.9,25.1,7.4,26.5,High
17.8,67.7,6.1,2.5,27.3,Low
36.1,60.8,17.4,10.0,18.0,High
32.0,46.8,8.4,6.0,1.7,High
22.9,35.3,0.5,5.6,20.3,Medium
16.6,32.7,10.4,2.1,23.6,Low
25.7,73.1,22.4,6.8,28.8,Medium
30.3,2.0,5.0,9.7,20.6,High
29.4,24.1,8.6,2.9,5.7,Low
29.3,42.9,15.8,2.2,42.9,Low
34.1,1.1,31.8,5.1,25.1,High
17.6,40.2,6.5,2.2,10.6,Low
27.4,18.0,8.0,3.7,39.9,Medium
30.7,55.4,65.3,7.3,4.3,High
32.1,32.4,22.9,10.0,16.6,High
36.1,36.2,18.7,7.5,29.2,High
26.2,30.9,26.7,2.6,42.8,Medium
28.5,59.9,39.5,4.2,15.4,Medium
21.3,43.5,31.4,4.0,26.3,Low
31.5,65.8,4.2,5.3,18.8,Low
20.2,71.6,1.8,7.5,25.0,Low
33.2,38.7,3.5,2.8,40.8,Low
38.6,29.7,21.9,10.0,0.3,High
32.2,35.8,6.2,2.1,24.8,Medium
39.5,100.0,4.5,2.7,13.0,Low
23.9,31.4,9.6,2.8,37.4,Medium
17.2,41.2,34.9,10.0,17.5,High
26.5,49.7,7.8,9.6,14.4,Medium
22.5,57.0,14.3,2.7,25.5,Low
23.6,47.3,15.7,3.7,6.3,Medium
8.0,84.0,13.5,4.7,2.7,Low
29.6,50.2,14.4,3.7,25.5,Low
28.2,41.7,22.0,7.5,6.5,High
35.6,66.0,8.6,6.4,6.5,High
33.0,25.5,5.9,5.6,28.8,Medium
26.4,56.9,9.3,7.3,43.5,Medium
36.2,36.8,10.0,6.2,15.8,High
36.0,73.3,10.4,6.9,47.3,Medium
23.6,75.0,23.5,5.5,7.5,Low
29.8,41.2,12.1,9.8,29.3,Medium
41.6,25.9,28.8,5.4,11.8,High
30.9,4.0,36.1,4.6,11.8,High
20.6,50.0,6.5,7.2,6.4,Medium
17.9,1.0,23.9,6.6,29.9,High
14.8,43.1,31.9,4.9,21.8,Low
9.6,32.7,43.7,0.4,40.3,Low
23.6,57.3,5.1,8.9,5.0,Low
26.4,44.7,29.3,8.5,31.1,High
19.2,32.5,48.0,2.6,27.4,Medium
21.8,63.7,15.3,6.2,12.1,Low
19.4,21.0,7.9,3.5,7.8,Low
13.8,57.4,39.0,6.5,16.6,Medium
26.5,90.4,40.4,8.1,15.5,Medium
34.0,66.2,26.1,4.6,22.1,Medium
23.4,36.1,18.8,7.0,61.2,Medium
38.2,22.6,5.2,1.1,8.2,Medium
29.4,65.6,32.7,2.6,6.2,Medium
36.0,18.1,19.1,7.5,3.7,High
28.3,45.1,16.6,3.2,24.5,Medium
34.0,60.9,23.2,2.7,19.5,Medium
15.3,22.8,51.0,3.0,49.7,Medium
35.6,21.6,5.0,2.0,20.5,Medium
28.1,16.0,26.6,7.8,17.3,High
37.9,80.1,10.6,8.0,1.8,High
25.7,82.4,29.6,2.9,51.5,Low
43.7,82.0,8.1,1.9,6.2,Low
32.8,85.0,32.5,4.7,13.0,Medium
19.9,31.1,19.6,1.7,7.6,Low
38.2,5.1,12.6,7.0,17.2,High
18.5,82.5,12.5,5.0,14.3,Low
18.0,65.4,9.2,4.0,0.3,Low
39.6,63.7,9.5,7.9,47.5,High
31.0,22.1,4.6,2.4,10.6,Low
28.7,47.1,27.3,3.8,8.1,Medium
23.5,48.5,30.6,1.6,25.4,Low
35.5,43.6,2.6,1.1,13.2,Low
25.6,26.3,22.5,2.5,26.0,Medium
29.8,3.2,15.9,2.7,7.1,Medium
17.9,28.4,3.1,2.5,47.3,Low
27.5,1.0,13.8,4.7,28.4,High
29.6,35.9,17.3,4.7,11.3,Medium
32.8,31.5,17.5,0.7,23.6,Low
31.0,19.3,8.4,7.2,30.5,High
25.0,53.8,4.6,0.8,51.4,Low
30.6,37.4,8.6,0.2,16.4,Low
36.8,39.0,31.8,7.9,1.6,High
14.6,75.6,2.8,1.9,14.4,Low
26.5,37.9,13.3,6.0,34.1,Low
29.9,55.0,20.4,3.4,42.9,Medium
19.7,21.2,10.7,2.2,19.3,Medium
36.4,50.6,25.0,1.7,23.9,Medium
33.4,42.7,15.9,6.1,31.9,Medium
37.0,47.0,10.4,2.4,8.7,Medium
47.4,18.1,7.5,8.1,132.1,High
31.0,20.1,22.9,0.7,33.9,Medium
25.5,37.4,45.5,9.0,36.9,High
36.4,74.3,10.0,0.0,39.1,Low
22.7,13.3,11.7,5.8,20.6,High
32.2,82.0,25.8,1.7,19.0,Low
37.3,29.5,4.1,0.5,52.5,Low
35.5,46.8,72.9,4.7,8.8,High
40.7,67.1,28.7,6.9,35.5,High
25.5,37.2,17.3,4.5,11.5,Medium
34.4,39.6,23.4,4.9,32.3,Medium
28.8,76.8,15.8,5.6,6.2,Low
30.3,69.1,8.6,6.7,11.3,Medium
30.3,60.4,2.4,9.6,6.8,High
32.9,41.8,19.8,2.9,4.5,High
27.7,43.3,11.6,6.3,12.3,High
15.2,21.4,8.9,3.4,0.7,Medium
29.4,38.7,10.8,4.5,9.0,Medium
31.3,46.5,37.2,6.9,43.1,High
27.6,44.3,4.9,5.5,12.9,Medium
31.9,51.5,10.9,2.9,39.4,Medium
26.9,69.5,11.7,5.3,59.6,Low
25.6,11.7,12.2,6.0,3.1,High
40.5,31.1,17.0,6.8,25.4,High
48.3,70.2,9.6,8.2,25.2,Medium
35.9,99.3,9.0,10.0,17.1,Medium
22.8,21.4,46.4,5.0,46.2,High
30.0,31.2,7.6,1.9,41.9,Low
29.4,16.2,7.6,5.9,7.9,High
34.0,1.0,5.7,1.3,11.0,Medium
29.7,51.0,11.3,10.0,9.4,High
33.5,58.1,30.3,3.4,11.2,High
44.1,38.4,13.1,7.8,12.8,High
11.4,38.6,11.0,5.9,5.5,Medium
23.4,42.6,18.6,5.7,61.2,Low
36.6,32.5,17.3,0.6,36.4,Low
27.6,44.0,20.9,2.8,3.3,Low
33.3,75.5,28.7,3.9,50.5,Low
26.3,26.8,16.5,4.0,22.8,Medium
42.0,38.8,16.0,5.3,15.8,High
38.5,42.2,31.0,3.1,9.4,High
30.7,32.5,11.9,6.4,17.1,High
43.1,46.5,14.2,4.7,54.6,Medium
30.8,1.0,25.8,6.8,11.6,High
28.6,57.6,10.2,0.8,30.2,Low
41.2,23.6,12.8,7.2,25.5,High
15.4,26.5,25.0,9.6,7.6,High
29.5,41.3,20.9,4.6,28.7,Low
31.2,14.4,4.2,8.4,23.5,High
26.0,74.3,29.5,4.9,0.7,Low
21.3,26.9,62.3,3.8,20.7,High
27.4,100.0,0.6,5.6,41.4,Low
14.4,58.9,10.0,9.4,12.2,Medium
42.0,32.5,17.0,9.2,10.7,High
42.4,38.3,21.3,0.7,22.7,High
28.7,48.3,1.0,2.1,6.4,Low
25.2,82.4,5.6,4.8,14.6,Medium
14.7,65.9,14.3,3.0,42.7,Low
22.1,64.3,14.8,6.1,81.6,Low
41.3,38.3,22.1,4.6,17.5,High
28.1,32.5,6.7,3.7,37.0,Medium
23.4,59.0,22.7,10.0,40.5,High
28.4,74.3,11.0,7.2,3.7,Medium
23.1,42.0,10.3,7.0,2.5,Medium
13.8,29.9,19.2,2.7,16.8,Medium
25.2,22.3,7.9,4.9,15.4,Medium
18.6,8.2,9.2,4.6,5.3,Medium
31.9,35.2,15.5,5.3,26.2,Medium
36.4,39.4,7.9,3.8,8.5,High
21.6,44.6,10.8,7.6,3.3,Medium
29.8,56.9,11.2,8.7,57.6,High
27.9,34.7,6.9,7.1,20.0,High
21.4,84.5,23.6,4.7,34.6,Medium
7.5,19.9,3.3,3.9,9.5,Low
18.8,60.0,13.9,8.0,1.3,Low
21.0,18.2,24.8,5.9,9.0,Medium
29.3,26.3,10.0,6.6,46.4,Medium
30.2,51.2,17.3,5.9,30.4,Medium
39.2,68.0,20.4,2.9,43.8,Low
18.7,38.9,3.9,9.4,6.0,Medium
20.6,46.9,22.0,10.0,48.9,Medium
22.2,72.8,19.8,3.8,32.3,Low
26.3,18.1,31.4,4.9,2.6,High
30.0,61.9,47.7,3.9,33.3,Medium
31.9,29.8,14.2,3.1,14.5,Medium
11.1,50.3,27.7,6.7,25.1,Low
38.8,56.9,8.3,3.4,12.0,Medium
32.2,19.1,31.8,2.3,7.1,High
35.9,28.6,2.5,6.2,16.9,High
6.5,59.6,15.2,2.6,22.3,Low
35.5,39.3,9.3,3.3,9.3,High
19.0,29.3,11.8,3.1,199.0,Low
23.9,49.3,16.9,6.3,3.8,Medium
40.9,21.3,3.3,5.2,40.6,Medium
33.9,19.0,5.4,0.0,0.4,Low
21.9,1.0,21.8,5.8,17.7,High
35.2,52.9,17.1,2.7,3.5,Medium
31.2,45.7,31.9,9.3,27.2,High
24.3,56.9,52.9,0.0,10.7,Low
32.3,71.9,5.2,6.1,0.7,Low
24.6,39.7,17.4,7.2,14.0,High
31.5,43.5,22.5,1.6,8.9,Medium
31.4,52.6,14.3,4.2,12.3,Medium
32.5,32.5,3.4,5.3,13.4,High
45.3,12.9,11.6,4.6,7.6,High
36.5,19.7,14.5,6.4,36.9,High
37.0,44.1,61.6,5.4,97.4,High
23.3,67.0,12.2,7.2,20.9,Low
14.3,79.5,9.6,5.9,27.9,Low
26.3,38.7,15.5,5.3,8.0,Low
23.6,48.7,16.6,4.2,55.4,Low
33.4,86.2,17.4,5.7,6.0,Medium
26.2,56.4,8.3,9.9,15.8,Medium
39.9,48.0,17.8,4.8,20.0,Medium
12.3,49.6,14.5,1.4,48.9,Low
25.5,57.8,12.0,8.1,0.8,Medium
31.4,18.2,29.5,10.0,7.4,High
19.2,61.7,10.3,6.6,27.0,Low
36.1,54.7,17.5,10.0,19.4,High
35.9,68.9,6.5,5.4,25.0,Low
24.1,55.9,8.4,10.0,5.0,High
51.8,67.5,7.9,0.9,17.3,Low
17.9,24.7,5.6,4.6,12.3,Medium
15.9,31.9,5.6,6.7,36.3,Medium
23.7,48.4,17.0,2.9,9.6,Medium
29.7,28.5,15.4,8.3,6.3,High
13.5,63.8,3.5,6.5,14.0,Low
33.6,13.9,1.7,4.4,42.1,High
50.1,41.5,15.2,6.2,4.0,High
15.5,32.5,8.6,5.6,27.6,Low
29.8,28.7,14.9,6.8,12.1,High
36.6,14.8,0.6,4.3,2.7,High
34.9,45.9,7.9,0.0,0.5,Medium
47.4,43.2,35.0,7.4,44.7,High
23.8,86.9,13.9,4.8,29.0,Low
45.9,99.7,17.7,2.8,6.7,Low
27.5,21.5,19.4,4.0,15.7,Medium
23.4,3.1,12.4,4.4,71.7,High
44.9,18.6,9.4,0.8,9.0,Medium
24.7,43.6,3.3,2.5,82.7,Low
37.6,69.8,20.8,4.7,63.0,Low
23.6,34.4,11.9,4.5,44.4,Medium
16.5,57.7,6.4,2.4,17.5,Low
16.6,27.4,10.7,1.4,21.6,Medium
34.4,34.3,31.4,2.6,59.5,Low
18.4,48.7,8.6,5.8,27.5,Medium
26.1,44.8,8.2,3.2,23.9,Low
22.2,44.2,4.0,7.4,15.3,Medium
20.1,21.2,2.8,8.3,16.0,High
21.2,72.0,4.4,9.9,1.3,Medium
29.9,71.8,18.8,6.7,1.0,Medium
1.2,72.2,20.2,6.2,21.5,Low
35.6,30.1,43.7,8.9,27.4,High
16.3,47.6,7.6,1.6,7.4,Low
17.5,33.5,2.1,6.8,13.9,Medium
15.0,23.6,2.7,7.7,16.4,Medium
30.4,51.3,10.7,5.0,18.4,Medium
41.2,1.0,32.1,7.3,13.6,High
26.8,63.6,12.2,4.1,11.6,Low
31.9,19.4,15.2,5.1,7.6,High
32.8,38.1,10.0,6.0,18.6,High
34.7,1.0,5.4,5.9,40.0,High
19.0,84.8,21.5,1.1,10.5,Low
42.3,59.5,26.6,3.6,48.0,Medium
25.0,46.9,8.9,5.1,19.8,Low
30.5,29.9,17.7,6.1,20.2,High
26.7,21.6,9.0,6.9,27.0,Medium
24.0,40.6,17.0,5.1,8.9,Medium
36.5,51.6,1.2,8.1,37.0,Medium
33.7,39.9,13.1,4.2,8.0,High
8.3,56.7,9.0,7.4,14.0,Medium
31.8,85.8,21.8,4.6,9.5,Low
46.9,21.4,25.1,2.4,4.4,High
29.7,50.2,5.5,10.0,10.5,Medium
23.4,83.3,22.4,6.4,20.9,Low
24.5,38.2,11.4,0.0,29.4,Low
22.9,41.9,7.1,7.5,16.4,Low
17.7,55.1,16.7,5.5,4.7,Medium
26.3,59.9,36.3,7.4,60.1,Medium
26.3,68.1,12.4,6.5,55.2,Medium
33.4,47.4,12.3,2.9,15.1,Medium
23.3,27.5,13.0,7.6,14.9,Medium
46.1,57.3,25.4,3.1,33.6,Medium
19.6,23.7,6.8,2.7,29.9,Medium
29.3,52.3,5.0,4.1,12.9,Low
21.3,46.7,10.8,2.1,2.9,Low
23.2,46.2,25.5,6.4,30.3,Medium
25.5,43.2,22.1,10.0,11.0,High
29.8,67.0,29.9,1.9,43.7,Low
35.2,58.6,31.2,8.8,8.7,High
23.8,60.3,12.1,3.3,12.8,Low
14.5,34.8,12.5,3.3,22.8,Medium
40.3,8.9,5.0,1.8,1.3,High
19.2,36.3,11.9,6.0,47.6,Low
25.8,54.6,14.7,1.3,51.2,Low
28.5,45.7,4.5,3.7,10.7,Low
27.1,35.5,54.4,8.1,37.6,High
15.3,49.9,16.9,9.4,38.6,Medium
35.8,39.1,12.1,2.3,17.9,Medium
2.6,46.1,27.1,4.1,84.3,Low
36.8,1.2,29.7,4.6,5.0,High
38.4,61.9,1.4,0.9,42.6,Low
36.1,58.5,21.3,3.4,8.5,High
25.3,91.5,4.3,3.2,6.0,Low
29.2,29.3,32.9,6.4,25.8,High
22.0,33.9,4.6,5.7,8.9,Medium
28.6,48.8,7.6,5.3,37.8,Medium
33.7,44.2,14.4,4.4,36.1,Medium
18.1,79.8,5.4,8.7,16.6,Low
26.8,36.0,12.2,4.9,7.1,Medium
23.7,41.6,32.3,7.8,21.2,Medium
38.6,32.6,1.9,6.7,8.0,High
19.5,78.5,10.5,5.4,12.1,Low
33.6,55.7,15.0,7.5,29.8,High
27.5,79.6,23.2,4.1,28.8,Medium
26.9,100.0,19.7,2.5,5.0,Low
33.9,28.2,25.1,4.9,15.9,High
24.5,68.7,23.6,9.2,22.3,High
28.9,39.4,14.0,5.6,20.3,High
38.0,29.9,4.7,3.6,8.1,Medium
21.0,12.7,3.3,2.7,14.2,Low
30.4,91.8,14.7,0.7,49.0,Low
35.9,67.0,19.5,2.7,18.7,Medium
32.2,40.0,22.5,5.8,42.3,High
39.5,58.7,4.4,4.3,19.2,Medium
26.9,5.2,28.7,5.6,52.7,High
34.0,42.9,22.9,2.4,36.5,Low
37.9,28.2,9.7,7.9,56.3,High
12.8,76.8,32.7,7.1,17.1,Low
24.3,78.3,20.6,3.4,7.5,Low
31.4,64.6,46.0,1.0,7.3,Medium
36.3,65.8,25.5,5.7,51.9,Medium
30.2,30.7,10.6,0.0,54.7,Low
40.6,60.8,7.6,1.3,27.5,Medium
23.2,14.7,33.7,3.9,14.1,High
16.9,11.7,14.6,2.5,60.1,Medium
35.2,42.7,21.3,8.6,1.7,High
27.0,56.7,15.9,4.1,37.5,Low
20.5,58.2,29.9,6.4,27.3,Medium
43.4,17.3,24.5,0.0,15.9,Medium
34.7,10.9,4.4,0.0,9.7,Low
33.9,35.1,30.3,3.1,21.4,Medium
42.3,25.7,47.2,5.6,16.5,High
24.5,58.5,36.1,1.4,22.8,High
40.7,22.7,15.4,6.0,4.7,High
31.8,87.8,11.8,8.8,84.9,Low
22.7,53.0,38.9,2.8,53.1,Low
27.9,41.8,34.6,5.0,11.3,Medium
29.7,19.8,20.9,4.2,21.4,High
38.0,15.9,20.2,3.8,52.3,High
15.8,37.9,16.6,5.9,17.9,Medium
12.3,32.3,4.0,5.0,25.9,Low
20.9,6.9,18.9,4.5,35.4,High
27.4,75.2,24.1,5.4,42.1,Medium
34.4,20.7,18.6,7.4,13.4,High
23.9,52.8,0.9,6.7,13.3,Low
31.8,54.7,25.2,0.1,20.0,Medium
42.4,9.4,26.5,2.5,71.9,High
12.7,36.5,8.2,6.6,24.2,Medium
26.8,14.0,7.8,10.0,14.1,High
49.8,54.0,5.9,3.2,4.3,Medium
21.6,46.4,19.1,0.8,29.5,Low
20.6,43.3,13.0,10.0,16.8,High
32.7,27.0,13.1,8.5,23.0,High
23.2,71.0,13.3,8.4,18.1,Medium
37.7,36.7,14.4,5.3,42.6,Medium
50.3,12.5,16.6,4.9,49.9,High
28.7,24.2,9.8,4.6,25.5,Medium
52.6,1.0,6.8,7.1,21.8,High
23.9,30.6,20.6,8.5,0.8,High
26.5,25.0,28.6,5.5,17.0,High
19.4,60.3,20.2,7.2,12.3,Low
23.9,57.6,52.1,8.9,8.8,High
25.9,49.7,4.8,7.6,46.0,Medium
31.7,65.8,16.4,6.6,37.6,Low
16.8,19.1,25.1,3.0,45.2,Medium
23.3,52.0,10.6,3.2,7.1,Medium
23.6,13.4,33.3,0.2,35.3,Medium
36.0,34.5,19.6,6.1,8.1,High
29.0,52.5,23.2,5.3,49.8,Medium
29.1,33.3,22.5,8.6,22.5,Medium
28.7,80.9,18.2,6.3,87.6,Medium
12.3,37.3,10.2,4.1,30.6,Low
42.5,62.6,41.7,3.6,26.8,High
19.7,39.2,13.1,6.0,17.5,Medium
36.0,47.9,27.1,5.7,18.3,High
26.0,37.0,17.8,10.0,6.8,High
22.5,48.9,10.7,4.7,5.4,Medium
37.4,83.0,10.7,6.4,69.0,Low
17.3,78.9,12.1,9.6,28.8,Low
18.0,34.3,29.0,4.6,24.8,Medium
29.4,40.0,11.4,4.1,15.4,Medium
29.7,46.1,7.2,1.3,24.4,Low
35.4,59.1,3.2,4.0,39.6,Medium
34.4,85.8,32.0,6.1,17.2,Low
27.4,73.3,46.7,8.8,27.4,High
28.9,39.1,16.0,1.2,15.0,Low
26.7,53.9,22.8,2.5,26.9,Medium
40.8,50.0,9.6,0.0,42.5,Low
19.2,31.7,16.4,10.0,13.7,High
28.3,67.3,6.3,5.5,5.5,Low
34.9,1.0,15.9,3.8,34.3,High
38.0,67.1,70.2,0.0,20.7,Medium
22.0,54.1,2.9,5.0,4.8,Low
19.3,5.3,10.7,3.9,14.7,Medium
16.8,22.1,22.6,0.0,11.1,Low
24.9,1.0,37.1,4.2,8.6,High
30.3,82.3,37.3,8.4,42.6,High
23.8,23.2,18.2,4.3,10.6,Medium
34.3,65.0,14.9,8.3,63.2,Medium
27.4,65.8,8.7,9.4,20.7,Medium
33.5,42.3,19.5,4.2,6.1,Medium
29.3,30.4,32.5,4.7,26.7,High
12.8,56.3,28.2,6.4,56.2,Low
17.7,49.7,3.6,7.9,9.6,Low
38.4,65.6,6.3,9.0,31.3,High
19.6,19.2,13.9,9.3,14.6,High
35.7,67.5,6.0,2.9,2.5,Medium
29.1,74.6,20.2,9.1,3.4,High
19.1,39.4,2.7,6.4,39.4,Medium
34.7,24.0,5.3,3.5,48.3,Low
23.7,34.4,28.3,1.8,5.0,Low
29.4,30.9,25.6,2.8,16.5,Medium
26.1,41.0,3.3,6.0,32.6,Medium
3.7,28.8,29.0,3.6,92.0,Low
34.1,55.0,8.5,6.0,41.0,Medium
34.9,59.0,41.8,1.8,66.9,Medium
23.6,37.1,27.4,2.9,26.4,Medium
33.8,2.0,12.0,4.7,2.3,High
20.2,54.7,20.2,4.5,2.1,Low
20.3,12.5,13.7,1.4,17.4,Medium
30.2,50.5,28.3,3.2,31.7,Medium
21.7,46.6,3.8,0.1,10.1,Low
26.8,37.8,18.8,5.2,5.4,Medium
19.5,59.2,5.3,9.3,28.4,Low
16.4,53.0,31.0,2.9,61.1,Low
29.9,53.5,23.2,2.3,58.4,Low
30.0,63.1,2.1,7.8,15.9,Medium
28.2,35.9,9.9,1.7,0.7,Low
25.4,35.6,20.3,7.8,13.3,Medium
21.7,68.7,1.9,1.6,53.5,Low
18.3,59.1,7.9,4.0,10.4,Low
17.9,34.7,22.7,4.3,7.9,Medium
22.6,1.0,3.6,7.0,23.6,High
37.2,53.6,5.5,10.0,32.8,High
30.1,55.7,10.0,4.0,30.1,Low
31.2,18.3,8.8,4.9,20.4,High
16.7,26.3,16.5,0.2,1.6,Low
29.7,36.0,39.1,4.9,54.2,Medium
31.0,55.0,18.3,8.2,10.3,Medium
42.3,99.6,14.4,10.0,15.3,Medium
27.8,69.6,23.6,4.0,9.1,Low
24.5,11.8,11.2,7.0,22.0,High
21.1,35.4,26.4,8.2,12.0,High
28.5,42.9,13.2,1.0,22.0,Low
26.2,56.1,29.2,9.0,40.7,High
38.1,27.1,6.2,2.7,11.3,High
36.1,57.9,7.2,5.7,3.3,Medium
19.0,33.7,22.6,1.5,13.3,Low
27.8,57.8,9.7,4.0,13.2,Low
50.0,46.7,16.7,0.3,13.5,High
14.8,90.0,17.6,5.7,5.2,Low
26.3,66.5,6.4,9.3,26.3,Medium
34.8,73.9,11.7,5.1,17.6,Low
25.9,21.7,6.0,1.0,10.2,Low
25.1,33.3,10.7,4.1,3.9,High
23.8,52.2,16.1,5.6,24.3,Medium
18.4,17.9,24.4,4.6,15.5,High
26.5,68.0,43.9,6.9,57.1,Medium
37.2,47.9,28.2,10.0,0.4,High
16.6,69.2,18.0,4.8,38.6,Low
30.4,55.6,41.6,4.6,47.9,Medium
37.7,46.0,8.5,3.0,25.3,Medium
27.8,42.3,28.3,7.9,15.9,High
24.2,28.1,3.9,10.0,33.2,High
34.1,26.8,14.0,4.5,20.5,High
19.9,64.6,13.7,5.7,29.6,Low
31.8,59.7,8.9,5.5,4.1,Medium
26.5,72.1,11.8,2.8,12.1,Low
28.6,33.0,16.7,7.1,17.2,High
43.1,69.7,6.5,4.9,20.8,Medium
38.4,41.1,18.6,5.6,4.1,High
41.3,57.8,4.4,7.7,8.5,High
20.6,73.4,9.5,4.1,1.9,Low
18.8,90.6,6.0,5.3,13.0,Low
32.2,68.6,9.3,3.0,24.2,Low
30.9,49.5,5.4,1.9,39.0,Low
10.2,57.3,20.6,5.3,46.2,Low
31.0,72.5,56.6,5.6,61.0,Medium
46.4,60.6,13.2,7.6,30.5,High
45.1,36.2,17.0,2.9,60.4,Low
21.7,58.5,14.3,2.1,27.1,Low
34.4,73.7,5.4,10.0,32.7,Medium
20.0,84.9,27.6,5.4,11.2,Low
27.1,46.4,45.0,1.1,37.0,Low
20.6,20.4,17.6,4.8,13.2,High
17.5,5.8,18.1,3.2,19.7,Medium
35.9,62.5,29.2,6.0,20.5,Medium
30.6,11.3,38.8,3.8,20.2,High
32.0,52.0,8.9,8.5,7.0,Medium
33.7,68.7,27.0,1.4,10.5,Low
29.8,41.4,43.4,8.6,23.0,High
18.7,12.1,6.1,7.1,10.9,Medium
29.9,17.3,10.9,5.9,9.0,High
26.0,24.8,32.6,7.9,11.3,High
26.3,42.3,9.0,8.4,34.6,High
19.5,71.5,14.6,5.0,19.3,Low
14.4,45.3,11.7,9.6,19.8,Medium
22.9,92.4,9.9,6.7,21.1,Low
32.9,67.9,8.3,3.5,33.5,Medium
27.4,51.5,30.2,1.2,5.1,Low
44.0,43.4,52.8,8.0,23.9,High
27.4,34.1,16.9,5.0,10.9,High
29.8,48.3,35.3,0.0,16.1,Medium
28.1,56.9,4.4,5.9,26.0,Low
18.4,52.1,30.3,4.3,18.7,Medium
27.8,34.0,10.5,3.1,7.4,Medium
18.4,22.3,8.5,7.8,44.7,High
27.4,86.0,23.6,2.8,33.5,Low
12.2,59.0,21.8,3.7,39.8,Low
27.4,52.8,19.6,4.4,2.4,Low
29.3,56.1,7.8,7.8,70.9,Medium
30.0,69.2,34.5,1.7,10.0,Medium
15.1,34.7,9.8,3.2,11.6,Medium
32.3,42.1,18.4,6.2,12.2,High
33.9,28.4,9.6,6.4,33.4,High
19.4,44.8,18.5,1.8,21.5,Low
36.9,30.1,6.7,3.9,4.8,Medium
29.7,22.9,16.6,4.7,4.0,High
27.5,9.4,10.4,5.8,10.3,High
33.1,81.5,1.4,4.4,26.4,Low
42.6,37.6,17.0,9.3,13.4,High
26.7,55.7,11.0,4.7,61.2,Medium
23.6,47.1,15.6,9.2,3.4,High
46.7,55.9,29.5,3.7,53.2,Medium
26.4,1.0,24.6,0.5,10.1,High
31.3,34.7,55.4,10.0,47.8,High
26.4,70.5,44.8,4.8,14.9,Medium
13.5,87.7,15.9,6.0,7.4,Low
25.2,37.0,12.0,0.9,44.1,Low
38.0,39.5,12.6,5.7,10.4,High
20.7,68.5,9.8,7.3,15.1,Medium
39.9,54.7,30.7,1.8,56.2,Medium
34.9,45.7,20.7,4.6,2.8,High
19.0,43.6,13.3,4.8,8.3,Low
17.2,32.4,13.9,1.4,18.3,Medium
16.9,31.7,11.6,9.5,18.9,High
24.3,47.9,27.6,0.0,11.5,Low
18.2,52.0,13.3,0.0,28.2,Low
39.0,53.1,19.6,5.3,85.7,Medium
17.3,29.9,13.8,2.2,41.3,Low
20.0,74.3,16.0,6.9,11.2,Low
41.7,9.3,7.2,4.0,44.1,High
25.6,56.7,8.4,6.1,23.9,Low
31.8,33.1,6.5,1.2,6.9,Medium
32.2,26.0,23.4,3.9,4.1,High
14.9,37.9,12.0,3.8,4.3,Low
35.2,10.0,2.7,10.0,7.1,High
33.5,52.8,16.6,3.7,45.5,Low
33.9,80.5,57.4,0.0,2.7,Low
21.9,30.8,18.3,8.1,20.2,High
30.6,96.7,7.6,4.3,20.3,Low
26.4,26.1,7.8,5.8,27.2,Medium
28.8,35.7,20.9,4.0,25.1,High
21.0,74.9,24.3,1.4,74.2,Low
26.3,18.7,28.2,8.7,23.1,High
36.8,40.0,5.9,2.3,8.2,Low
10.7,82.8,15.3,0.8,61.7,Low
24.7,19.1,3.9,6.3,16.6,High
33.7,58.0,4.2,5.4,16.6,Medium
18.2,56.2,15.2,8.0,44.2,Medium
31.6,2.7,28.5,5.8,2.8,High
32.2,31.5,11.3,4.8,17.0,Medium
26.6,97.4,10.9,7.5,15.2,Low
30.7,49.9,6.3,0.4,6.6,Low
42.7,53.4,19.6,4.5,10.3,High
21.9,50.2,7.2,2.3,24.2,Low
15.5,89.9,25.4,5.7,23.7,Low
24.2,23.6,7.3,7.3,29.1,High
19.0,30.1,13.0,5.8,11.7,High
31.5,42.6,21.8,7.0,5.8,High
23.9,57.2,26.7,8.5,15.9,Medium
33.5,48.4,6.8,6.4,30.4,Medium
30.6,49.0,4.9,7.1,74.1,Medium
21.8,32.9,29.6,10.0,21.9,High
19.7,58.4,10.3,10.0,56.3,Medium
15.5,3.4,16.2,4.6,17.9,High
37.5,33.0,12.4,2.4,25.3,Medium
32.7,26.9,5.3,0.0,34.6,Medium
24.3,20.8,11.8,10.0,62.2,High
33.5,5.8,21.3,3.4,8.3,High
18.1,50.1,1.7,6.3,23.1,Low
20.1,54.5,6.9,6.8,45.7,Low
19.2,54.6,10.9,7.3,3.1,Medium
30.5,65.7,21.7,4.3,61.7,Low
22.6,69.5,29.6,7.2,18.2,Medium
14.9,1.0,7.7,6.5,18.7,High
28.8,58.9,37.4,3.1,46.8,Medium
33.2,49.0,90.0,9.6,51.9,High
26.8,48.8,22.3,6.9,36.5,Medium
38.3,42.3,19.8,1.4,10.1,Medium
35.2,32.9,4.7,4.0,1.8,High
38.1,56.6,8.6,3.9,28.1,Medium
35.1,23.4,6.7,3.4,11.8,Medium
30.1,69.3,5.9,6.7,14.6,Medium
16.8,34.1,23.5,8.6,81.8,Medium
24.9,1.0,16.0,1.9,11.9,High
23.4,47.5,7.9,4.0,11.3,Low
20.0,19.1,19.3,8.2,29.0,High
22.8,18.6,27.9,2.6,67.5,Low
14.8,60.0,29.6,3.0,33.8,Low
36.0,65.6,40.1,0.0,28.4,Low
18.5,42.6,20.5,7.2,7.9,High
35.3,1.0,5.4,5.6,29.6,High
39.9,56.7,28.7,4.1,2.7,High
21.1,38.0,9.3,0.5,11.8,Low
23.0,75.3,20.3,4.0,35.6,Low
32.5,88.3,63.7,0.0,6.8,Low
24.1,11.9,47.1,4.5,25.4,High
20.8,99.4,39.8,10.0,81.6,Low
32.0,10.7,10.8,5.5,20.1,High
21.3,33.2,27.1,8.5,41.9,Medium
47.2,67.6,19.9,8.7,80.4,Medium
33.1,29.1,45.9,3.5,27.7,High
34.0,27.1,11.6,6.7,56.9,High
27.2,7.5,14.6,0.0,102.2,Low
44.8,15.6,10.2,5.8,1.6,High
21.3,27.1,43.1,8.0,16.9,High
34.8,62.0,17.0,6.5,16.9,Medium
16.0,81.9,18.3,4.0,13.0,Low
48.6,28.3,15.2,8.5,2.2,High
35.4,36.2,21.7,8.2,4.8,High
19.5,23.1,59.7,4.9,7.4,High
32.7,11.4,7.5,9.2,68.8,High
37.6,11.4,20.8,6.5,12.5,High
20.0,16.9,2.9,0.5,13.5,Low
23.9,43.9,27.9,5.9,23.5,Medium
19.1,31.2,17.9,3.0,51.5,Low
32.3,36.7,13.8,6.4,12.9,Medium
29.6,53.7,44.1,0.0,73.4,Low
28.3,43.0,63.0,9.5,2.4,High
20.8,19.4,25.2,8.1,16.7,High
26.1,66.1,24.2,9.5,8.1,Medium
21.6,1.0,22.3,5.0,29.0,Medium
32.4,28.0,5.2,8.2,3.0,High
18.5,82.9,1.5,5.6,29.9,Low
20.8,52.5,45.7,2.2,15.1,Low
35.3,5.4,16.9,2.7,64.8,High
24.0,10.2,17.9,4.0,42.8,High
43.8,37.5,19.0,8.5,38.4,High
29.8,34.3,33.0,8.4,23.8,High
11.7,60.6,5.2,3.2,10.6,Low
16.1,69.9,7.8,7.0,7.9,Low
22.7,33.7,45.6,5.0,12.2,High
34.7,42.7,15.8,2.4,14.6,Medium
33.8,22.3,16.7,1.7,12.2,Medium
23.6,41.5,15.7,4.4,12.2,Medium
39.1,22.4,45.2,7.6,11.8,High
31.0,45.5,10.9,3.6,17.0,Medium
25.1,31.2,13.3,7.2,18.9,High
38.6,58.8,36.9,5.9,35.9,High
20.7,68.1,8.0,0.4,7.3,Low
33.0,73.5,10.6,10.0,12.6,Medium
33.9,45.8,10.7,8.3,19.3,Medium
33.6,58.4,7.5,1.1,7.3,Low
26.6,34.0,36.8,6.1,2.3,High
35.8,26.5,5.1,9.1,37.7,High
44.6,14.9,51.8,6.1,20.1,High
26.6,52.9,28.8,3.8,11.1,Low
28.6,1.0,32.3,4.7,33.8,High
36.3,64.2,27.8,4.3,29.7,Medium
25.6,37.1,15.2,4.6,27.4,Medium
25.4,38.6,12.7,8.1,56.9,Medium
17.6,59.8,20.0,6.3,10.3,Low
12.5,4.7,17.5,2.6,11.9,Medium
17.8,40.1,5.2,4.2,16.6,Low
35.8,79.7,15.5,3.9,35.9,Low
18.8,38.8,23.1,5.8,1.3,High
32.4,15.9,24.5,1.9,37.7,Medium
41.4,37.4,24.5,0.8,14.5,Low
29.4,73.8,8.6,2.4,9.2,Low
20.1,28.2,52.0,0.6,64.7,Medium
26.8,11.1,14.9,0.7,18.3,Medium
31.4,34.7,11.6,8.4,53.3,High
31.5,14.1,53.0,4.6,2.4,High
29.1,1.0,18.7,6.0,13.6,High
33.7,61.6,12.6,5.2,26.6,Medium
37.0,68.1,6.1,5.3,36.5,Low
23.7,54.2,3.6,5.8,20.1,Medium
40.6,64.7,15.2,6.6,6.7,High
31.0,36.1,13.2,6.0,8.0,High
8.0,74.7,5.8,10.0,18.7,Low
26.3,31.2,9.7,2.1,1.5,Medium
26.4,45.0,42.5,2.0,49.4,Medium
37.7,26.4,8.8,3.5,22.9,High
22.8,14.2,17.4,1.3,0.9,High
29.3,31.0,42.1,4.2,20.5,High
15.2,94.0,11.4,2.3,9.5,Low
20.5,78.7,29.2,5.2,45.8,Low
35.2,62.1,36.9,5.2,29.4,High
17.0,35.6,29.8,1.3,28.3,Low
36.7,35.1,21.1,7.1,30.7,High
38.3,82.7,5.6,2.8,17.0,Low
39.2,45.5,4.8,2.4,35.0,Low
41.9,62.4,42.1,6.2,7.7,High
35.0,32.8,44.3,5.0,46.5,High
31.8,38.5,5.3,5.0,38.5,High
33.6,62.2,27.5,2.2,5.9,Low
28.6,28.8,11.0,1.9,2.7,Medium
24.6,52.7,14.2,7.2,9.9,Medium
34.9,29.6,24.1,4.8,20.1,High
32.0,56.2,7.5,5.6,5.8,Medium
35.9,28.9,37.6,5.4,7.6,High
26.1,83.6,12.0,6.9,10.5,Low
26.9,43.6,41.4,4.8,20.4,Medium
29.9,62.0,27.8,4.4,58.9,Medium
26.9,44.5,26.8,7.0,17.4,High
53.6,34.0,18.7,10.0,2.7,High
45.4,57.6,5.3,1.5,42.9,Low
28.0,70.4,2.8,3.5,27.1,Medium
26.8,13.1,11.5,5.8,8.2,High
32.0,47.9,7.1,0.0,8.6,Low
24.1,42.6,4.8,8.1,26.3,Medium
24.0,49.6,25.9,7.2,23.2,Medium
28.4,74.8,17.6,5.1,29.5,Low
24.7,63.0,14.0,6.3,27.2,Low
29.7,70.4,14.5,9.2,8.4,Medium
31.3,50.8,17.1,5.8,22.6,Medium
-0.6,35.5,32.0,1.5,34.0,Low
10.7,1.0,0.8,7.7,39.6,Medium
20.4,76.1,21.2,7.6,16.8,Medium
30.5,1.0,2.0,5.6,20.2,High
21.1,79.9,13.0,10.0,12.3,Medium
48.8,61.3,19.3,4.7,13.3,High
36.1,88.3,44.4,0.0,15.1,Medium
45.6,50.8,22.2,5.7,23.7,High
36.1,56.0,8.4,5.4,23.7,Medium
13.7,40.9,28.7,10.0,26.8,High
17.5,46.7,28.4,6.0,3.6,Medium
23.4,29.1,28.6,4.3,6.5,High
17.2,42.4,8.8,1.5,9.3,Low
37.7,26.4,18.2,10.0,16.4,High
26.6,46.0,10.4,0.0,11.1,Low
29.8,44.4,10.6,6.3,48.8,Medium
40.4,44.6,13.1,0.0,21.3,Low
45.3,43.0,12.3,4.2,23.0,High
25.6,31.4,7.1,4.0,5.8,Low
15.7,57.3,42.1,3.1,44.5,Low
17.3,51.9,15.2,4.0,31.7,Low
38.3,51.1,21.2,5.4,22.8,Medium
30.4,24.3,31.4,3.7,12.5,Medium
20.0,59.8,1.1,4.7,7.5,Medium
34.4,28.2,10.8,3.1,13.8,High
18.3,33.5,37.7,4.3,43.6,Low
12.0,47.0,8.4,7.7,3.9,Low
9.9,70.3,13.9,3.7,26.4,Low
15.0,18.4,1.0,9.4,14.1,High
38.4,23.2,11.5,7.7,7.5,High
26.2,1.8,11.4,7.3,51.6,High
27.7,56.1,7.1,5.0,5.0,Medium
29.7,37.6,17.0,2.3,6.6,Medium
18.9,54.3,18.2,5.3,4.2,Medium
23.7,52.4,7.0,9.9,8.2,High
24.5,62.3,28.2,2.7,18.0,Low
19.6,45.0,15.1,5.8,6.2,Low
23.6,29.4,29.6,2.5,8.4,High
26.9,50.1,4.9,3.9,22.7,Low
25.8,54.1,17.6,5.8,77.2,Low
31.9,37.3,12.7,6.0,28.2,Medium
23.6,47.0,19.7,5.3,15.4,Medium
41.9,15.4,8.1,6.7,6.0,High
18.7,17.0,13.1,6.3,42.5,High
23.2,8.5,12.7,4.1,18.3,Medium
31.5,51.3,27.1,7.0,3.6,High
33.6,61.3,48.2,2.3,30.3,Medium
17.1,13.6,18.1,4.3,24.8,High
27.1,48.5,12.5,3.7,14.3,Medium
35.2,54.8,1.3,6.0,12.9,Medium
13.6,36.2,27.8,0.0,10.4,Low
27.2,80.2,12.2,3.9,70.5,Low
14.6,12.9,6.1,6.3,9.0,Medium
20.7,36.7,21.5,10.0,76.0,Medium
28.8,1.0,9.0,5.1,27.7,High
26.0,52.6,6.5,2.0,25.3,Low
17.7,28.9,28.6,6.9,27.4,High
39.0,1.5,23.0,3.1,29.1,High
25.0,58.1,7.9,1.2,10.0,Low
32.9,41.5,11.9,5.5,36.7,Medium
41.5,38.2,11.8,8.7,56.3,High
21.9,69.8,2.9,2.8,20.1,Low
33.5,27.8,11.4,4.4,29.3,High
31.7,59.2,8.8,6.9,24.0,Medium
15.5,62.4,21.0,7.9,17.5,Medium
38.9,32.6,20.1,9.0,15.1,High
28.9,45.2,17.4,3.0,20.4,Medium
23.2,81.9,25.1,4.6,56.0,Low
13.4,22.8,13.4,0.0,1.8,Low
16.5,57.2,8.1,3.9,53.5,Low
27.0,46.4,35.8,2.1,1.2,Medium
16.0,73.0,30.9,5.4,12.6,Low
33.7,44.3,16.5,7.5,28.9,Medium
24.6,60.1,34.9,6.9,39.9,High
13.9,9.8,25.6,1.8,18.7,Medium
22.0,1.0,25.5,3.9,47.2,Medium
18.4,21.9,17.7,6.3,33.3,Medium
17.0,35.3,10.2,5.4,8.7,Medium
8.1,37.2,4.2,3.0,47.8,Low
28.9,69.0,18.5,6.0,32.7,Medium
19.4,36.4,3.8,7.1,22.8,Low
44.9,45.5,14.5,4.5,3.1,High
36.9,48.1,15.9,2.2,7.8,Low
42.7,31.1,34.1,6.1,34.9,High
34.4,44.6,18.2,2.6,34.3,Medium
22.7,68.1,7.4,8.7,33.5,Medium
30.9,51.6,14.6,0.0,13.9,Low
25.3,58.1,12.9,4.1,25.4,Low
31.1,52.3,15.7,2.5,7.1,Medium
36.0,81.2,5.5,7.0,0.8,Medium
33.4,21.8,25.4,9.0,21.6,High
28.1,100.0,9.2,3.2,11.8,Low
28.6,66.9,21.0,2.4,11.2,Low
30.0,70.9,2.1,6.8,0.4,Low
38.0,73.8,18.0,0.0,18.5,Low
23.6,67.8,11.7,5.7,22.2,Medium
25.7,16.6,42.0,4.9,20.2,High
23.4,20.1,1.7,4.4,12.5,Medium
29.2,60.4,25.1,2.7,6.0,Low
33.7,57.7,26.1,0.0,33.8,Low
30.7,64.5,7.7,7.7,17.7,Medium
27.5,46.0,19.1,6.8,5.6,Medium
37.7,16.0,38.3,4.8,64.0,High
20.9,42.6,2.7,5.6,4.0,Low
14.5,61.3,25.1,4.6,19.0,Low
30.9,39.4,5.9,7.8,21.3,High
27.6,44.9,19.3,4.4,29.2,Medium
26.5,45.7,14.3,4.9,15.1,Medium
16.1,33.5,15.4,5.4,64.3,Low
29.8,27.1,8.4,3.9,5.4,High
44.2,91.4,9.0,4.7,2.0,Medium
16.0,79.3,15.1,4.6,4.6,Low
26.6,68.5,2.7,3.1,3.3,Medium
28.7,54.1,8.6,2.3,28.1,Low
24.0,22.9,17.3,4.4,41.2,High
29.5,64.5,23.2,4.2,16.9,Medium
24.0,69.5,8.1,8.0,109.3,Low
29.4,37.4,26.1,2.3,30.2,Medium
25.7,21.5,10.7,3.4,10.8,Medium
23.2,54.4,8.3,5.5,6.0,Medium
27.3,68.5,23.3,6.1,20.3,Low
32.3,30.9,22.2,4.6,12.2,Medium
14.0,56.6,13.5,7.3,17.8,Medium
34.2,25.0,3.9,4.7,6.6,Medium
21.5,20.0,15.0,2.6,48.7,Low
33.6,49.5,3.6,4.9,17.4,Low
22.0,27.1,5.8,7.1,22.8,Medium
34.4,54.5,13.8,7.7,22.3,Medium
27.6,9.5,29.5,7.6,55.0,High
19.6,26.1,12.4,5.5,13.5,Medium
24.1,67.6,11.2,5.7,8.1,Low
38.7,60.2,5.4,6.7,28.1,High
28.5,54.2,3.9,0.4,14.2,Low
23.9,35.2,8.2,3.0,4.9,Low
38.3,45.3,8.7,5.8,25.0,Medium
35.7,40.1,11.6,2.2,16.8,Medium
20.4,96.3,15.3,8.2,12.2,Low
26.2,52.0,36.9,8.0,67.5,Medium
12.1,28.1,16.3,3.5,34.1,Low
35.8,43.2,10.3,2.5,34.4,Medium
28.0,8.0,14.9,6.2,1.6,High
34.0,3.1,17.7,1.4,1.3,High
10.6,77.2,17.4,5.4,5.3,Low
25.5,51.0,15.5,10.0,28.9,High
29.5,35.1,13.4,2.2,63.6,Low
8.9,44.4,13.2,2.8,13.8,Low
33.9,42.7,5.7,3.3,22.4,Medium
25.1,46.5,21.0,2.5,15.5,Medium
12.2,70.3,52.7,2.6,8.2,Low
23.4,56.8,22.5,9.8,3.8,High
32.1,36.0,10.8,5.2,16.7,High
19.8,6.5,6.2,7.5,2.0,Medium
27.6,22.9,10.3,8.4,10.2,High
24.1,61.7,14.6,0.0,47.0,Low
10.1,79.4,14.2,2.8,34.0,Low
33.6,25.7,17.0,2.5,18.6,Medium
35.3,22.4,21.0,0.0,87.9,Low
38.3,35.5,13.4,6.2,9.8,High
28.1,84.3,18.2,5.9,0.0,Medium
32.4,48.2,11.0,8.7,22.9,High
13.5,28.2,20.0,6.3,27.4,Medium
30.2,37.1,7.1,0.0,26.7,Low
25.1,33.4,50.3,3.0,3.2,High
27.3,60.5,33.5,3.2,20.5,Low
17.9,88.0,2.8,6.4,23.3,Low
38.1,47.9,16.6,0.0,29.2,Medium
13.1,69.1,11.9,6.5,62.9,Low
30.4,15.4,32.2,7.2,6.1,High
19.7,96.5,21.8,4.3,23.2,Low
47.1,15.5,18.6,2.8,11.5,High
34.3,71.7,59.5,8.3,14.8,High
27.7,52.4,15.1,1.1,20.5,Low
18.7,17.3,13.8,8.2,5.0,High
36.0,63.4,43.0,7.5,23.9,High
-1.4,44.4,14.4,6.6,2.0,Low
31.5,24.9,7.4,10.0,9.4,High
32.6,45.2,22.2,5.0,27.0,Medium
32.1,8.7,66.7,6.7,51.5,High
35.5,34.4,23.8,4.9,15.8,Medium
22.9,23.8,18.8,4.1,37.4,High
32.9,41.0,5.0,6.5,3.0,High
22.0,6.9,5.9,4.2,51.5,High
20.5,5.6,26.8,5.2,20.6,High
18.7,26.3,9.5,5.2,13.0,Low
25.7,44.2,25.1,3.9,21.5,Medium
38.0,23.6,16.3,7.1,13.6,High
43.4,55.2,28.5,0.0,6.5,Medium
25.6,60.4,16.8,3.1,56.3,Low
22.2,26.4,9.7,2.3,14.3,Low
40.0,75.6,6.3,5.9,23.8,Medium
31.9,38.3,6.5,4.3,11.8,High
28.3,85.3,74.0,1.0,32.9,Low
18.0,39.3,21.4,6.3,27.2,Medium
40.9,20.3,25.3,5.6,14.3,High
28.8,72.0,17.7,5.1,75.1,Low
28.0,22.1,12.4,7.2,45.9,High
32.9,70.0,10.3,6.5,27.9,Low
28.2,47.7,21.2,4.3,20.8,High
41.3,32.8,21.1,6.2,23.4,High
37.1,28.1,34.7,8.8,23.8,High
22.9,43.1,20.0,4.6,3.5,Medium
28.8,60.0,5.1,8.5,47.2,Medium
22.7,44.1,43.9,10.0,31.7,High
45.0,77.5,45.1,5.9,18.3,High
21.5,19.1,3.2,2.2,43.3,Low
26.9,42.9,10.1,4.2,47.6,Low
31.3,69.2,3.9,5.5,3.1,Low
32.6,18.5,29.8,5.1,23.9,High
34.1,67.9,37.6,5.4,49.8,Medium
35.2,45.4,21.3,8.4,29.9,High
34.2,47.4,25.9,2.6,36.9,Medium
24.1,37.5,39.6,6.0,36.2,Medium
23.1,18.4,12.4,7.6,25.2,High
28.3,43.3,63.7,4.3,39.1,High
23.0,32.8,6.9,2.1,58.1,Low
22.1,78.5,26.1,4.4,17.0,Low
24.2,56.2,14.9,2.1,11.7,Low
46.9,45.8,18.5,3.0,18.5,High
41.9,74.0,24.1,6.6,5.2,High
25.8,43.8,18.0,5.7,30.2,Medium
9.4,60.5,16.9,7.0,26.5,Low
22.7,70.6,40.7,6.4,55.3,Medium
35.9,39.0,13.8,4.4,12.2,Medium
13.9,54.6,23.1,2.2,38.1,Low
33.4,35.4,9.6,5.9,58.0,Medium
32.9,70.2,16.7,3.5,62.0,Low
28.2,44.4,14.9,4.6,28.0,High
27.7,75.2,19.3,3.0,15.0,Low
19.9,49.4,11.8,7.5,15.3,Medium
34.3,100.0,24.0,0.0,10.5,Low
30.8,29.4,3.7,6.4,35.2,High
23.7,63.9,16.9,5.4,11.6,Medium
20.9,44.1,7.4,7.5,8.2,Medium
17.3,40.0,9.3,1.6,1.1,Low
31.3,3.2,7.3,4.9,37.6,High
26.2,46.6,13.9,3.8,32.2,Low
26.3,23.6,13.7,4.6,20.1,Medium
13.9,38.2,10.2,5.0,10.9,Medium
18.1,24.4,18.6,3.7,11.5,Medium
17.2,27.4,9.5,4.7,25.1,Low
34.9,21.4,7.9,8.5,15.3,High
29.5,21.6,78.7,9.1,21.2,High
25.5,10.0,11.4,5.7,70.2,Medium
38.0,53.3,25.6,9.1,10.6,High
36.7,45.4,35.8,1.0,15.5,Medium
37.9,60.6,20.8,7.3,28.5,Medium
25.8,36.4,15.1,5.6,30.0,High
15.3,30.5,4.3,4.0,23.6,Medium
43.4,43.1,30.6,6.7,73.2,High
32.7,60.4,48.9,5.4,3.8,High
32.9,51.6,3.9,3.3,23.2,Medium
34.1,45.3,8.7,7.0,39.0,Medium
52.9,59.6,16.7,4.9,17.4,High
27.1,45.1,11.8,3.0,5.7,Low
40.9,32.0,11.4,7.3,31.9,High
20.3,65.0,9.3,0.2,16.2,Low
35.3,17.5,1.8,9.6,23.9,High
44.1,13.8,8.1,7.5,77.1,High
27.6,44.5,18.5,0.0,33.0,Low
10.7,46.9,81.3,8.4,3.2,High
33.1,50.1,9.3,5.2,19.3,Medium
26.0,37.8,16.0,0.0,2.3,Low
35.6,74.8,45.5,0.0,69.0,Low
23.8,12.0,6.1,6.6,90.3,Medium
49.5,48.0,24.4,1.9,2.4,High
29.0,61.7,21.8,2.6,33.8,Low
35.1,75.5,5.8,5.3,40.2,Low
19.0,74.4,11.4,6.4,9.4,Low
17.4,20.9,32.5,5.6,19.4,High
16.3,53.0,4.8,2.5,48.8,Low
16.4,40.3,10.1,2.9,9.1,Low
34.1,44.6,23.5,2.0,13.7,Medium
22.6,69.9,27.3,5.6,0.9,Medium
16.6,86.8,34.2,5.5,94.4,Low
21.7,50.7,21.9,6.1,18.6,Medium
34.3,1.3,3.5,5.5,7.1,High
34.1,8.3,15.9,5.3,11.8,High
37.0,44.0,7.2,7.5,12.7,High
25.5,66.9,8.5,5.3,30.7,Low
46.0,27.7,3.3,7.5,32.4,High
37.7,40.8,58.4,3.9,13.3,High
17.4,80.6,33.6,2.8,17.9,Low
35.3,36.3,9.0,8.4,2.3,High
28.2,83.6,4.6,3.7,18.8,Low
26.5,35.5,6.7,4.7,31.2,Medium
28.1,64.9,10.5,2.7,12.6,Low
22.0,46.7,5.7,10.0,83.5,Medium
37.1,62.1,29.4,0.7,38.0,Medium
22.8,89.2,54.3,7.8,0.3,Medium
23.0,54.2,3.9,0.0,31.8,Low
34.8,72.7,24.7,3.9,60.5,Medium
47.5,25.3,42.7,7.1,23.7,High
23.5,24.5,44.8,9.7,49.0,High
16.8,9.1,17.2,4.3,10.9,High
38.3,21.8,34.2,3.5,19.7,High
29.8,78.4,12.1,5.6,15.1,Medium
32.5,52.3,9.4,9.6,74.4,Medium
28.3,39.1,10.1,5.5,22.1,High
33.3,49.5,23.1,6.4,32.7,High
31.3,60.0,18.0,3.2,58.6,Low
23.3,62.1,26.1,7.5,32.1,Medium
34.3,49.8,12.7,0.6,36.5,Low
32.5,75.4,23.6,8.5,27.6,Medium
24.7,23.6,21.8,8.7,1.1,High
26.4,37.3,35.4,10.0,17.7,High
20.9,70.7,2.4,8.7,18.6,Low
32.2,66.0,7.2,3.5,62.8,Low
32.3,53.2,13.8,9.1,25.2,High
27.7,33.1,23.0,8.2,48.9,High
17.8,62.3,10.0,3.0,62.1,Low
9.8,25.0,25.0,5.6,0.8,Medium
25.9,71.0,14.3,0.0,45.0,Low
30.1,78.5,12.5,1.1,36.1,Low
33.8,32.3,21.3,7.3,43.9,High
38.2,100.0,20.3,9.6,18.4,Medium
24.8,23.1,16.7,7.3,17.0,High
13.8,40.8,45.6,5.2,9.2,Medium
23.4,40.3,2.3,2.1,3.4,Low
47.6,42.7,20.4,6.8,5.2,High
42.8,76.3,2.0,0.0,6.6,Low
31.9,54.6,12.3,6.4,45.8,Medium
24.1,26.7,18.2,2.5,0.7,Medium
27.2,47.4,18.7,7.1,17.9,Medium
43.4,59.6,9.9,7.3,9.9,High
29.9,56.5,21.5,3.4,15.6,Low
24.6,71.9,30.2,7.6,21.5,Medium
39.9,47.0,11.3,0.1,40.9,Low
10.5,62.6,16.9,4.6,64.6,Low
19.0,41.9,20.4,7.2,29.8,Medium
20.8,30.8,4.4,6.7,43.8,Medium
37.0,19.9,21.4,3.4,82.8,High
23.0,79.5,27.7,7.5,16.6,Low
12.0,11.8,33.3,7.6,1.6,Medium
21.8,50.6,21.3,1.7,39.1,Low
23.8,54.0,24.3,4.7,0.6,Low
27.4,23.4,13.8,5.5,38.3,Medium
29.2,64.8,23.7,5.5,12.6,Low
36.7,15.3,31.8,7.3,11.4,High
25.2,32.2,20.5,3.8,5.4,Medium
22.8,66.2,15.2,9.6,22.0,Medium
28.4,16.4,29.1,3.9,7.4,High
30.2,63.0,0.3,1.8,9.0,Low
22.6,69.5,29.2,4.4,5.3,Medium
12.7,68.6,8.2,5.7,19.4,Low
23.6,53.2,3.2,1.7,22.3,Low
35.3,26.6,12.5,4.1,16.7,High
27.3,23.2,13.4,1.5,36.2,Medium
39.2,33.9,5.7,7.0,31.1,High
32.5,1.0,13.2,4.5,7.8,High
23.2,45.5,7.2,0.0,64.8,Low
41.2,42.5,17.0,7.9,40.5,High
20.2,46.7,2.4,1.7,25.0,Low
12.9,39.7,19.7,10.0,21.4,High
31.1,48.9,8.3,3.1,8.5,Medium
20.9,46.7,20.9,3.4,5.6,Medium
27.5,12.9,6.5,5.4,9.0,High
18.4,51.2,34.3,0.0,41.9,Low
28.0,44.5,29.1,6.2,32.5,Medium
32.4,7.0,2.5,7.0,47.2,High
33.7,64.7,22.1,7.5,26.7,Medium
17.8,38.4,18.4,5.8,11.6,High
15.8,59.0,17.1,5.3,7.2,Low
31.6,44.0,6.3,0.8,5.6,Medium
24.6,5.8,5.8,6.4,31.0,High
23.0,50.5,6.9,4.9,3.2,Medium
26.9,55.9,3.1,3.8,29.3,Low
26.5,70.8,8.7,2.1,10.3,Low
31.4,65.2,35.1,6.3,27.3,High
32.4,71.4,17.2,4.1,8.7,Medium
36.9,61.2,7.8,0.0,3.5,Low
25.7,34.2,13.4,4.4,73.7,Medium
37.0,34.7,20.1,2.8,22.3,Medium
33.3,66.8,12.6,7.5,12.3,Medium
35.9,36.5,11.3,4.5,12.5,High
18.0,56.7,3.3,4.3,5.7,Low
27.1,82.6,11.4,5.9,10.1,Low
45.1,31.4,14.2,9.7,10.7,High
15.7,61.0,11.2,6.1,6.0,Low
44.1,27.3,12.8,2.8,26.7,High
43.7,57.9,11.2,0.6,51.4,Low
34.6,80.5,9.1,8.7,2.7,High
15.9,74.5,2.4,0.0,8.3,Low
26.1,36.5,14.0,4.9,51.2,Medium
35.1,79.6,53.1,10.0,37.2,High
16.1,40.1,14.5,0.0,5.9,Low
34.1,95.3,15.5,1.9,25.7,Low
29.0,45.7,4.4,5.6,104.3,Low
22.9,59.6,24.5,2.7,38.4,Low
17.9,58.9,14.5,4.7,15.1,Low
41.1,20.9,41.3,6.2,11.2,High
35.0,75.3,16.2,6.6,32.1,High
26.5,49.8,42.4,8.1,53.0,High
28.3,32.8,90.0,0.6,25.1,High
25.6,28.5,15.3,8.5,20.0,High
11.7,31.7,10.3,8.8,12.8,Medium
39.6,43.3,41.2,7.4,28.0,High
30.0,21.5,12.9,1.8,31.0,Low
36.6,27.0,36.3,1.7,2.5,High
23.9,7.0,20.2,5.8,12.5,High
28.8,27.2,18.6,6.8,14.6,Medium
30.9,75.0,32.5,8.3,34.4,Medium
37.3,71.4,12.3,3.7,8.3,Low
44.1,50.9,17.4,6.8,30.5,High
24.9,91.3,12.7,6.6,7.9,Low
24.9,71.7,9.4,3.2,13.1,Low
25.8,54.6,23.1,3.8,12.8,Medium
22.6,57.0,6.5,0.5,16.8,Low
51.8,47.0,5.2,2.0,11.4,Medium
12.9,17.3,15.5,3.2,1.8,Low
52.2,39.1,5.9,6.5,23.8,High
33.7,1.0,11.9,10.0,2.9,High
27.3,20.9,10.5,6.4,6.1,High
20.5,75.5,13.9,1.5,15.2,Low
27.6,46.7,61.0,3.7,15.7,High
22.9,21.5,12.7,7.9,20.8,High
40.4,56.6,8.2,2.8,20.7,Low
33.7,58.3,36.4,9.2,31.9,High
43.0,78.9,1.4,6.9,5.0,High
25.4,84.1,15.4,4.3,58.0,Low
29.3,62.2,17.6,0.0,11.6,Low
27.1,11.7,19.0,7.8,30.0,High
24.6,95.2,10.1,6.8,16.5,Low
18.7,74.8,71.0,6.3,18.3,High
34.5,63.7,19.1,10.0,33.1,High
31.1,44.6,28.1,2.4,7.9,Medium
27.6,10.9,35.2,9.3,20.2,High
32.5,32.7,6.2,4.5,27.3,Low
24.3,43.9,11.1,5.7,14.5,Medium
28.1,36.2,27.9,5.9,18.0,High
35.8,69.1,29.3,7.3,52.6,High
37.0,43.3,13.3,3.0,41.0,Medium
41.8,27.9,2.8,10.0,14.6,High
18.0,56.0,16.1,1.9,28.9,Low
19.3,26.8,6.3,4.0,9.0,Medium
17.6,9.1,23.9,10.0,24.5,High
22.2,56.2,12.1,8.3,42.9,Medium
25.0,43.4,11.8,4.0,51.4,Low
31.9,48.5,19.3,6.9,30.8,High
38.5,75.3,28.6,2.0,9.3,Low
24.5,50.5,8.2,2.7,55.6,Low
33.2,57.5,5.4,4.0,22.7,Medium
39.5,45.4,4.8,9.0,32.3,High
23.9,62.8,10.9,0.0,25.3,Low
25.5,1.0,15.1,7.5,40.5,High
28.6,28.0,31.5,3.9,19.6,Medium
12.9,36.5,15.2,6.7,78.7,Medium
32.6,34.5,8.2,6.6,74.3,High
17.2,27.6,10.7,4.9,5.3,Medium
35.1,43.2,5.1,2.9,29.2,Low
24.1,42.0,33.4,3.1,39.7,Low
23.4,43.2,13.0,4.1,60.7,Medium
19.2,49.4,12.8,0.4,44.6,Low
32.9,56.0,8.4,5.3,12.7,Medium
32.8,27.9,13.3,3.0,17.6,Medium
23.9,33.5,39.7,3.7,7.5,Medium
44.2,65.3,6.4,4.4,23.7,Medium
28.3,24.3,4.3,7.1,0.7,High
27.9,27.2,27.6,8.5,31.5,High
28.5,28.0,30.4,8.8,38.0,High
21.9,40.6,7.8,6.1,31.0,Medium
19.1,67.0,18.9,3.9,6.6,Low
24.6,56.5,14.9,1.3,18.2,Low
33.7,25.8,12.8,10.0,25.9,High
11.3,84.9,53.9,10.0,21.8,High
14.5,29.7,9.5,7.5,18.2,Low
22.5,9.3,30.4,6.8,11.1,High
11.9,85.1,7.9,4.0,17.3,Low
15.2,26.6,18.8,5.4,17.7,Medium
35.3,42.6,9.3,7.6,3.5,High
24.1,42.1,13.4,0.0,34.2,Low
20.4,57.8,13.2,3.3,26.6,Low
29.3,4.6,38.9,5.0,36.6,High
29.0,38.4,4.5,0.0,17.4,Low
38.5,36.9,3.5,0.8,6.4,Medium
12.0,76.1,42.9,3.2,23.5,Low
19.7,33.0,12.9,5.2,64.9,Low
22.6,37.9,16.0,9.2,31.0,High
31.5,61.7,5.6,3.7,14.2,Medium
54.0,56.3,50.5,10.0,13.9,High
33.3,29.1,0.9,3.0,33.3,High
25.6,54.4,6.3,4.6,15.8,Low
17.1,28.8,24.3,0.9,20.7,Low
16.0,62.7,41.9,3.8,33.1,Low
36.1,41.5,27.8,0.0,9.0,Medium
20.8,17.4,11.9,10.0,38.4,High
24.8,1.0,18.9,2.1,11.7,Medium
42.9,36.7,5.8,6.0,20.5,High
12.6,27.8,24.3,3.7,7.4,Low
30.4,39.7,20.2,4.3,53.5,Medium
19.9,43.9,6.0,4.8,9.4,Medium
42.7,2.9,3.3,7.7,22.4,High
19.6,28.9,21.1,6.4,20.5,High
34.0,42.2,19.7,5.7,32.7,High
11.7,47.2,22.2,6.6,47.6,Low
42.0,62.6,8.4,6.0,38.7,Medium
36.3,66.4,21.3,1.4,2.9,Low
23.0,39.7,18.9,4.3,56.3,Medium
31.5,41.7,27.2,6.9,14.0,High
36.6,34.4,4.3,3.3,15.7,Low
29.4,59.4,14.7,6.0,7.2,Low
24.5,36.5,11.9,8.1,40.1,High
27.1,23.7,18.1,3.1,29.5,Medium
29.0,8.4,5.8,7.9,16.0,High
28.5,24.2,30.5,4.7,38.3,High
31.9,39.2,4.4,5.2,11.2,Medium
18.8,66.6,0.8,7.4,10.6,Medium
22.2,46.0,2.7,6.7,7.3,Medium
24.5,47.5,4.4,0.0,16.8,Low
32.2,45.1,8.3,0.0,24.3,Low
14.2,73.2,12.7,6.5,28.7,Low
29.4,56.2,12.5,4.6,38.8,Medium
35.0,44.7,59.3,0.5,28.4,Medium
28.4,31.8,2.5,3.2,6.3,Medium
28.7,17.3,12.8,0.3,36.4,Medium
25.3,81.4,3.7,4.7,6.2,Low
28.6,62.7,34.8,8.5,27.2,High
24.0,40.7,38.2,3.0,2.5,High
26.5,84.5,16.4,5.7,21.9,Low
24.0,44.8,31.4,4.7,50.8,Medium
26.4,27.0,24.1,9.5,23.1,High
25.1,71.9,11.0,8.6,6.3,Medium
17.4,16.8,9.4,0.6,9.4,Low
14.4,36.2,13.1,4.5,10.7,Medium
28.7,18.6,27.9,2.5,33.0,High
33.4,27.4,7.0,3.3,14.1,High
42.0,49.4,9.5,7.2,17.4,High
37.9,52.4,25.8,5.5,24.3,High
36.1,20.8,32.5,7.2,5.5,High
30.1,84.8,22.7,0.0,9.4,Low
29.1,1.0,16.4,7.6,9.9,High
20.9,47.9,28.2,6.2,33.6,Medium
19.9,48.4,18.4,9.5,36.0,Medium
29.7,50.8,1.9,3.3,6.5,Low
20.5,64.3,18.3,8.0,3.7,High
27.2,1.0,21.1,5.8,4.6,High
5.5,28.0,19.0,5.4,32.8,Medium
32.2,48.3,6.8,3.6,7.6,Low
18.7,82.5,10.9,4.7,10.8,Low
15.1,32.2,17.2,2.3,14.9,Low
34.5,40.8,26.5,3.9,27.4,Medium
36.7,61.0,18.8,3.3,25.4,Low
27.2,18.4,2.3,4.2,17.2,Low
21.5,45.5,7.6,4.5,29.9,Low
34.5,42.7,24.5,4.6,20.3,High
21.1,31.6,38.6,5.0,26.5,Medium
26.6,56.1,16.5,5.0,13.3,Medium
40.1,92.5,27.1,5.3,7.3,Low
31.4,48.8,7.8,4.9,46.6,Low
27.6,1.0,2.7,4.2,18.4,High
25.5,25.8,12.2,6.2,5.2,Medium
28.4,77.5,2.1,8.4,39.1,Low
30.4,39.7,38.6,4.1,79.9,High
17.9,19.2,17.2,3.5,8.1,Medium
38.9,61.6,13.7,6.1,49.4,Medium
23.9,30.9,19.7,5.3,32.6,Medium
26.2,45.8,7.2,2.3,8.6,Medium
35.3,20.1,18.7,2.9,8.4,High
26.7,35.8,8.5,3.3,13.2,Low
35.9,44.3,35.0,2.1,53.6,Medium
27.6,42.8,31.7,6.2,34.6,Medium
28.9,53.2,22.7,7.1,8.4,Medium
29.9,49.4,51.8,2.7,56.3,Medium
31.4,22.6,28.9,1.2,134.4,Low
33.0,82.1,15.8,5.5,22.9,Low
37.5,41.6,1.2,5.1,40.8,Medium
36.9,15.3,21.2,10.0,12.6,High
20.9,1.0,19.6,6.9,7.1,High
41.1,46.7,16.4,1.8,14.5,Medium
12.7,24.6,34.0,2.3,10.0,Medium
22.3,57.6,20.7,5.9,55.2,Medium
26.8,46.1,1.8,4.8,16.7,Low
17.5,100.0,35.0,4.7,13.8,Low
30.5,17.3,22.4,5.2,16.3,High
34.7,68.3,12.4,7.2,25.9,High
21.6,21.0,32.5,10.0,15.9,High
32.2,63.3,11.5,8.7,11.7,Medium
35.5,76.3,14.5,2.2,11.7,Low
10.6,37.4,8.9,3.5,15.1,Low
29.6,29.0,7.4,0.0,33.4,Low
31.4,41.6,23.2,5.6,22.4,High
19.7,28.7,10.4,3.5,7.2,Low
17.2,80.4,9.0,4.9,37.3,Low
21.8,40.7,17.6,2.7,12.8,Low
26.3,54.7,41.3,2.7,21.4,Medium
21.2,55.3,30.3,0.7,31.0,Low
33.0,64.6,18.2,4.1,7.3,Medium
31.8,35.1,4.2,6.6,34.0,Medium
31.4,61.9,29.5,3.1,22.4,Medium
39.3,73.6,3.5,6.8,38.7,Medium
33.8,41.6,28.8,3.1,6.7,Medium
30.6,15.7,14.4,5.0,9.5,High
17.0,75.1,5.3,8.8,13.1,Low
38.4,48.8,3.1,3.6,4.2,Medium
39.4,45.1,3.3,5.6,17.8,Medium
25.0,59.9,12.5,5.7,7.1,Medium
20.7,76.4,15.8,5.8,4.0,Low
34.8,40.1,3.7,6.5,32.6,Medium
11.6,72.6,26.8,5.7,112.2,Low
31.6,46.6,36.8,2.1,24.0,Medium
41.5,58.7,22.5,3.8,16.1,Medium
24.6,31.6,16.3,6.6,9.9,High
30.2,39.4,7.6,7.0,19.6,High
28.9,68.9,13.6,2.9,48.4,Low
37.4,1.8,2.6,7.7,19.7,High
29.0,60.4,21.7,3.7,12.1,Medium
24.9,53.3,4.2,5.9,19.2,Medium
14.3,81.5,30.4,5.5,11.5,Medium
28.8,67.1,22.9,2.4,29.1,Low
27.4,48.9,12.3,4.2,4.0,Medium
9.7,17.0,19.2,0.0,12.3,Low
18.9,32.2,25.3,3.9,15.3,Medium
22.6,40.0,14.1,8.5,33.9,Medium
22.6,77.8,11.7,0.0,16.1,Low
27.7,62.6,14.2,2.6,1.4,Low
27.0,27.5,9.4,3.7,47.9,Low
27.4,53.9,36.3,0.0,8.0,Low
48.3,34.9,22.5,0.0,5.1,Medium
24.0,30.8,17.1,10.0,9.1,High
20.2,58.8,4.8,6.6,26.9,Medium
42.1,41.8,32.2,7.8,41.0,High
41.2,19.4,7.6,6.0,97.0,High
18.3,63.2,23.0,6.6,9.4,Medium
38.9,48.3,7.5,4.1,7.1,Low
11.4,36.9,10.1,7.9,8.9,Medium
53.8,77.8,19.0,9.0,37.2,High
44.0,68.4,22.7,3.1,46.0,Low
32.8,47.7,26.2,4.3,41.1,High
35.7,7.3,21.3,3.4,57.0,High
32.0,69.4,14.6,4.8,18.7,Low
22.1,34.4,2.8,7.1,14.4,High
38.8,41.5,6.0,4.5,27.6,Medium
40.2,38.3,14.3,0.1,17.7,Medium
21.5,16.5,1.7,7.7,19.9,High
27.7,55.0,37.2,2.9,12.2,Medium
16.9,26.5,24.1,6.1,17.0,High
27.6,53.8,11.1,6.4,2.9,Medium
25.6,24.4,7.9,3.8,29.8,Medium
39.3,35.0,30.1,2.4,25.6,High
42.4,53.0,10.4,3.7,17.7,Low
18.4,47.7,37.7,9.5,3.1,High
34.9,58.7,23.0,2.3,7.3,Medium
35.9,60.3,15.9,1.9,16.1,Low
12.3,74.3,10.0,5.5,70.8,Low
36.7,45.0,10.3,4.4,34.9,Medium
14.7,71.6,17.9,3.9,27.6,Low
23.4,37.9,35.0,2.5,51.6,Low
19.9,62.1,4.2,4.9,69.0,Low
13.9,69.7,52.8,4.5,29.5,Low
37.9,69.6,48.7,8.7,29.8,High
19.5,12.9,6.2,2.5,29.8,Low
24.4,1.0,13.5,3.6,34.8,Medium
27.9,57.2,21.0,8.6,21.9,High
34.7,45.1,39.1,3.6,2.8,High
19.3,51.2,9.2,3.0,17.3,Low
32.4,47.0,4.2,6.3,6.5,High
25.9,37.5,31.7,5.4,10.4,Medium
18.9,57.6,16.5,4.1,8.3,Low
37.2,52.5,17.2,5.2,12.9,Medium
46.7,42.7,35.1,6.3,18.3,High
29.8,45.6,20.1,5.5,1.7,Medium
22.5,58.6,6.1,6.6,5.2,Medium
21.4,31.9,33.5,4.5,11.1,High
35.3,20.5,8.2,2.1,42.8,Low
28.1,20.2,3.7,6.6,15.9,High
18.4,33.8,10.4,4.2,19.8,Low
12.8,77.7,13.6,4.2,5.8,Low
31.4,47.9,17.4,7.1,7.7,Medium
16.6,30.1,13.8,9.6,15.8,High
24.4,49.5,46.7,0.3,1.4,Low
42.7,22.0,18.9,4.1,38.5,High
20.5,40.9,20.1,4.8,15.2,Medium
37.5,36.0,3.9,5.3,22.7,Medium
18.8,15.9,29.5,4.5,18.3,High
35.9,69.1,13.5,4.8,9.3,Medium
33.2,36.7,24.8,6.0,24.7,High
32.4,44.2,30.3,4.5,27.2,High
22.5,60.3,8.8,3.5,48.8,Low
33.7,52.7,15.1,3.4,34.2,Medium
31.4,46.7,19.6,8.7,17.7,High
45.0,39.8,6.6,10.0,10.0,High
22.5,61.0,20.6,4.1,12.1,Low
39.6,44.8,50.8,4.1,9.1,High
19.9,48.2,23.1,6.1,56.2,Low
25.9,69.5,14.6,5.4,5.1,Medium
22.3,70.7,25.5,4.6,51.2,Low
23.5,50.9,16.2,1.5,8.8,Low
26.6,47.3,56.2,2.7,6.0,High
41.0,59.4,30.1,6.9,7.0,High
32.1,39.5,10.4,4.2,127.8,Low
39.1,39.5,29.0,10.0,49.5,High
28.1,43.6,6.5,10.0,2.4,High
39.5,22.6,21.6,2.4,26.5,High
30.0,97.0,50.4,8.7,11.9,High
20.9,36.2,3.9,4.6,6.9,Medium
37.5,55.3,16.7,5.4,26.3,Medium
41.4,44.6,10.5,7.0,21.1,High
33.7,60.1,6.8,7.8,4.3,High
35.5,36.6,6.4,3.0,8.8,Medium
39.5,49.8,65.9,10.0,30.2,High
25.6,26.3,21.2,5.8,2.3,High
21.5,71.7,32.9,0.0,2.5,Low
31.3,59.6,14.0,4.3,41.8,Low
43.5,13.8,21.6,10.0,24.1,High
30.7,45.3,25.0,3.3,12.5,Medium
33.7,14.4,24.8,10.0,43.9,High
28.7,27.4,53.0,5.3,29.2,High
30.7,65.3,24.3,5.0,44.4,Low
23.2,1.0,16.8,2.1,1.5,High
32.9,68.0,27.2,6.7,18.1,High
35.9,53.3,9.6,4.1,37.7,Medium
14.5,43.2,17.4,4.9,27.7,Medium
14.5,64.3,35.1,4.4,1.2,Medium
12.2,100.0,14.5,7.4,46.5,Low
41.3,15.8,8.8,4.4,60.5,High
19.7,82.3,13.5,0.0,18.5,Low
31.2,66.3,11.4,2.6,3.8,Low
44.1,29.5,3.9,1.3,4.6,High
31.0,56.5,7.6,9.2,13.8,High
32.6,20.5,11.7,6.7,18.2,High
20.4,34.2,16.9,5.1,53.9,Medium
31.0,1.0,59.5,4.5,11.4,High
19.0,15.3,32.7,1.0,20.2,Medium
10.9,53.4,16.4,4.4,10.0,Low
28.5,55.3,11.4,7.7,11.2,Medium
30.9,55.1,7.9,7.3,61.9,Medium
23.2,59.0,51.2,6.2,80.3,Medium
21.3,47.6,15.7,1.1,7.1,Low
26.1,59.9,25.5,2.9,38.2,Low
21.5,68.6,9.1,6.0,9.6,Low
34.7,50.4,4.6,1.8,2.4,Low
32.0,35.4,36.0,7.0,2.7,High
42.7,41.8,10.6,1.3,6.2,Medium
24.8,26.6,15.1,1.9,18.7,Medium
28.6,63.7,10.8,1.3,21.5,Low
29.6,9.7,9.2,3.6,6.2,High
24.6,41.5,12.3,0.7,71.9,Low
10.1,57.5,2.7,3.6,4.0,Low
32.0,22.6,9.7,2.4,5.8,Medium
49.0,14.2,22.8,3.1,19.2,High
37.0,1.0,43.7,6.9,6.7,High
45.6,38.7,12.1,5.0,15.9,High
36.1,19.8,10.4,6.9,13.6,High
26.6,64.3,22.2,10.0,7.9,High
33.4,10.9,16.3,0.3,21.9,High
37.6,56.6,8.4,3.5,13.6,Low
13.6,16.4,37.3,2.1,42.5,Medium
32.0,11.7,43.8,3.1,2.5,High
27.1,18.5,13.0,6.1,1.7,High
41.3,68.7,15.0,10.0,49.2,High
31.4,18.5,13.4,6.8,22.8,High
5.9,70.1,16.5,6.4,29.2,Low
32.0,49.5,10.2,7.9,37.4,High
9.4,33.6,10.1,9.2,20.8,Medium
39.5,21.9,0.9,10.0,8.4,High
21.1,86.9,7.3,6.4,26.1,Low
17.8,32.1,26.6,2.3,20.6,Medium
21.1,32.1,20.5,4.0,7.7,Medium
20.0,76.9,10.0,0.0,40.5,Low
26.6,80.8,32.6,7.1,22.3,High
20.3,41.9,9.8,2.6,42.7,Low
25.3,71.1,3.0,3.0,7.1,Low
14.1,31.5,13.5,6.0,32.6,Medium
25.7,94.4,18.6,0.0,8.8,Low
40.8,16.2,21.1,7.9,36.0,High
24.0,24.9,44.1,6.6,33.4,High
33.6,73.9,10.9,3.8,34.9,Low
16.7,38.6,7.1,4.9,21.7,Low
33.2,75.2,12.1,3.1,15.5,Medium
38.2,34.7,13.7,10.0,14.3,High
40.8,59.5,14.9,2.4,3.7,Medium
29.8,29.8,28.8,5.9,5.1,High
34.0,43.3,6.9,4.3,11.4,Medium
16.5,16.8,9.9,5.2,4.0,Medium
24.5,43.9,12.5,6.4,54.3,Medium
20.8,25.7,5.4,6.5,1.4,Medium
31.0,90.6,19.0,4.0,31.9,Low
23.2,37.9,22.7,1.7,30.2,Low
34.2,18.7,12.0,3.0,8.3,Medium
50.2,60.2,4.7,3.7,28.8,Medium
33.6,18.4,8.0,3.3,5.9,High
40.7,64.3,9.7,2.1,17.1,Low
17.3,32.7,2.7,6.3,41.1,Low
27.2,44.2,7.3,1.2,86.0,Low
30.0,40.8,13.5,4.9,15.3,Low
28.6,39.4,48.4,0.4,46.3,Medium
44.6,46.4,29.2,8.1,10.5,High
21.3,30.4,14.3,3.3,24.8,Medium
30.9,21.0,50.8,3.0,18.4,High
6.1,45.9,25.0,2.5,14.0,Low
31.8,36.2,10.0,9.8,42.6,High
32.6,16.9,11.1,8.7,50.6,High
27.5,58.5,11.0,5.2,33.5,Medium
31.6,44.6,19.1,3.6,81.1,Medium
22.9,21.1,28.1,10.0,23.6,High
17.0,39.8,9.1,6.4,0.3,Medium
19.1,41.8,6.4,4.3,4.9,Low
20.3,22.3,12.1,3.4,3.8,Medium
16.4,100.0,5.5,7.3,33.5,Low
16.0,44.8,10.4,4.4,7.3,Low
20.5,40.2,7.4,1.3,4.4,Low
24.8,98.6,2.5,5.5,67.5,Low
29.2,55.0,11.4,5.7,16.9,Medium
17.0,71.6,3.7,5.1,18.4,Low
19.6,47.1,1.5,6.4,31.9,Low
22.5,46.4,43.8,4.1,44.0,Medium
31.9,26.2,40.9,5.0,34.9,High
17.2,59.7,17.8,5.0,57.2,Low
23.3,85.7,8.8,1.3,30.4,Low
36.8,79.7,3.5,7.0,27.1,Low
20.8,18.4,15.0,6.5,43.0,High
16.8,85.9,7.9,7.8,32.6,Low
27.2,26.8,44.7,2.2,17.7,High
20.5,24.3,14.6,3.8,28.4,Low
3.1,25.5,10.6,8.1,5.0,Medium
29.8,36.4,60.7,3.4,13.8,High
35.8,2.5,13.8,10.0,9.4,High
27.8,46.2,21.7,0.6,29.5,Low
37.4,39.3,17.5,3.4,93.1,Medium
33.8,45.9,11.3,3.7,7.4,Medium
20.3,34.1,27.9,7.1,33.3,High
46.4,10.0,74.7,9.7,41.0,High
30.9,39.3,4.5,5.9,106.9,Low
31.9,71.8,9.4,0.0,7.5,Low
19.1,22.8,13.6,4.8,5.8,Medium
14.1,25.7,19.9,5.3,14.7,Medium
18.2,55.0,60.1,6.1,17.4,High
36.3,17.8,11.7,4.8,88.4,Medium
43.4,50.0,28.8,8.7,66.5,High
30.6,54.8,21.4,2.5,21.9,Low
28.8,32.6,6.0,2.1,34.5,Low
36.7,28.5,13.5,3.3,23.7,High
40.4,14.0,16.9,10.0,90.6,High
14.9,27.6,6.8,4.5,7.4,Medium
42.7,57.5,2.7,8.2,28.0,High
24.6,63.4,9.8,8.2,5.7,Low
37.8,46.4,6.4,0.2,42.9,Low
18.4,31.5,4.1,4.8,13.8,Low
37.3,46.6,7.2,8.1,20.7,High
15.1,27.0,34.3,10.0,14.5,High
38.1,48.9,4.2,8.0,15.5,High
33.8,61.4,21.6,4.0,11.5,Medium
13.9,34.8,12.9,9.1,81.8,Low
39.5,27.3,13.2,3.8,29.9,High
19.2,34.3,27.9,1.8,24.0,Low
38.3,68.9,20.1,7.0,12.3,Medium
29.3,100.0,19.2,0.9,32.6,Low
16.8,59.3,2.3,3.3,12.1,Low
18.9,43.4,9.1,9.2,1.9,Medium
63.1,23.6,46.9,7.0,62.3,High
48.8,22.2,5.6,2.6,21.4,Medium
26.1,54.4,52.7,5.4,0.8,Medium
31.8,27.8,8.9,4.7,4.5,Medium
38.8,67.5,6.4,7.5,4.2,High
16.4,31.7,1.7,6.1,42.2,Medium
34.2,76.3,3.7,5.4,75.8,Low
36.9,36.0,3.2,4.9,10.2,High
31.3,69.9,3.6,1.9,29.5,Low
40.5,59.8,27.0,8.9,35.4,High
29.4,63.6,4.9,6.2,16.7,Low
37.9,43.5,22.4,4.1,7.3,Medium
30.1,30.4,15.2,4.3,7.2,High
14.2,67.2,19.4,4.7,19.3,Low
36.5,84.4,34.4,2.7,12.3,Low
39.7,22.9,4.3,3.4,14.5,Medium
26.6,55.5,3.6,7.8,1.6,High
15.9,55.4,23.0,0.6,5.0,Low
35.8,48.6,33.1,10.0,2.6,High
30.8,76.5,7.8,5.0,17.6,Medium
30.7,27.9,8.9,2.8,23.0,Medium
29.7,69.2,9.4,4.0,33.7,Low
37.1,38.9,4.6,6.2,14.8,High
30.6,1.0,27.7,3.7,34.3,High
23.7,12.9,21.5,6.8,4.7,High
13.5,45.8,0.3,2.0,1.0,Low
23.8,71.8,46.0,2.8,20.6,Medium
36.2,68.8,7.3,5.7,81.3,Medium
25.0,47.3,15.6,3.3,5.3,Low
36.2,19.8,12.8,10.0,4.1,High
15.3,18.4,8.5,7.3,15.6,High
18.9,54.3,21.5,6.4,11.4,Medium
18.4,44.1,15.2,5.3,21.4,Low
29.2,66.4,56.2,4.0,31.8,Medium
44.1,37.7,9.2,4.3,28.9,High
48.2,28.0,21.2,2.7,45.7,High
37.5,38.9,34.4,5.6,0.9,High
10.4,44.7,37.7,1.5,4.5,Low
21.2,1.0,14.7,9.1,80.9,High
0.7,55.4,4.3,5.2,2.5,Low
29.5,48.1,11.3,8.8,7.9,High
42.6,65.8,12.5,7.5,69.0,Medium
35.3,62.2,23.0,4.8,49.7,Low
12.1,68.8,5.9,6.2,7.6,Low
40.5,82.0,23.9,3.8,46.1,Medium
38.8,48.1,42.1,4.7,11.2,High
41.9,1.0,49.2,2.8,14.0,High
38.0,63.9,12.0,9.7,30.6,High
23.3,71.4,7.7,5.5,8.8,Medium
11.3,40.0,4.1,7.4,18.1,Low
38.5,1.0,35.9,3.8,20.2,High
35.0,67.9,18.3,9.4,4.9,High
10.3,44.6,14.9,3.0,24.5,Low
19.3,15.6,40.4,4.7,8.6,Medium
19.6,39.1,45.5,3.7,27.7,Medium
34.5,44.9,29.9,5.8,28.6,High
27.9,39.1,2.6,3.1,19.8,Medium
25.6,33.9,29.1,6.7,17.2,High
24.2,65.9,5.4,5.7,3.9,Low
17.9,74.7,4.6,4.6,24.6,Low
36.7,87.5,37.6,2.0,56.1,Low
21.5,22.9,20.3,4.8,28.8,Medium
38.5,73.6,14.1,4.7,4.4,Medium
15.5,49.2,41.6,7.5,23.4,Medium
23.6,53.3,19.0,4.2,9.2,Medium
45.7,71.7,61.6,2.3,5.6,Medium
30.1,43.9,31.9,0.0,11.7,Low
23.6,41.0,17.4,8.2,36.8,High
22.3,29.7,27.4,4.5,8.7,Medium
20.2,19.3,5.9,5.9,18.4,Medium
32.1,31.1,13.6,3.6,60.6,Medium
36.1,48.8,5.5,3.3,6.5,Low
30.3,43.9,11.5,4.7,41.2,Medium
27.5,36.6,30.6,2.7,15.9,Low
33.4,37.3,8.8,4.0,40.4,Medium
15.4,68.1,12.8,7.0,19.0,Low
31.4,48.9,14.1,7.0,20.8,Medium
31.9,23.1,1.7,3.6,10.7,Medium
30.4,46.3,38.3,4.4,33.4,Medium
23.0,58.6,39.5,0.0,31.3,Low
21.0,66.0,5.6,0.3,24.0,Low
16.3,57.4,32.6,3.6,31.0,Medium
41.2,63.7,21.3,5.1,13.6,Medium
27.5,56.1,23.1,1.4,27.3,Low
24.2,1.0,8.7,7.0,18.3,High
23.3,41.5,29.6,7.4,7.0,Medium
19.4,43.0,40.1,2.6,5.4,Medium
23.2,89.9,11.4,2.5,33.9,Low
38.9,61.7,14.8,6.2,9.4,Medium
33.2,38.6,4.5,9.7,29.4,High
35.5,28.0,22.6,3.8,24.2,High
36.6,37.4,17.3,7.6,12.6,High
47.8,27.2,34.8,4.9,8.0,High
28.2,93.0,12.4,5.2,19.7,Low
24.1,44.7,8.0,4.5,21.4,Medium
31.9,63.1,4.6,7.6,22.7,Medium
33.8,56.3,30.5,10.0,24.9,High
27.7,59.5,3.3,7.4,17.7,Medium
20.0,25.6,8.6,1.7,8.4,Low
29.7,74.4,21.2,4.3,40.0,Low
32.9,43.1,16.8,0.0,16.0,Low
31.1,78.0,8.7,10.0,39.3,Medium
11.5,54.4,11.6,6.0,15.3,Low
13.7,83.6,19.9,2.8,12.3,Low
34.5,58.2,17.0,5.7,11.3,Medium
24.6,40.9,11.4,10.0,21.4,High
48.0,75.9,34.4,2.7,32.1,Medium
40.1,48.0,40.6,3.4,37.3,Medium
16.6,56.8,19.7,1.7,31.7,Low
37.2,47.0,7.3,6.6,20.2,High
42.4,33.1,29.7,4.6,72.4,High
24.0,41.5,1.5,0.0,28.0,Low
27.2,60.7,18.5,5.9,0.8,Low
23.1,66.4,20.3,7.7,3.5,Medium
17.9,1.0,24.6,3.5,29.5,High
42.2,52.0,29.2,4.9,7.5,High
4.7,43.3,10.4,4.4,8.0,Low
21.9,14.9,21.4,6.9,10.0,Medium
24.2,63.9,27.4,0.4,7.6,Low
29.4,84.7,7.7,3.2,14.8,Low
16.8,77.6,15.0,4.1,22.7,Low
40.2,1.0,8.9,7.2,5.9,High
11.5,52.1,9.2,5.0,8.9,Low
11.6,30.7,11.2,1.3,15.6,Low
28.5,35.1,33.1,3.4,17.0,Medium
16.4,39.5,4.0,8.5,24.0,Medium
29.9,1.0,6.0,1.3,16.3,Medium
21.3,1.0,2.1,7.9,48.6,High
35.3,46.9,6.8,7.6,64.8,High
19.6,50.4,16.6,8.4,36.5,Medium
41.0,40.7,11.3,8.1,21.1,High
33.7,17.5,31.8,8.8,8.4,High
21.2,36.1,27.2,0.0,11.2,Low
33.6,76.8,5.7,8.7,3.7,Medium
29.3,37.0,7.0,6.4,15.4,Low
35.1,33.9,3.2,3.4,2.4,Medium
33.4,72.2,8.5,1.7,18.2,Low
31.2,40.3,29.4,5.1,47.8,Medium
28.6,60.0,10.9,10.0,8.0,High
36.1,55.1,6.8,6.5,32.2,Medium
38.5,25.4,20.3,3.6,18.0,Medium
29.2,23.2,3.4,10.0,16.4,High
33.5,15.3,6.6,6.8,22.2,High
36.4,22.8,10.4,6.9,27.3,Medium
42.5,63.2,2.6,5.8,76.0,Medium
40.9,26.9,31.9,6.4,15.2,High
37.3,42.0,15.6,0.0,38.8,Low
24.3,38.8,14.2,5.4,21.4,Low
16.2,53.4,16.9,7.2,8.0,Medium
33.0,15.0,15.2,9.4,62.4,High
33.0,69.2,31.4,10.0,13.8,High
24.4,76.6,18.6,8.1,3.5,Medium
16.0,44.4,24.4,5.6,33.1,Medium
42.9,1.0,23.3,5.2,34.6,High
31.8,26.1,17.2,3.0,15.1,Medium
17.1,52.0,5.1,6.5,28.1,Medium
26.9,53.2,18.6,10.0,24.0,High
15.9,39.3,29.0,4.0,3.1,Medium
34.1,69.2,20.1,5.5,1.5,Medium
44.7,32.3,11.2,3.0,94.6,Medium
26.3,66.7,24.4,7.9,36.9,Medium
27.2,45.0,14.6,8.5,41.6,Medium
25.5,32.5,22.3,3.1,14.2,Medium
26.0,61.1,23.2,6.6,22.0,Medium
21.0,44.0,19.1,0.0,21.8,Low
40.4,64.5,5.3,4.2,7.1,High
29.8,100.0,34.0,8.6,7.7,Low
28.6,24.5,17.6,3.7,47.2,Low
26.0,64.4,36.2,1.4,47.4,Low
16.5,59.0,23.3,6.9,19.3,Low
36.4,84.1,12.7,4.7,1.1,Low
40.8,65.1,8.7,5.6,26.2,High
11.2,79.6,9.3,5.9,13.1,Low
34.4,23.4,1.7,7.5,1.4,High
35.8,16.9,1.6,8.0,39.6,High
39.6,24.3,17.6,6.1,12.6,High
38.8,41.5,10.5,8.3,5.8,High
51.7,75.4,6.5,4.9,50.8,Low
31.6,80.3,23.7,5.9,18.4,Low
36.9,37.0,33.1,5.1,33.1,High
28.1,42.5,11.5,1.7,44.7,Low
20.8,19.2,10.8,9.2,12.3,High
34.4,46.6,6.6,5.2,9.1,Medium
36.9,40.6,33.6,9.5,22.2,High
31.1,40.7,43.9,6.3,37.5,High
13.1,71.0,16.2,6.2,4.1,Low
15.0,53.9,19.8,7.7,52.0,Medium
34.9,16.2,23.9,5.8,16.7,High
24.7,1.0,16.7,3.3,27.4,Medium
31.2,57.1,10.2,4.6,18.6,Low
32.3,50.1,14.3,8.3,26.9,High
27.0,53.3,18.6,7.0,12.4,Medium
25.7,50.1,15.7,2.6,24.5,Low
26.8,19.8,5.2,5.9,26.8,Medium
33.3,40.8,11.0,2.3,11.0,Low
32.3,38.3,25.8,5.3,46.1,High
20.8,43.2,8.0,7.9,50.4,Low
27.9,64.3,3.3,3.3,2.8,Low
18.5,32.3,1.5,4.7,13.6,Medium
32.6,19.6,15.3,2.4,9.7,High
23.8,74.5,11.7,6.7,37.6,Low
34.5,28.9,12.7,5.4,5.0,High
25.8,70.4,2.2,3.2,37.3,Low
38.3,92.3,26.9,6.2,17.1,Medium
40.0,78.2,23.8,4.9,37.2,Medium
32.0,59.6,22.2,6.4,44.9,High
24.7,40.6,6.9,2.4,50.9,Medium
19.6,65.1,23.3,4.1,27.7,Low
36.7,44.5,40.4,5.4,67.2,High
27.4,76.1,23.1,6.9,8.6,Medium
28.4,59.0,5.5,2.3,23.9,Low
24.5,53.3,42.8,5.3,36.2,Medium
15.6,46.1,13.9,7.8,24.7,Low
37.7,34.1,11.2,5.2,67.5,High
27.2,45.0,2.3,4.1,50.6,Low
11.2,51.4,22.6,3.5,12.9,Low
26.8,39.3,14.7,3.5,11.7,Medium
15.8,51.6,4.5,5.6,16.2,Low
33.3,66.7,39.6,0.0,21.6,Low
32.1,51.1,18.9,3.5,2.0,Medium
41.6,33.2,7.9,6.2,13.5,High
14.7,1.0,14.7,7.1,61.0,High
40.9,71.7,14.2,2.4,0.8,Low
32.7,42.6,8.5,3.2,83.5,Low
15.7,49.4,2.8,5.2,16.8,Low
44.4,57.0,9.0,6.7,23.3,High
26.9,57.0,4.6,4.0,24.5,Medium
17.3,61.7,12.2,4.6,48.9,Low
37.4,67.2,24.4,5.9,26.5,Medium
18.2,61.6,6.6,1.8,18.2,Low
38.4,1.0,23.6,9.6,3.6,High
26.3,53.6,32.3,5.2,51.3,Medium
24.9,50.6,17.1,4.0,25.9,Low
16.3,39.4,13.7,8.2,15.4,Low
18.6,55.5,12.7,5.4,41.2,Low
29.4,45.4,32.9,4.5,7.8,High
13.2,32.5,12.7,6.0,49.1,Medium
34.2,72.2,9.2,5.1,33.3,Medium
23.3,52.7,10.5,3.3,24.0,Low
24.4,48.8,21.4,8.0,17.7,Medium
33.2,1.0,43.3,0.8,22.2,High
26.2,91.8,31.2,3.9,64.1,Low
39.1,4.0,26.1,10.0,29.3,High
9.5,56.5,11.8,5.3,90.3,Low
35.2,60.7,1.9,0.6,18.9,Low
28.2,81.2,16.7,8.2,6.3,Medium
22.1,23.8,19.6,4.2,59.2,Medium
36.5,27.2,23.9,2.0,20.6,Medium
33.3,62.6,5.2,7.9,37.8,Low
30.1,59.3,5.7,8.1,24.7,Medium
25.7,82.4,18.4,9.0,9.8,Medium
21.7,68.9,31.3,2.3,104.3,Low
18.3,37.6,22.3,4.6,21.7,Low
40.3,42.6,3.2,4.2,5.4,High
35.4,56.5,24.5,2.4,61.4,Medium
33.1,11.4,9.4,6.6,12.0,High
24.2,57.3,11.3,8.1,41.8,High
46.3,58.9,7.8,3.7,33.4,Medium
21.7,27.2,10.5,5.4,33.9,Low
24.6,40.3,3.4,5.4,12.1,Medium
44.3,1.4,1.8,8.0,1.3,High
27.5,65.4,8.8,5.0,8.0,Low
43.6,54.2,36.8,5.1,45.1,High
31.4,16.3,13.1,7.6,25.9,High
23.4,21.7,18.4,5.3,1.9,High
26.2,35.4,15.0,3.4,17.0,Medium
21.5,63.7,5.3,1.9,3.3,Low
34.2,56.1,22.8,3.3,19.3,Medium
39.0,26.9,3.7,5.7,24.0,High
32.2,31.9,7.2,1.4,63.6,Low
30.6,46.2,40.0,5.8,140.8,Medium
18.6,27.4,11.0,0.8,6.8,Low
37.8,33.6,23.4,2.2,20.0,Medium
35.6,60.2,13.4,6.8,50.6,Medium
30.5,18.0,22.0,3.8,0.5,High
25.3,41.9,12.0,5.6,2.6,Medium
28.4,40.2,14.1,4.8,26.0,High
19.8,44.1,16.3,9.4,32.3,Medium
14.7,50.8,41.5,5.4,7.7,Medium
25.3,58.5,24.9,2.1,27.7,Low
20.3,62.3,15.9,6.7,18.7,Low
23.4,37.4,24.1,2.1,3.7,Medium
23.6,41.7,13.7,7.8,3.4,High
27.3,52.7,24.3,7.2,23.8,Medium
26.7,49.0,1.0,5.8,18.1,Low
0.5,57.6,19.9,7.1,9.0,Medium
31.1,54.9,42.4,8.3,4.9,High
29.2,26.9,13.2,4.9,68.0,High
36.7,86.2,15.2,5.5,20.0,Medium
26.1,45.1,12.7,5.7,73.0,Medium
37.8,60.4,4.9,2.9,24.7,Low
26.6,58.4,56.4,3.4,8.9,High
31.1,51.0,16.4,5.2,9.4,Medium
19.7,50.8,25.6,5.0,20.9,Medium
38.2,65.4,41.9,5.7,128.1,Medium
39.7,40.4,28.9,3.6,39.0,High
44.9,62.1,10.8,0.9,62.2,Low
23.1,56.1,4.6,9.1,35.2,Medium
32.8,70.9,0.6,1.1,20.7,Low
15.0,34.1,20.2,7.3,13.1,High
11.0,46.9,5.6,4.1,24.1,Low
33.1,26.2,23.3,5.6,0.9,High
27.0,69.4,13.9,6.9,17.8,Medium
16.4,28.7,10.3,3.7,8.9,Medium
29.6,52.3,40.5,1.2,27.9,Low
36.4,35.0,12.4,7.8,60.2,High
28.6,70.1,65.7,6.9,30.5,High
39.1,43.7,31.9,5.2,42.5,High
22.1,59.3,27.8,7.3,18.6,Low
37.7,21.2,7.4,5.9,12.4,High
24.5,31.1,23.7,4.8,42.7,Medium
39.1,58.4,13.8,4.4,24.1,High
16.6,73.4,7.6,0.0,33.8,Low
30.1,56.6,19.9,5.7,16.9,Medium
30.1,97.4,1.5,2.2,11.8,Low
32.3,62.4,22.1,6.2,15.8,Medium
24.8,45.4,2.7,4.2,20.7,Low
31.9,37.9,6.2,0.2,51.1,Low
26.2,85.0,33.9,4.8,42.9,Low
23.3,62.8,30.7,3.7,26.7,Low
40.7,33.7,5.4,8.9,29.8,High
28.7,30.5,6.2,0.0,29.8,Low
14.4,30.4,32.8,2.7,71.2,Low
21.9,56.2,25.9,1.7,12.3,Low
41.1,11.6,5.1,7.2,55.5,High
19.8,33.8,9.5,5.6,3.1,Medium
32.9,51.5,30.7,7.1,17.4,High
21.7,45.6,16.1,1.9,11.6,Low
15.1,35.0,31.1,2.3,27.3,Low
32.3,60.3,13.5,5.2,71.5,Low
25.0,60.2,9.6,9.9,21.5,Medium
42.3,40.2,15.9,6.5,20.4,High
38.1,33.3,12.3,2.5,8.0,Medium
39.4,64.0,10.0,5.6,27.6,Medium
37.6,41.5,9.3,6.7,17.7,High
34.2,45.3,35.9,1.2,5.0,High
15.7,62.2,8.1,4.3,12.9,Low
25.9,20.8,20.2,4.5,19.2,High
34.0,33.6,19.2,10.0,15.5,High
25.4,39.3,27.1,5.3,1.4,High
27.7,87.0,17.2,9.7,46.8,Low
34.5,17.4,86.1,2.9,49.2,High
37.5,45.9,14.4,6.5,47.9,Medium
19.7,25.5,14.0,1.1,7.0,Medium
34.0,95.8,14.2,6.7,3.4,Low
33.1,50.9,20.0,3.9,11.1,Medium
19.1,24.0,4.4,4.1,33.4,Low
24.3,8.8,13.2,7.0,13.4,High
29.3,58.5,2.2,7.3,12.3,Medium
40.5,49.2,42.9,5.9,9.1,High
24.3,59.0,9.2,10.0,2.3,Low
31.8,22.9,39.4,5.2,23.2,High
38.5,86.1,7.6,5.9,50.3,Low
44.7,46.8,15.3,5.7,31.7,High
30.0,54.3,10.6,7.0,15.2,Medium
8.9,58.7,18.1,5.1,4.8,Medium
36.3,47.3,4.6,2.1,10.0,Low
29.9,73.7,6.5,6.1,34.2,Medium
20.4,33.3,4.8,0.7,16.0,Low
34.4,67.5,15.3,7.4,85.5,Low
44.8,74.3,16.0,8.3,28.3,Medium
29.9,67.8,15.1,3.6,31.6,Low
13.4,76.6,11.9,3.5,14.0,Low
41.0,28.9,32.7,0.0,27.2,High
28.2,55.9,17.7,4.8,14.1,Medium
34.4,54.2,28.3,6.1,23.3,Medium
28.6,46.6,11.9,5.9,38.3,High
32.1,58.8,12.2,5.8,6.1,Medium
34.0,71.6,36.4,4.3,28.2,Medium
35.3,29.1,20.1,7.6,22.6,High
29.3,18.4,16.8,2.3,76.5,High
21.2,40.5,12.6,2.4,8.2,Low
29.7,1.0,25.1,1.2,17.8,High
35.1,43.5,23.9,3.2,11.3,High
21.2,76.5,5.3,1.8,5.2,Low
18.0,13.7,29.7,0.0,23.8,Medium
40.0,35.8,7.4,3.0,1.3,High
43.2,20.0,9.3,7.3,13.5,High
28.3,53.7,13.0,5.8,13.9,High
33.4,59.0,15.1,6.8,11.5,High
31.4,45.5,21.2,6.5,9.5,High
8.4,29.9,10.7,4.1,2.9,Low
29.9,49.2,13.9,4.4,15.3,Medium
41.2,72.2,12.8,3.0,47.8,Low
17.4,64.6,32.6,5.7,27.1,Low
16.6,36.0,30.2,10.0,28.8,High
21.4,37.9,8.4,1.3,31.2,Low
23.7,37.3,7.1,7.8,18.5,Medium
34.0,55.8,14.0,3.5,9.1,Medium
39.9,14.6,24.9,9.1,64.3,High
39.7,56.9,26.9,6.0,11.6,High
33.9,33.1,11.0,3.4,44.2,Low
13.7,39.2,6.6,4.3,14.7,Low
13.6,28.9,3.0,7.0,7.6,Low
34.6,61.1,18.9,9.7,51.2,High
13.7,32.0,25.8,7.3,11.0,Medium
33.0,23.9,1.6,3.8,43.8,Medium
30.5,32.3,21.0,6.4,30.3,Medium
23.8,21.2,13.4,9.5,15.8,High
5.1,64.0,7.2,6.3,2.6,Low
29.8,20.7,20.5,4.6,26.0,High
32.6,44.0,4.5,1.0,22.4,Low
23.0,30.7,6.2,8.4,32.5,Medium
18.2,79.5,12.5,4.6,53.9,Low
30.6,54.3,2.1,3.0,71.3,Low
14.9,31.2,4.8,7.1,27.1,Medium
33.6,48.8,8.7,7.2,10.0,Medium
37.5,25.0,7.0,2.4,43.3,Medium
10.4,59.8,11.1,2.9,12.0,Low
23.2,48.7,11.4,6.6,1.5,Medium
27.6,54.2,14.4,8.4,15.2,High
27.8,24.0,27.0,4.1,12.4,High
20.1,14.6,10.4,4.4,28.2,Medium
16.0,8.4,22.8,3.1,81.9,Low
23.9,10.1,13.6,8.4,54.6,High
33.8,45.2,18.2,6.8,66.0,High
33.1,87.3,9.6,1.9,4.9,Low
33.2,36.2,21.8,9.7,80.4,High
39.3,32.3,3.0,10.0,24.2,High
18.6,43.8,22.2,0.0,34.2,Low
24.6,27.7,30.9,6.0,8.0,High
26.3,16.8,2.3,0.7,52.4,Medium
2.1,30.6,56.9,4.2,16.7,Low
30.0,40.0,21.9,0.9,10.5,Medium
27.7,85.9,20.5,9.1,12.6,Medium
17.8,34.3,18.2,4.0,12.0,Medium
35.8,49.3,14.0,7.8,31.4,High
35.3,14.8,29.3,5.5,6.2,High
31.6,60.3,19.6,9.8,8.2,Medium
12.6,28.7,22.7,1.6,14.9,Medium
19.2,20.2,8.5,0.0,3.7,Low
30.7,22.4,5.8,3.4,43.7,Medium
23.2,30.9,58.3,4.0,36.3,High
25.9,19.6,18.1,0.5,12.7,Medium
18.1,51.4,7.3,6.2,18.4,Low
29.7,21.1,2.8,6.1,33.2,High
41.5,59.2,2.1,8.7,11.8,High
30.9,33.8,9.5,7.9,23.4,High
36.7,24.8,21.4,3.6,25.8,High
35.9,30.0,20.1,1.8,53.6,Low
24.8,22.7,9.5,0.2,43.8,Low
26.3,45.5,20.6,4.4,29.3,Medium
41.2,33.0,7.4,4.4,21.4,High
34.6,69.5,25.4,6.1,6.0,High
36.6,1.0,15.1,0.4,51.0,Medium
29.5,70.7,12.4,5.4,26.9,Low
24.5,30.2,2.1,6.5,78.4,Medium
25.6,80.2,9.7,3.2,38.0,Low
40.4,47.7,9.4,6.6,25.0,Medium
28.0,71.4,6.8,4.3,17.2,Low
39.2,43.3,9.8,8.3,5.2,High
40.6,42.0,23.5,9.0,26.8,High
36.3,24.1,18.9,5.1,7.7,High
35.2,43.0,3.4,7.4,92.4,Medium
43.3,23.0,6.2,1.2,10.7,Medium
20.4,49.1,31.2,3.7,15.0,Medium
24.3,48.5,20.9,6.0,23.1,Medium
16.7,42.3,15.8,3.7,20.7,Low
14.5,72.2,61.5,4.2,9.8,Low
27.6,55.9,7.2,2.3,18.8,Low
30.4,24.8,10.5,9.9,69.4,High
32.5,57.5,10.3,2.3,27.7,Low
21.7,65.9,6.5,7.2,23.2,Low
24.3,1.0,28.5,3.6,1.6,High
35.6,21.2,10.7,6.7,25.8,High
14.9,34.7,4.2,3.2,68.6,Low
28.1,27.1,2.2,4.0,5.5,Medium
39.8,59.0,25.8,6.1,18.1,Medium
25.6,25.5,9.2,6.7,16.8,Medium
24.2,23.1,45.5,7.5,63.2,High
39.2,50.3,22.3,5.1,9.2,High
15.3,39.9,2.2,8.0,10.2,Medium
20.8,69.7,20.1,5.7,4.5,Low
21.1,53.2,36.3,4.6,21.4,High
34.2,100.0,16.9,7.4,62.4,Medium
13.6,21.0,5.9,5.3,17.6,Medium
39.1,11.4,23.6,5.7,11.8,High
27.8,75.3,5.8,2.2,72.2,Low
37.4,100.0,16.8,3.2,13.7,Low
39.2,40.1,3.9,6.1,24.3,High
20.9,38.0,23.2,2.5,15.2,Medium
28.2,47.8,16.4,5.1,42.8,Medium
25.9,26.2,26.6,0.0,31.9,Low
27.4,2.2,16.8,10.0,9.2,High
22.9,50.3,8.7,6.9,41.2,Medium
38.0,45.2,13.2,3.7,20.8,Medium
26.3,14.6,2.6,9.2,54.5,High
25.0,31.4,20.7,2.5,26.1,Medium
38.1,14.1,14.3,3.4,12.4,High
35.5,53.2,18.5,6.4,19.0,High
30.6,44.4,13.0,7.6,14.9,Medium
24.5,48.6,12.5,3.4,35.9,Low
41.2,56.4,33.3,6.3,4.6,High
18.5,69.1,55.5,5.9,18.9,Medium
37.7,48.9,28.7,4.9,3.7,High
33.6,58.5,12.9,3.5,26.4,Low
16.6,85.0,24.8,7.4,39.7,Low
28.7,66.3,23.0,0.0,13.9,Low
16.1,49.8,3.8,5.4,17.8,Low
24.9,48.4,26.2,3.1,30.7,Low
30.5,26.8,5.3,4.7,10.8,High
18.9,30.8,29.6,3.1,14.5,Medium
6.9,42.8,15.4,1.6,6.7,Low
26.9,37.2,13.7,3.2,14.8,Low
29.9,86.5,9.3,3.4,63.1,Low
24.6,53.2,32.4,4.4,55.4,Medium
27.9,51.4,10.7,5.0,11.3,Medium
26.4,70.8,24.6,6.8,18.5,Medium
18.8,49.0,18.2,9.1,40.5,Low
45.5,38.9,17.9,5.2,17.4,High
30.9,50.7,25.4,2.1,10.0,Medium
24.2,53.9,28.4,7.2,39.9,High
20.6,75.8,7.5,5.7,15.2,Low
24.4,15.1,26.0,2.2,20.7,Medium
24.7,28.7,19.5,5.2,17.1,High
28.3,43.4,13.9,6.9,7.0,High
38.3,65.6,12.5,2.6,15.1,Low
20.8,62.3,6.0,3.4,4.5,Low
29.6,47.4,12.7,5.2,19.5,Low
35.2,67.4,5.1,4.2,17.7,Medium
21.9,30.2,10.8,0.7,6.0,Low
21.9,86.4,21.8,10.0,4.8,Medium
14.4,26.6,15.8,3.3,14.9,Low
43.1,7.3,3.6,3.0,74.4,Medium
32.6,58.3,13.8,3.9,6.4,Medium
22.9,13.5,23.1,4.7,26.1,High
22.5,33.8,4.4,5.9,49.1,Medium
18.7,41.9,12.0,2.0,7.5,Low
29.4,54.1,50.8,8.5,3.5,High
24.9,67.3,2.9,1.0,4.1,Low
19.7,15.3,14.6,3.7,58.5,Medium
21.1,20.2,16.9,7.1,11.2,High
34.5,100.0,7.4,6.9,45.8,Medium
24.6,40.4,7.7,0.0,7.9,Low
16.9,8.8,15.6,4.8,25.4,Medium
28.6,22.8,28.4,5.1,8.7,High
21.8,33.4,52.5,5.6,11.3,High
33.8,45.1,4.5,3.3,60.0,Low
41.6,71.2,24.8,4.3,23.6,Medium
10.6,80.9,20.0,6.4,48.3,Low
21.6,26.9,2.4,7.1,8.7,High
29.2,32.5,9.1,1.0,29.4,Low
27.3,48.3,34.6,6.3,8.2,High
39.3,29.0,8.2,6.0,11.0,High
27.8,71.2,26.0,7.3,18.7,Medium
29.8,99.3,25.7,2.6,10.7,Low
31.9,45.5,41.8,6.2,2.6,High
21.9,52.2,4.2,0.0,0.1,Low
32.6,32.1,15.7,4.0,18.6,Medium
31.7,52.4,13.5,4.1,5.5,Medium
28.9,21.7,3.0,5.2,37.1,Medium
10.7,24.1,18.0,7.0,12.6,Medium
21.2,5.0,16.8,1.9,36.7,Medium
29.7,63.0,8.6,8.4,32.0,Medium
27.1,75.6,8.9,0.0,4.7,Low
34.7,67.7,5.3,0.3,15.4,Low
34.8,47.1,46.9,7.6,2.7,High
31.1,38.1,7.3,5.3,34.0,Medium
34.8,43.0,8.9,9.8,14.1,High
32.5,22.6,15.8,7.1,23.0,High
23.3,65.7,23.8,5.0,30.6,Low
27.9,68.1,14.2,3.6,14.4,Low
18.1,21.6,3.3,3.2,114.4,Low
41.4,24.4,14.4,6.0,80.8,High
16.7,15.8,58.3,3.4,10.9,High
9.2,39.4,17.1,5.7,29.0,Low
47.1,44.5,8.8,3.1,28.6,Medium
27.2,46.5,14.3,5.6,46.8,Medium
36.1,15.7,20.1,9.3,20.2,High
34.6,28.9,8.9,6.6,5.3,High
37.4,28.9,27.5,3.7,20.2,High
33.3,61.1,34.6,6.0,31.1,Medium
33.4,23.1,24.2,5.8,2.2,High
6.9,46.2,13.0,5.6,20.5,Low
19.3,29.4,13.2,6.1,16.3,Low
4.3,40.8,1.4,7.5,49.2,Low
20.6,65.8,4.7,8.0,7.0,Medium
23.2,17.7,13.3,5.0,3.9,Medium
27.0,1.0,16.8,1.1,17.5,High
19.5,15.5,6.7,5.2,23.8,High
24.8,54.2,9.0,4.6,21.5,Medium
23.3,18.7,4.2,6.5,17.6,Medium
31.1,29.3,19.5,1.6,33.2,Medium
34.8,55.0,21.1,6.4,6.2,Medium
29.9,62.7,6.6,5.4,34.2,Low
33.7,67.7,27.9,2.3,4.5,Low
29.7,57.2,8.3,0.0,31.8,Low
38.7,20.2,13.6,7.4,21.4,High
44.8,80.3,20.6,2.2,10.3,Medium
6.0,24.3,3.2,0.9,38.3,Low
38.2,31.0,6.2,3.4,26.9,High
16.4,44.9,20.7,8.3,3.6,Medium
29.7,51.1,13.6,5.5,2.4,Medium
30.4,76.6,9.8,6.2,6.5,Low
33.5,31.1,5.8,4.9,94.7,Low
27.5,53.4,4.8,5.8,74.2,Low
28.0,31.2,21.5,4.4,59.7,Low
31.1,80.4,18.8,3.7,4.4,Low
24.9,54.4,14.2,3.2,11.3,Low
10.9,73.4,25.7,4.1,94.6,Low
28.0,19.6,5.0,10.0,15.1,High
21.3,32.7,7.7,6.6,23.1,Medium
20.5,50.5,13.1,2.6,7.5,Low
19.6,73.7,14.1,1.3,32.4,Low
10.3,66.8,17.4,4.7,7.8,Low
24.4,78.0,34.0,0.2,0.7,Low
28.0,74.5,10.6,7.5,21.3,Low
34.9,62.1,14.4,0.0,15.4,Low
22.7,48.4,16.1,4.1,38.0,Low
42.2,20.5,5.3,0.0,34.0,High
33.3,1.0,5.6,6.3,12.0,High
17.9,47.7,16.0,2.9,13.9,Low
23.6,62.7,15.6,7.0,58.3,Low
46.2,1.0,23.3,0.0,14.9,High
34.8,19.2,11.4,8.2,3.2,High
23.3,22.6,15.3,6.0,10.7,High
36.0,40.9,20.9,4.9,25.1,High
16.6,47.3,42.8,2.6,32.6,Low
23.0,68.8,6.1,4.1,13.0,Low
7.0,16.1,16.1,7.0,7.8,Medium
33.4,52.6,31.4,2.7,24.5,Low
17.5,14.5,10.0,4.7,25.5,Medium
27.3,63.4,24.3,4.2,26.0,Medium
14.1,34.4,34.9,5.5,20.9,Medium
29.8,18.3,21.3,1.1,25.5,Medium
27.3,30.2,10.8,9.1,32.6,High
14.7,20.5,25.5,7.6,25.3,Medium
23.7,47.0,16.1,0.0,10.3,Low
29.2,58.7,34.1,0.0,65.6,Low
32.0,67.7,9.3,8.9,35.1,High
42.2,33.6,7.2,5.2,24.1,High
39.0,75.5,23.4,0.0,26.8,Low
21.7,44.5,7.8,3.6,30.6,Low
21.6,72.8,24.3,4.2,29.0,Low
15.1,41.5,20.7,6.8,12.1,Medium
18.9,39.9,18.7,7.6,10.6,Medium
35.7,57.7,19.6,5.4,29.8,High
13.7,51.8,16.6,4.5,6.3,Low
26.6,32.8,21.1,3.7,37.5,Medium
25.3,70.4,57.9,8.9,33.0,Medium
21.2,24.0,39.0,3.8,56.1,Medium
16.3,57.7,44.4,6.4,40.4,Medium
11.0,56.8,13.0,2.0,13.5,Low
16.4,68.4,38.0,1.5,24.2,Low
27.3,68.9,13.5,5.5,27.9,Low
33.4,41.0,13.1,3.9,16.2,High
42.5,45.7,19.4,1.2,24.3,Medium
31.0,44.2,49.1,4.1,11.8,High
33.3,83.4,12.9,10.0,6.3,High
42.5,59.3,15.2,4.9,17.9,Medium
31.0,68.0,36.8,4.2,19.6,Low
36.8,39.5,10.1,4.2,24.6,Medium
24.6,20.2,15.1,8.4,7.2,High
34.5,24.4,28.0,4.6,26.0,High
29.9,67.3,21.3,5.7,8.3,Medium
25.8,28.9,8.3,7.0,75.6,High
41.9,100.0,16.3,8.7,23.0,Medium
17.2,36.1,10.1,3.0,57.0,Low
20.3,52.7,11.3,2.3,73.9,Low
38.6,52.7,34.7,3.0,17.2,High
36.7,48.9,8.5,6.8,10.9,High
28.1,18.2,28.4,7.1,5.1,High
31.1,50.5,11.2,5.5,11.0,Medium
32.7,50.3,8.5,7.7,41.3,Medium
31.3,38.4,10.3,7.2,12.4,Medium
30.2,85.7,27.2,3.3,8.4,Low
20.4,8.4,10.3,0.8,53.7,Low
39.1,11.8,8.1,3.8,41.7,High
26.2,61.6,2.5,6.5,3.8,Medium
19.1,43.1,4.3,6.4,61.3,Low
29.2,25.6,32.3,0.0,66.3,Medium
31.1,49.3,7.2,0.0,18.3,Low
31.6,66.1,11.3,6.9,16.6,Low
36.8,9.1,10.6,7.0,45.7,High
24.6,60.9,14.1,6.0,4.0,Medium
27.4,52.3,24.1,7.5,3.0,High
20.4,40.0,19.9,5.6,30.9,Medium
30.1,50.4,25.4,1.3,84.5,Low
20.3,50.8,3.9,4.1,11.9,Low
22.7,57.1,20.2,4.8,31.9,Low
36.9,23.3,17.4,3.4,31.9,High
29.2,68.9,34.0,3.4,10.5,Low
40.8,66.8,16.9,4.7,27.9,Medium
38.6,67.5,20.4,2.7,39.1,Low
29.9,7.0,13.0,0.0,27.2,Medium
31.2,70.2,21.5,5.3,5.1,Low
25.9,36.9,17.8,8.5,6.4,Medium
37.4,56.7,16.8,0.0,22.9,Low
31.3,1.4,10.7,5.5,10.6,High
36.2,30.0,13.3,2.2,25.2,High
22.2,63.5,4.2,6.9,31.1,Low
15.8,56.6,4.4,6.1,26.8,Low
32.5,21.2,21.8,7.9,19.9,High
34.3,60.0,9.1,2.6,6.0,Low
28.7,27.0,6.4,5.2,19.7,High
33.2,39.1,10.6,10.0,24.7,High
20.3,19.3,2.1,5.6,36.6,Medium
36.5,52.6,7.2,7.0,18.0,High
38.5,68.9,8.5,8.9,5.6,Medium
37.2,64.5,34.5,2.5,21.6,Low
29.1,25.0,23.0,0.0,22.4,Medium
38.7,44.0,33.4,0.3,3.6,High
17.7,10.4,2.5,1.8,15.6,Low
33.2,75.0,10.0,3.8,19.6,Low
34.4,45.4,26.8,6.4,13.0,High
32.5,59.3,6.2,7.7,16.5,Medium
19.5,49.4,24.4,2.0,5.4,Low
30.1,31.2,2.5,10.0,7.3,High
25.7,32.8,17.2,8.6,35.6,High
10.4,55.0,32.3,3.6,15.2,Low
17.4,81.0,9.9,10.0,13.7,Low
38.5,37.5,19.5,6.7,20.7,High
24.4,70.8,26.5,4.8,8.4,Low
37.5,65.3,14.8,2.4,66.0,Medium
38.3,38.0,9.6,1.9,20.7,Medium
32.9,69.2,18.6,7.6,29.2,Medium
22.5,67.4,4.5,5.3,13.0,Low
36.5,1.0,49.5,6.2,0.9,High
29.9,60.4,30.0,1.8,9.5,Low
28.4,73.2,10.6,6.5,8.9,Low
19.8,19.3,20.7,5.2,4.9,Medium
23.5,16.1,38.8,2.0,19.2,High
19.9,49.6,6.7,1.0,18.5,Low
36.6,79.7,25.5,5.1,84.2,High
41.8,21.1,19.7,6.9,54.0,High
36.3,10.3,45.4,8.0,12.6,High
29.8,35.0,15.8,5.7,23.5,Medium
25.2,32.0,8.3,2.7,13.6,Low
32.3,8.2,3.0,5.1,8.1,High
24.2,32.1,21.1,6.0,15.3,High
27.7,52.7,32.8,2.9,1.5,Medium
20.6,85.8,14.3,3.7,10.0,Low
33.9,57.4,29.0,5.1,12.6,High
34.3,62.7,13.9,5.6,24.8,Medium
36.2,21.1,11.3,1.5,22.0,High
33.0,42.9,2.9,3.5,4.8,Medium
32.4,40.2,9.7,5.4,29.0,High
18.6,52.2,25.3,6.4,35.9,Low
18.2,58.1,16.9,5.4,26.9,Low
31.0,66.0,8.5,5.8,32.4,Low
37.9,45.7,2.6,5.7,33.3,Medium
25.6,33.5,12.4,2.7,48.1,Low
28.1,71.9,8.1,8.9,27.2,High
28.1,61.0,31.8,3.9,37.3,Medium
11.4,58.6,15.3,2.9,21.8,Low
30.2,44.1,22.8,0.9,33.3,Low
23.1,71.8,6.0,3.6,11.8,Low
33.5,17.3,15.8,3.1,22.2,Medium
27.7,64.6,4.7,3.9,21.8,Low
26.4,64.5,6.8,5.9,16.9,Low
26.6,25.2,31.4,8.3,10.3,High
25.1,30.0,15.4,7.3,10.6,High
15.7,16.7,13.7,0.0,26.2,Low
36.6,56.2,20.8,7.8,8.9,High
22.3,1.0,1.0,6.5,28.4,Medium
23.8,49.9,11.5,10.0,27.2,High
28.7,28.2,36.7,3.2,5.5,Medium
18.0,23.3,12.3,2.2,27.7,Medium
23.5,3.7,7.3,7.4,13.4,High
45.2,25.5,18.6,7.1,26.4,High
31.0,76.5,9.5,3.1,95.2,Low
20.3,29.2,12.0,4.3,75.0,Medium
9.3,54.2,8.1,6.3,23.6,Low
37.0,21.0,7.1,6.0,11.4,High
18.9,67.6,5.0,4.9,21.1,Low
23.1,58.3,14.7,5.3,2.5,Low
24.3,40.0,24.1,2.7,16.8,Medium
19.8,50.1,40.4,4.4,41.2,Low
27.3,52.0,13.6,1.1,41.3,Low
23.0,23.0,43.1,5.0,25.6,High
33.5,27.1,20.5,1.2,28.6,Medium
29.3,65.2,31.5,1.9,20.4,Low
40.9,79.0,19.7,10.0,8.5,High
41.1,48.2,6.7,0.0,37.4,Low
19.4,60.2,13.8,7.7,27.1,Low
25.1,71.5,5.2,5.8,6.8,Medium
47.4,37.9,7.1,5.8,1.4,High
17.6,43.3,15.0,2.0,14.0,Low
35.2,60.7,27.9,7.0,26.9,High
32.9,93.0,28.5,0.0,9.6,Low
20.4,61.5,6.4,3.6,26.7,Low
20.8,51.7,15.0,5.1,12.7,Medium
44.6,32.1,52.9,9.7,13.6,High
44.4,43.7,14.9,6.8,12.3,Medium
31.9,60.1,12.9,3.8,7.8,Low
15.5,57.8,2.7,4.2,5.0,Low
39.3,31.8,6.1,6.6,12.0,High
15.5,73.8,4.0,1.6,40.5,Low
34.4,73.8,9.7,8.1,7.2,Medium
13.4,42.6,16.1,4.7,13.4,Low
28.1,51.2,8.7,2.5,10.2,Low
36.0,30.9,9.8,1.1,14.8,Low
2.6,27.2,5.4,0.0,65.9,Low
23.2,52.6,8.2,9.9,6.9,High
29.4,27.8,20.8,0.0,32.2,Medium
24.9,59.3,23.4,6.3,64.8,High
22.0,36.3,45.5,6.2,17.1,High
26.8,68.1,16.1,3.7,9.8,Low
37.3,43.1,17.5,4.7,22.0,Medium
40.3,2.7,3.0,3.9,16.2,High
34.3,36.8,22.7,5.6,13.4,High
42.0,47.4,31.9,3.9,12.3,High
23.2,6.9,16.3,4.2,29.8,Medium
33.4,8.9,4.5,4.8,14.4,High
18.8,40.9,5.8,6.8,6.0,Low
54.4,67.1,12.6,6.7,35.0,High
28.9,58.9,11.7,4.7,21.9,Medium
35.2,44.7,5.2,4.3,26.4,Medium
12.1,26.2,10.2,6.6,13.2,Medium
35.0,25.2,26.8,2.6,7.1,High
29.0,59.3,15.4,1.7,50.1,Low
32.2,49.4,3.4,1.2,21.7,Low
28.1,63.8,30.5,5.7,33.5,High
26.9,71.5,5.4,8.1,6.6,Medium
25.2,35.0,8.5,5.2,7.3,Medium
27.2,54.7,17.1,5.7,19.2,Medium
41.2,57.6,36.1,3.5,46.0,High
24.7,29.7,15.9,5.7,12.2,High
48.3,30.8,8.5,5.4,33.9,High
28.6,60.9,21.2,6.4,8.7,Medium
40.6,45.0,15.9,0.0,8.0,Medium
38.3,25.8,19.7,6.2,9.0,High
13.9,27.0,32.8,6.8,0.9,High
15.8,16.8,11.4,6.7,11.0,Medium
21.9,37.1,3.7,4.7,15.7,Low
14.1,22.4,20.4,9.9,4.9,High
24.3,47.2,22.9,7.6,11.2,Medium
28.3,95.2,9.5,9.1,9.7,Low
33.8,55.1,25.6,6.3,6.6,Medium
29.6,68.5,28.6,5.0,36.1,Medium
28.0,53.8,2.0,6.7,6.0,Low
37.2,8.7,12.4,3.2,8.8,Medium
36.0,47.8,4.1,7.3,0.8,Medium
45.2,30.0,13.3,3.7,6.3,High
29.7,26.9,13.5,3.4,11.5,Medium
6.3,40.0,2.5,1.3,23.9,Low
31.8,58.9,19.4,7.8,39.1,High
48.4,38.3,11.9,10.0,27.8,High
37.2,63.9,8.1,8.8,1.3,Medium
39.3,49.0,25.6,7.5,16.3,High
28.9,52.0,4.1,7.6,22.9,Medium
36.2,43.7,37.6,7.5,38.6,High
39.8,73.3,34.4,4.6,0.8,High
25.0,29.6,19.4,3.9,30.7,Medium
23.5,30.8,8.4,2.3,6.3,Low
32.1,38.0,13.0,10.0,6.2,High
36.7,56.1,2.7,4.4,18.1,Medium
3.2,59.0,14.6,5.4,8.0,Low
26.2,32.7,13.0,1.9,38.9,Medium
10.4,64.7,32.8,2.8,40.9,Low
26.9,23.4,22.4,2.2,47.4,Medium
43.2,60.7,15.6,4.0,26.9,High
22.4,52.9,26.4,6.8,19.0,Medium
25.4,45.4,8.7,6.3,20.6,Medium
34.0,55.4,14.3,6.7,33.8,High
36.9,42.4,4.0,5.0,71.1,Medium
36.6,50.6,10.8,7.1,59.8,Medium
28.3,97.9,25.6,4.6,11.1,Low
33.1,64.7,3.9,6.3,13.6,Medium
32.7,33.1,10.0,3.9,29.4,High
21.7,38.3,11.3,8.1,103.2,Low
12.2,71.6,23.8,2.5,5.6,Medium
19.9,36.3,6.3,8.2,14.3,Medium
40.9,82.4,8.3,6.0,8.6,Medium
47.9,61.8,16.3,9.2,48.8,High
27.2,15.2,23.6,3.2,7.6,High
40.6,64.1,17.6,4.4,4.1,Medium
25.3,1.0,6.7,4.3,10.7,High
31.1,37.3,6.5,2.6,9.9,Low
22.5,63.8,20.3,10.0,34.6,Medium
37.1,3.9,21.8,3.0,1.0,High
22.3,89.6,25.8,2.4,42.3,Low
20.0,66.3,41.1,9.1,41.9,Medium
28.4,23.5,11.9,7.1,6.7,High
35.4,78.4,15.9,4.5,3.4,Medium
29.5,3.0,18.3,0.0,14.7,High
23.8,22.8,9.9,9.8,3.0,High
19.9,13.9,4.9,10.0,30.8,High
12.8,1.6,32.3,6.7,0.7,High
23.9,37.7,14.1,6.5,14.9,Medium
26.6,49.2,11.6,5.6,12.8,Medium
33.0,48.5,11.7,3.8,17.5,Medium
17.5,47.9,9.1,8.4,56.6,Medium
34.0,46.2,18.1,3.9,11.0,Medium
22.7,19.0,35.9,6.6,35.8,High
23.4,33.9,20.4,5.6,11.6,Medium
39.2,1.0,28.8,5.0,16.0,High
5.7,68.8,10.9,2.6,23.7,Low
17.0,47.1,15.8,1.7,21.8,Low
28.4,46.5,23.8,6.4,2.6,High
28.0,62.1,26.5,3.8,113.0,Low
12.7,63.7,32.4,5.4,57.3,Low
23.6,37.1,22.1,5.6,4.2,Medium
36.6,42.4,7.5,5.9,10.1,Medium
17.5,79.5,10.0,4.7,29.3,Low
37.7,32.1,10.8,6.8,57.2,High
21.6,79.3,19.0,4.8,13.8,Low
11.1,37.3,24.1,4.3,12.0,Low
35.4,3.0,15.2,7.1,17.4,High
30.3,47.0,68.0,5.1,5.7,High
14.8,37.1,7.9,5.7,20.1,Medium
23.1,15.3,19.6,7.6,16.8,High
43.5,43.2,27.4,6.2,3.3,High
33.9,34.3,25.7,7.6,26.5,High
38.0,86.2,18.2,0.6,40.6,Low
17.8,66.3,12.2,10.0,21.8,Low
39.0,23.9,12.9,7.0,9.4,High
15.2,28.7,5.7,6.7,7.2,Low
15.5,67.0,13.5,4.6,48.0,Low
35.5,71.7,3.5,0.8,54.1,Low
16.0,37.7,16.7,7.0,35.9,Medium
41.7,34.4,27.2,8.1,15.7,High
16.7,42.2,46.1,0.2,7.3,Medium
19.3,51.4,25.2,7.5,5.9,Medium
38.4,61.0,36.6,9.3,26.1,High
22.4,62.1,26.7,9.2,22.1,Medium
35.2,21.8,4.4,6.5,21.1,High
18.0,37.1,17.0,4.8,2.9,Medium
25.5,1.0,5.6,7.7,70.1,High
34.7,44.5,47.1,6.2,54.3,High
20.4,14.5,12.2,6.0,14.3,High
37.2,28.9,2.6,3.5,27.1,Medium
24.8,69.3,3.6,0.5,2.1,Low
29.1,53.6,20.8,7.4,3.0,High
19.0,52.7,10.1,4.1,33.7,Low
21.1,45.1,21.3,2.3,14.9,Low
20.4,75.9,46.3,1.9,23.6,Low
22.5,31.2,12.9,4.5,13.0,Low
41.9,48.6,5.2,1.6,23.5,Low
38.1,47.4,51.7,8.0,64.8,High
32.1,37.3,55.6,6.5,22.9,High
22.1,92.0,13.3,8.1,61.8,Low
20.4,18.1,13.0,2.1,8.1,Medium
19.3,4.3,29.3,1.1,14.9,Medium
25.3,47.4,7.4,9.9,7.9,Medium
30.5,31.7,48.0,2.8,49.1,High
33.5,1.0,36.9,5.3,7.9,High
28.1,53.3,26.7,2.9,45.4,Low
33.1,50.3,26.9,2.7,70.6,Medium
36.4,69.7,13.2,6.7,8.2,High
24.7,32.8,9.7,4.6,17.7,Medium
37.9,4.1,15.3,8.7,0.7,High
19.1,24.4,10.4,0.0,10.8,Low
33.3,2.7,38.4,5.0,32.3,High
28.3,77.9,15.1,3.6,24.8,Low
29.6,67.1,21.7,4.3,15.7,Medium
24.7,73.2,2.6,4.5,44.7,Low
39.2,59.7,40.8,6.8,8.7,High
22.6,14.2,5.2,4.5,8.2,Medium
40.5,36.1,22.7,4.5,2.9,High
40.5,62.4,11.8,9.9,20.7,High
32.1,7.6,29.3,1.6,34.8,High
25.2,54.7,23.4,2.0,13.4,Low
20.5,62.1,5.8,10.0,26.4,Medium
10.1,94.8,26.0,9.8,31.3,Low
32.9,66.0,6.6,0.0,14.9,Low
18.0,55.5,8.9,10.0,39.6,Medium
19.3,45.6,4.1,6.6,9.8,Low
33.0,57.0,14.9,3.0,20.7,Low
24.1,58.4,11.3,5.0,63.3,Low
30.0,1.0,35.9,3.8,25.5,High
32.1,49.7,52.2,5.0,24.7,High
42.4,1.0,14.5,3.8,33.2,High
29.8,1.0,44.6,1.7,26.1,High
23.1,45.9,8.6,1.3,44.1,Low
27.3,55.5,18.5,5.6,12.3,Medium
22.8,15.8,22.3,2.8,14.8,Medium
44.9,69.1,24.4,1.0,19.9,Low
31.4,78.4,14.9,6.5,18.7,Low
33.3,62.7,43.2,6.5,17.3,High
40.2,44.4,13.0,6.5,30.2,High
20.4,51.7,1.7,5.2,11.5,Low
15.2,47.5,17.7,2.5,8.5,Low
27.8,49.7,17.7,8.4,29.2,High
15.2,22.5,4.5,7.5,13.9,Medium
24.3,36.8,17.3,10.0,22.4,High
8.4,46.3,10.1,8.5,126.4,Low
15.8,52.4,4.7,5.9,108.5,Low
39.0,58.0,7.6,9.9,63.7,High
31.6,23.0,8.5,5.2,42.4,High
44.2,41.2,18.8,5.2,84.1,Medium
27.7,39.1,8.9,4.9,20.7,Medium
27.4,88.1,11.7,3.6,17.0,Low
29.9,50.5,9.1,10.0,57.6,High
60.3,59.8,24.5,2.7,4.7,High
37.5,66.9,24.6,0.4,18.0,Low
20.4,63.8,5.7,3.7,2.1,Low
31.7,1.0,7.9,6.0,31.0,High
29.4,41.1,4.2,3.5,17.7,Medium
34.5,59.9,4.7,4.0,37.3,Low
44.9,47.9,20.2,0.0,84.0,Low
33.3,8.3,10.6,1.5,8.3,Medium
24.7,22.0,22.8,1.3,16.4,Low
44.8,25.5,14.6,7.3,1.5,High
16.2,52.2,15.3,1.1,32.7,Low
25.6,50.2,8.0,3.2,10.2,Low
36.1,78.5,16.2,4.5,14.8,Medium
20.9,45.3,44.7,2.0,35.6,Medium
27.5,49.5,10.5,5.8,44.9,Medium
21.7,15.6,38.7,6.3,15.0,High
27.7,41.6,26.3,9.1,9.6,High
21.7,95.0,33.7,5.0,12.8,Low
28.7,52.5,6.4,0.0,9.1,Low
25.0,32.7,2.0,3.4,11.0,Low
39.9,54.1,11.3,4.2,25.9,Low
31.5,67.9,28.2,8.6,26.3,High
34.6,56.0,2.6,4.4,38.5,Low
29.3,63.3,11.2,6.1,21.0,Medium
24.1,66.1,13.6,4.2,18.3,Low
31.0,48.4,15.2,6.5,0.4,High
29.8,52.2,84.3,3.2,12.7,High
6.2,31.8,35.8,0.3,36.4,Low
28.3,31.6,5.8,0.0,13.7,Low
34.0,43.2,7.0,6.4,14.6,Medium
21.6,15.9,6.5,5.9,9.0,High
35.8,53.1,20.9,6.1,41.9,High
31.2,27.5,19.6,5.3,26.4,Medium
24.4,48.9,20.3,0.0,18.5,Low
32.9,56.4,38.2,3.2,56.2,Medium
24.7,16.0,14.8,4.7,6.7,Medium
30.5,54.0,3.6,3.0,25.5,Low
25.7,1.0,44.1,6.6,24.0,High
32.9,58.0,22.9,4.6,29.0,Medium
40.1,58.3,10.2,6.8,22.8,High
24.1,59.7,23.5,8.2,16.4,Medium
36.1,52.6,18.9,6.2,1.9,High
25.3,33.6,4.8,5.5,1.0,High
25.4,34.4,9.8,1.3,3.0,Medium
24.4,31.4,7.1,5.2,19.3,High
12.8,67.7,38.3,0.5,7.4,Low
32.5,82.2,22.0,1.6,7.0,Low
30.6,46.9,31.4,5.8,48.3,High
29.5,23.3,3.7,1.5,25.5,Medium
42.0,38.9,12.6,10.0,27.6,High
43.0,66.5,4.6,7.6,14.8,High
39.8,57.2,22.4,5.1,2.8,High
25.9,45.7,7.9,0.0,18.6,Low
25.4,39.2,12.5,0.0,8.9,Low
18.8,7.9,8.5,10.0,25.7,High
28.6,40.3,53.8,3.5,13.9,High
28.1,36.5,4.8,8.3,35.2,High
32.8,35.7,5.5,3.5,10.0,Low
18.4,51.2,15.5,2.2,3.1,Low
24.6,83.5,10.4,2.0,89.1,Low
12.7,45.4,7.9,0.7,22.9,Low
21.6,58.2,10.8,6.6,47.5,Low
36.0,43.7,25.8,6.1,47.4,High
18.1,43.7,12.5,3.5,53.2,Low
43.7,70.1,4.5,0.0,16.7,Low
37.1,53.2,11.4,4.3,1.8,Low
32.5,62.1,20.2,6.6,18.9,Medium
40.0,72.3,16.6,10.0,51.1,High
26.9,53.0,6.7,7.9,6.6,Medium
21.4,50.4,6.3,5.5,29.4,Low
27.1,61.2,6.0,2.6,42.4,Low
12.5,30.7,38.3,8.5,17.0,High
38.7,31.1,11.3,5.3,13.4,Medium
24.9,28.3,29.0,5.4,19.7,High
21.2,34.2,13.9,8.3,11.8,High
22.2,18.9,31.3,4.3,14.0,High
28.1,8.6,17.1,7.5,20.3,High
29.1,26.9,18.1,1.6,42.8,Medium
26.7,1.0,19.0,3.0,15.9,High
26.6,51.2,12.8,6.3,56.9,Low
32.9,47.2,14.3,4.8,21.5,Medium
18.1,61.3,17.1,4.3,25.9,Low
30.0,24.5,42.6,1.7,9.1,Medium
25.1,56.0,28.2,7.7,19.1,Medium
10.0,27.2,29.7,0.4,8.3,Low
18.3,62.0,18.6,7.5,16.6,Medium
20.9,4.9,40.4,5.1,17.7,High
43.0,39.8,15.1,5.2,12.5,High
32.1,36.2,5.2,4.9,56.2,High
30.4,62.5,20.5,2.6,24.3,Low
23.6,62.2,6.0,4.9,34.8,Low
23.4,71.8,17.3,6.0,7.8,Medium
17.4,1.0,44.5,6.2,3.2,High
25.1,77.9,6.6,4.7,29.6,Low
40.4,24.6,37.1,4.7,8.5,High
16.1,82.6,14.8,4.7,42.7,Low
22.7,93.9,9.3,4.3,22.7,Low
36.3,71.2,5.3,0.1,18.7,Low
36.3,26.1,6.5,3.5,22.5,Medium
21.5,17.6,11.5,2.1,18.7,Medium
38.5,29.5,10.3,4.5,47.0,High
24.1,57.6,17.3,2.4,13.1,Low
17.7,21.6,10.7,6.0,15.6,Medium
41.5,4.1,5.2,8.3,29.7,High
28.8,68.8,7.0,4.1,16.4,Low
26.5,31.8,15.9,5.8,16.5,High
29.6,65.1,6.3,3.7,6.2,Low
19.3,62.0,1.1,4.7,25.2,Medium
22.9,49.3,4.4,8.8,12.6,Medium
40.9,63.5,8.3,0.7,57.5,Low
44.7,77.6,7.4,3.1,2.3,Low
18.0,61.8,16.7,5.3,16.0,Low
24.5,62.4,15.8,4.5,5.0,Low
28.0,53.5,30.8,3.9,168.9,Low
29.8,35.5,7.6,1.7,25.1,Low
19.4,51.8,42.4,6.2,11.5,Medium
33.9,49.6,13.1,4.7,3.0,Medium
34.5,55.8,8.4,6.8,6.4,Medium
35.7,52.3,22.2,7.9,38.5,Medium
34.8,34.9,8.4,4.9,41.7,Medium
28.7,70.1,22.1,8.7,12.9,High
36.9,33.4,3.2,7.9,14.8,High
32.9,53.7,28.5,3.8,2.4,Medium
14.6,56.3,28.7,9.1,19.8,Medium
14.7,21.9,11.7,6.8,58.4,Low
30.8,79.4,12.9,8.6,55.0,Low
39.6,44.1,47.2,0.0,57.5,Medium
32.0,23.1,9.0,6.9,32.7,Medium
33.3,45.0,15.0,5.9,25.2,High
18.5,23.6,3.2,2.7,12.2,Low
28.6,32.2,13.6,0.8,25.6,Medium
38.3,31.8,8.8,4.6,49.3,High
32.0,42.0,15.9,5.1,18.7,High
28.9,75.0,17.3,3.4,12.9,Low
33.3,47.3,23.9,2.9,25.7,High
30.0,48.6,25.6,3.5,64.4,Medium
38.6,34.5,16.2,3.1,13.9,High
30.0,51.2,15.0,7.6,24.5,High
27.7,44.3,16.8,2.8,18.9,Low
18.6,43.2,13.1,0.4,8.7,Low
38.9,60.6,29.0,7.2,10.1,High
19.5,24.3,38.7,7.6,17.1,High
30.1,72.9,29.8,4.7,10.4,Medium
35.2,1.0,22.2,1.8,23.3,High
44.1,43.0,12.5,0.0,16.8,Medium
30.0,74.9,32.7,5.1,9.2,High
40.5,71.5,8.7,6.4,33.4,Medium
28.2,48.5,6.7,2.7,55.5,Low
23.0,27.2,4.2,7.2,1.6,Medium
52.9,42.1,58.8,1.0,13.4,High
17.0,100.0,33.7,5.2,12.1,Low
54.3,60.6,18.6,0.0,21.8,Medium
42.7,7.6,8.9,2.3,17.6,High
22.8,46.8,6.4,0.1,11.8,Low
33.8,31.8,12.7,6.6,49.7,Medium
15.4,17.1,3.2,6.0,24.5,Medium
33.3,55.6,11.6,10.0,3.2,High
30.9,23.7,44.3,5.5,26.1,High
35.8,79.1,17.4,3.8,12.9,Low
24.4,74.5,27.7,2.1,50.5,Low
29.4,28.9,17.6,7.8,12.6,High
32.3,27.6,19.3,10.0,14.0,High
23.6,59.8,16.8,7.8,6.1,Medium
40.7,67.4,22.9,5.6,12.3,Medium
29.2,39.5,17.3,5.2,22.5,Medium
31.1,66.5,15.1,0.4,10.1,Low
20.5,81.6,40.7,7.5,4.3,Low
13.1,52.3,8.6,3.0,15.1,Low
15.9,22.4,14.9,1.6,20.5,Medium
33.4,62.3,20.6,4.5,1.2,Medium
20.9,48.2,14.3,2.8,12.0,Low
34.6,37.9,14.8,2.4,20.5,Medium
42.9,61.5,14.7,3.6,8.3,High
34.9,71.6,52.9,0.0,52.3,Low
31.8,49.1,21.2,4.3,64.8,Low
33.9,1.0,30.5,5.7,20.9,High
37.9,47.6,7.5,2.2,43.6,Low
30.8,50.0,2.0,8.8,8.0,Medium
34.0,100.0,11.6,3.4,10.2,Low
22.9,47.9,13.4,2.0,4.3,Low
19.2,41.2,28.5,7.3,19.7,Medium
23.4,60.2,6.2,5.2,9.8,Low
25.1,38.4,21.4,8.8,44.2,High
24.7,29.9,8.7,9.5,39.3,High
38.3,9.9,3.8,1.1,16.9,Medium
3.6,31.9,10.0,10.0,28.0,High
26.1,3.0,17.1,0.0,14.1,Medium
34.7,51.2,13.0,1.4,9.6,Low
34.4,49.7,23.0,1.3,10.8,Low
20.6,60.3,13.1,8.8,26.5,Medium
43.6,22.3,7.5,6.5,11.1,High
15.5,13.3,24.3,5.8,28.4,Medium
24.9,90.3,17.3,0.0,17.0,Low
25.2,43.3,20.7,4.9,23.0,High
25.1,60.4,13.0,10.0,12.4,Medium
40.2,47.9,19.5,6.4,0.9,High
28.1,61.4,15.2,4.1,49.7,Low
30.9,50.0,13.8,8.0,12.8,High
35.9,27.4,4.6,5.4,17.1,High
22.2,56.9,10.5,3.6,23.0,Low
26.6,51.7,14.8,3.1,21.3,Medium
43.1,8.0,24.0,6.5,2.8,High
31.4,51.5,49.0,4.2,51.4,Medium
18.1,36.5,40.0,5.5,26.7,Medium
20.3,30.3,13.0,0.0,11.1,Low
36.0,66.5,8.1,4.7,27.8,High
17.8,43.4,29.3,2.0,19.7,Medium
23.7,44.1,15.0,7.9,12.5,High
29.8,47.0,30.3,2.0,8.7,Medium
28.1,44.3,8.8,2.9,25.8,Low
41.3,42.8,13.9,1.2,29.8,Medium
5.9,77.0,8.2,7.3,51.8,Low
32.3,29.9,11.1,6.4,24.2,High
25.5,6.8,7.3,1.9,44.5,Medium
39.9,46.0,12.8,2.4,76.8,Low
25.9,24.3,5.2,7.2,3.6,High
26.1,20.9,3.3,10.0,31.3,High
28.0,44.7,17.7,6.3,39.7,Medium
22.0,51.0,8.9,8.2,6.2,Medium
22.7,41.2,37.7,4.3,16.1,Medium
26.7,35.0,16.2,2.0,9.3,Medium
42.8,40.6,24.5,4.5,21.2,High
23.6,43.9,34.4,8.0,8.5,High
21.8,44.9,25.9,3.4,14.4,Medium
24.4,5.6,29.9,4.0,8.6,High
28.0,64.2,41.3,10.0,1.9,High
44.1,12.9,10.3,9.9,16.4,High
21.1,30.2,10.6,5.4,73.5,Low
50.5,10.8,31.0,8.3,25.5,High
32.1,48.7,3.8,1.7,15.1,Low
19.0,29.4,34.3,6.9,45.3,High
23.1,41.0,18.9,5.3,13.0,Medium
10.6,28.7,12.7,6.2,12.1,Medium
29.0,21.8,38.2,1.2,26.1,Medium
37.5,1.0,26.2,0.7,20.1,High
28.3,32.0,16.7,3.4,24.9,Medium
35.2,18.4,10.2,1.2,46.9,High
31.9,56.4,24.6,2.3,38.8,Medium
38.9,90.8,5.6,10.0,42.8,Medium
19.2,85.3,15.6,8.4,40.4,Low
35.9,43.2,25.5,6.0,66.5,Medium
45.0,27.6,27.2,6.3,18.8,High
51.1,2.1,6.4,6.2,78.2,High
40.8,35.8,10.6,4.5,67.0,High
29.5,24.9,42.8,5.9,15.3,High
19.3,28.8,6.2,7.7,50.5,Medium
20.7,9.1,34.9,4.4,36.6,High
26.4,60.5,13.8,9.0,1.2,Medium
44.7,56.2,11.9,4.3,18.5,Medium
23.2,24.9,28.2,2.2,6.6,Medium
29.6,63.8,22.9,5.7,21.0,Medium
36.5,46.3,5.6,4.5,10.8,High
-1.6,56.7,46.3,4.3,38.5,Low
18.4,62.0,4.2,7.5,14.9,Low
45.6,53.0,13.3,4.0,8.4,Medium
37.4,26.9,15.3,2.4,18.7,High
37.4,68.1,18.4,3.9,38.3,Medium
19.5,62.0,6.1,2.9,42.0,Low
41.1,62.3,24.0,2.9,11.4,High
20.6,15.8,13.7,7.7,18.9,High
28.8,12.7,1.8,2.1,41.0,Medium
34.3,78.3,5.5,5.3,7.5,Medium
35.5,31.0,0.9,4.1,7.6,High
32.4,50.6,18.9,4.7,0.3,Medium
26.2,71.5,5.0,0.0,4.2,Low
11.4,80.9,2.3,6.8,4.2,Low
28.7,57.6,16.1,4.2,16.9,Low
8.5,33.5,42.2,7.7,23.5,High
33.1,38.7,11.7,6.1,25.8,High
19.2,53.2,8.1,5.1,42.5,Low
26.6,48.8,5.4,5.0,28.9,Medium
23.4,29.2,37.9,10.0,9.9,High
33.1,1.0,40.1,2.8,26.0,High
20.9,28.8,4.9,5.8,26.4,Medium
30.3,40.3,32.1,5.7,25.2,High
29.7,44.8,19.2,0.5,5.6,Medium
28.6,82.5,10.5,4.8,23.3,Low
31.5,68.5,14.1,0.6,6.6,Low
17.2,34.8,24.4,4.8,13.2,Medium
17.5,56.1,15.2,0.5,32.8,Low
40.9,1.0,24.4,6.1,31.8,High
14.1,72.0,58.4,1.5,42.1,Low
47.5,34.1,8.4,5.0,4.4,High
26.8,49.1,6.5,0.5,52.0,Low
20.3,45.7,14.7,6.3,23.5,Low
35.8,67.6,7.5,4.8,11.6,Medium
22.9,37.3,5.5,4.5,9.6,Low
31.0,63.1,7.0,5.4,3.0,Low
39.2,53.0,14.1,6.5,1.5,High
34.4,47.7,39.7,2.6,4.5,High
31.8,42.6,35.2,5.0,13.6,Medium
33.9,33.8,6.9,3.7,40.2,Medium
28.4,41.4,11.5,8.6,13.1,High
35.3,36.6,26.9,3.9,77.6,High
18.3,54.2,14.0,2.7,16.5,Low
41.1,20.0,11.7,0.8,1.4,High
26.6,46.6,41.3,4.3,58.4,Medium
29.6,78.4,8.3,3.1,35.2,Low
25.2,35.3,24.3,6.0,19.6,High
33.5,54.6,10.9,5.6,2.5,Medium
37.5,1.0,47.2,6.5,16.4,High
19.1,10.2,0.7,1.5,34.3,Low
27.4,42.1,14.1,0.0,44.3,Low
29.5,43.3,8.5,5.0,9.8,Medium
31.9,45.9,5.2,7.3,45.3,Medium
25.4,93.2,27.5,3.9,5.8,Low
24.1,32.2,22.0,10.0,35.9,High
36.0,46.9,13.4,4.7,15.0,Medium
32.6,29.2,32.4,2.9,16.1,High
29.9,61.2,10.9,6.2,16.0,Medium
39.2,19.7,7.5,8.9,34.2,High
16.0,29.6,13.9,4.9,15.8,Medium
35.2,25.2,8.3,7.1,49.9,High
31.4,63.1,4.9,3.8,8.7,Low
14.9,47.8,7.2,3.9,5.9,Low
38.5,51.2,8.1,8.1,35.8,High
33.3,40.7,6.6,0.0,26.7,Medium
34.5,71.6,9.4,2.1,4.4,Low
25.3,41.6,15.4,6.6,4.8,Medium
34.9,88.2,8.1,4.0,9.7,Low
21.4,72.9,7.5,5.8,1.9,Low
15.9,12.5,15.2,6.5,10.9,High
27.9,59.0,12.9,1.3,4.1,Low
34.1,72.9,22.3,1.3,29.0,Low
37.1,36.0,12.2,8.2,26.2,High
29.4,54.1,6.9,3.9,68.6,Medium
28.7,12.5,64.0,3.1,5.9,High
37.1,23.1,13.3,6.0,16.2,High
25.0,39.5,16.6,7.7,0.8,High
22.9,15.2,19.5,7.2,34.2,High
42.6,46.2,16.8,6.3,15.9,High
25.5,59.3,9.7,8.2,11.6,Medium
36.2,24.8,28.3,6.4,29.3,High
